description,merchant,amount,category
K-Electric Bill Payment - REF 80450869,Telecom 7981,3901,Utilities & Services
OGT/df54d502-972d-4a2a- 8c40-ead3c69d PK,External Transfer,1500,Transfers
Challan Payment - REF 97923703,Government 8567,40060,Government & Legal
Careem Ride - Lahore,Ride-hailing 8216,2397,Transportation
RAAST P2P SUFYAN HUMAM MUS,Sufyan Humam Mus,60,Transfers
Cinema Ticket - Cinepax - Multan,Streaming Service 4108,960,Entertainment & Recreation
Donation - Saylani - REF 96544669,Charity 1044,45582,Charity & Donations
POS Transaction - Peshawar - REF 43686509,Bank 7146,1273,Financial Services
Salary Credit - Payroll - REF 77657213,Employer Payroll 9424,238795,Income
Tea & Snacks - F-10 Faisalabad,Marketplace 352,14116,Coffee & Snacks
POS Transaction - Karachi - REF 23879399,Local Shop 508,8201,Car Maintenance
Bill Payment - REF 83794324,Online Merchant 931,49485,Housing / Rent
Charity Payment - Akhuwat - REF 47499863,Charity 9304,81810,Charity & Donations
Maintenance Charges - Defence Rawalpindi - REF 75022979,Online Merchant 973,25015,Housing / Rent
SNGPL Bill Payment - REF 98858062,Water Utility 4724,1875,Utilities & Services
POS Transaction - Islamabad - REF 61651314,Loan Provider 8461,40292,Financial Services
OGT/6f01b185-5af0-43af- b347-14a663c7 PK,External Transfer,950,Transfers
Jazz Prepaid Load - 03012386183,Marketplace 826,42345,Mobile & Internet
POS Purchase - Metro - Rawalpindi,Electronics Store 7936,39744,Shopping & Retail
OGT/55f902c0-3f20-40a0- a581-706b1dce PK,External Transfer,200,Transfers
Bonus Credit - REF 11586324,Client Payment 6978,79709,Income
ICT/b1e2b516-f0ed-41b9- 9f9a-17359c09 PK,External Transfer,240,Transfers
Bus Ticket - Quetta - REF 17701915,Marketplace 863,18977,Public Transport
POS Transaction - Rawalpindi - REF 53183721,Bank 3448,851,Financial Services
Gift Purchase - Lahore - REF 26677754,Marketplace 469,36693,Gifts & Celebrations
Pizza Hut - F-10 Multan,Service Provider 545,44192,Coffee & Snacks
Charity Payment - Alkhidmat - REF 81816032,Charity 8333,6629,Charity & Donations
Salary Credit - Company Payroll - REF 58938965,Client Payment 5101,14568,Income
Monthly Subscription - Foodpanda Pro - REF 27303803,Online Merchant 957,5352,Subscriptions (Streaming / Apps)
Netflix.com Los Gatos SGP,Netflix,268.47,Subscriptions
Internet Bill - StormFiber - REF 50396525,Telecom 4625,3851,Utilities & Services
Raast Payment - YAHYA KHAN - SBP Raast,Yahya Khan,130,Transfers
Online Order - Telemart - REF 90182949,Retail Store 8670,4223,Shopping & Retail
Grocery Purchase - Al-Fatah - Islamabad,Marketplace 238,14482,Restaurants / Eating Out
Money Transfer - ABDUR RASHEED - 03345005977,Abdur Rasheed,520,Transfers
Grocery Purchase - Al-Fatah - Sialkot,Marketplace 445,17095,Restaurants / Eating Out
Electronics Purchase - Haier - Lahore,Retail Store 5810,4328,Shopping & Retail
inDrive Ride - Faisalabad,Local Shop 200,35572,Fuel / Gas
Toll Payment - M-2 - REF 40328133,Generic Store 607,20561,Ride Sharing / Taxi
Travel Booking - PIA - REF 51537800,Online Merchant 458,43236,Travel (Flights / Hotels)
POS Transaction - Sialkot - REF 86698767,Bank 1872,1265,Financial Services
Hospital Charges - Aga Khan - REF 36846557,Clinic 9925,4527,Healthcare & Medical
Freelance Payment - Fiverr - REF 39937122,Employer Bonus 9246,68730,Income
Donation - Saylani - REF 91138530,Charity 8872,19592,Charity & Donations
Passport Fee - REF 43461995,Legal Service 7802,67349,Government & Legal
Fuel Purchase - PSO - Lahore,Auto Service 5468,37268,Transportation
Tax Payment - FBR - REF 59435979,Government 7171,44036,Government & Legal
Traffic Fine - REF 22165536,Government 2029,8232,Government & Legal
RAAST P2P BABU AKHLAQ TUCK,Babu Akhlaq Tuck,110,Transfers
Gas Bill Payment - SNGPL - REF 93737353,Generic Store 750,26673,Mobile & Internet
OGT/5634c8c7-d1c0-4906- 9f05-fb18e894 PK,External Transfer,130,Transfers
POS Transaction - Quetta - REF 55283863,Bank 9219,1446,Financial Services
OGT/3c1333a3-785f-4fa7- b153-0795bba6 PK,External Transfer,650,Transfers
Tea & Snacks - Clifton Islamabad,Cafe 4882,416,Food & Dining
ICT/4668850f-2e9b-40b6- 97c2-2118b301 PK,External Transfer,100,Transfers
RAAST P2P MUHAMMAD ZUBAIR,Muhammad Zubair,300,Transfers
Online Order - Telemart - REF 22231897,Local Shop 228,12426,Shopping (Clothes / Electronics)
Toll Payment - M-2 - REF 71700432,Online Merchant 768,46408,Ride Sharing / Taxi
Recreation Expense - Saddar Rawalpindi - REF 42015437,Cinema 4015,2704,Entertainment & Recreation
Al-Rehman Biryani - I-8 Karachi,Delivery Service 2042,537,Food & Dining
Chai Shai - Gulshan Rawalpindi,Restaurant 9180,10724,Food & Dining
POS Transaction - Hyderabad - REF 55313843,Bank 6780,1572,Financial Services
Online Order - Daraz.pk - REF 50036450,E-commerce 6050,14136,Shopping & Retail
Toll Payment - M-2 - REF 47689147,Ride-hailing 1386,1720,Transportation
Charity Payment - Akhuwat - REF 40940205,Fundraiser 9494,36706,Charity & Donations
Gas Bill Payment - SNGPL - REF 84399445,Telecom 9365,3082,Utilities & Services
Donation - Edhi Foundation - REF 76459926,Charity 3201,45723,Charity & Donations
Bus Ticket - Multan - REF 50980067,Ride-hailing 1361,2861,Transportation
Lab Test Payment - Islamabad - REF 63430253,Hospital 8729,73753,Healthcare & Medical
Investment - Stocks - REF 36370973,Generic Store 298,49362,Savings / Investments
ICT/6db67bad-cf1f-4ac2- aaf5-59331eb8 PK,External Transfer,300,Transfers
Cheetay Order - Rawalpindi,Grocery Store 3560,14712,Food & Dining
Internet Bill - Nayatel - REF 37257349,ISP 9218,13860,Utilities & Services
Clinic Fee - Fatima Noor - Rawalpindi,Pharmacy 2684,5352,Healthcare & Medical
Zong Prepaid Load - 03216492156,Water Utility 8156,3568,Utilities & Services
POS Transaction - Faisalabad - REF 24774795,Loan Provider 1606,11822,Financial Services
RAAST P2P YAHYA KHAN,Yahya Khan,650,Transfers
Tuition Fee - NUST - REF 73861258,Generic Store 477,11780,Education / Tuition
Challan Payment - REF 62501528,Government 8205,45001,Government & Legal
Lab Test Payment - Faisalabad - REF 63064344,Generic Store 932,26370,Medical / Pharmacy
POS Purchase - Gul Ahmed - Quetta,Online Merchant 196,28833,Shopping (Clothes / Electronics)
Store Purchase - Defence Quetta - REF 39540313,Marketplace 283,8252,Home Supplies / Household Items
RAAST P2P MUHAMMAD RAMZAN,Muhammad Ramzan,100,Transfers
Online Entertainment - Steam - REF 74659760,Ticketing 6861,6909,Entertainment & Recreation
Toll Payment - M-2 - REF 83192858,Online Merchant 700,6651,Fuel / Gas
Challan Payment - REF 89612144,Government 2900,193793,Government & Legal
Gift Purchase - Faisalabad - REF 40710275,Generic Store 200,20502,Gifts & Celebrations
Water Bill - WASA - REF 31158621,ISP 6129,3624,Utilities & Services
Bus Ticket - Hyderabad - REF 53670339,Auto Service 3007,29168,Transportation
POS Transaction - Lahore - REF 68327538,Loan Provider 2533,28838,Financial Services
Toll Payment - M-2 - REF 24916568,Marketplace 893,2028,Ride Sharing / Taxi
OGT/8d08aa77-bc62-43fa- bcbb-2b9dda92 PK,External Transfer,314,Transfers
Insurance Premium - EFU - REF 98267444,Generic Store 644,38907,Insurance
Hospital Charges - Aga Khan - REF 49625809,Hospital 7862,20187,Healthcare & Medical
Bonus Credit - REF 21406513,Merchant Refund 3954,15452,Income
Zakat Payment - REF 79386109,Charity 2331,37982,Charity & Donations
Challan Payment - REF 35332182,Legal Service 9990,58371,Government & Legal
Freelance Payment - Fiverr - REF 66649441,Employer Payroll 1977,99452,Income
Charity Payment - Akhuwat - REF 60198525,Fundraiser 3542,26164,Charity & Donations
Travel Booking - Airblue - REF 37633895,Service Provider 387,15028,Travel (Flights / Hotels)
Telenor Prepaid Load - 03460326836,Telecom 2215,4632,Utilities & Services
Pharmacy Payment - Servaid - Quetta,Hospital 2770,7279,Healthcare & Medical
ICT/af883ea8-ab5f-4039- b80e-d76df817 PK,External Transfer,3000,Transfers
Donation - Shaukat Khanum - REF 69125369,Charity 4943,27241,Charity & Donations
Gift Purchase - Quetta - REF 50209529,Online Merchant 993,27582,Gifts & Celebrations
POS Transaction - Multan - REF 97225738,Broker 9037,127815,Financial Services
ICT/9badac15-84f4-4d28- b9ff-c7de9217 PK,External Transfer,725,Transfers
Passport Fee - REF 97695473,Legal Service 1209,1428,Government & Legal
Gift Purchase - Multan - REF 12984828,Local Shop 551,25207,Gifts & Celebrations
Hardee's - Saddar Faisalabad,Delivery Service 5471,1551,Food & Dining
Insurance Premium - EFU - REF 17433548,Generic Store 930,30472,Insurance
Zakat Payment - REF 88038745,Fundraiser 6216,4269,Charity & Donations
Tea & Snacks - Bahria Town Multan,Generic Store 698,49955,Groceries
Zakat Payment - REF 32028323,Charity 5935,23531,Charity & Donations
Challan Payment - REF 76592841,Government 6618,31854,Government & Legal
Rent Payment - Ayesha Malik - Hyderabad,Marketplace 590,22226,Housing / Rent
Restaurant Payment - G-9 Rawalpindi - REF 61530869,Grocery Store 2004,12810,Food & Dining
Recreation Expense - Johar Town Karachi - REF 14023870,Cinema 2975,2072,Entertainment & Recreation
Zakat Payment - REF 86852526,Fundraiser 1427,45114,Charity & Donations
Bus Ticket - Sialkot - REF 68096399,Generic Store 121,47195,Ride Sharing / Taxi
Restaurant Payment - Gulshan Faisalabad - REF 82562212,Delivery Service 2335,1200,Food & Dining
Hospital Charges - Aga Khan - REF 64962998,Pharmacy 8211,5773,Healthcare & Medical
inDrive Ride - Multan,Generic Store 871,43384,Ride Sharing / Taxi
Bonus Credit - REF 64264657,Merchant Refund 6032,1993,Income
Donation - Shaukat Khanum - REF 34187184,Charity 5221,51436,Charity & Donations
Cinema Ticket - Cinepax - Karachi,Online Merchant 584,1215,Entertainment (Movies / Games / Events)
Zakat Payment - REF 66850946,Charity 3958,128165,Charity & Donations
Bank Credit - Standard Chartered - REF 64861093,Employer Payroll 8192,232426,Income
RAAST P2P ZAIN UL ABADEEN,Zain Ul Abadeen,600,Transfers
Recreation Expense - Gulshan Quetta - REF 92922886,Gym 7783,11563,Entertainment & Recreation
OGT/dbc77b4f-d5f6-427e- 8376-28cd240f PK,External Transfer,2000,Transfers
Subscription Payment - Netflix - REF 47241585,Online Merchant 942,10025,Subscriptions (Streaming / Apps)
OGT/b992225e-a918-46e9- 89de-0255c39b PK,External Transfer,150,Transfers
POS Transaction - Rawalpindi - REF 68431234,Bank 8374,1506,Financial Services
POS Transaction - Islamabad - REF 47294758,Broker 8405,50635,Financial Services
Metro Ticket - Lahore - REF 47951926,Ride-hailing 1008,5191,Transportation
Toll Payment - M-2 - REF 78552190,Transit 2192,56,Transportation
Online Entertainment - Steam - REF 77610541,Gym 7235,2330,Entertainment & Recreation
CWD/PAK AUSTRIA PAK AUSTRIA HARIPUR PK,Pak Austria Pak Austria Haripur Pk,1023.44,Cash Withdrawal
OGT/1f430acc-a2d0-45c9- 85df-945b5d87 PK,External Transfer,310,Transfers
Foodpanda Order - Quetta,Online Merchant 117,35134,Coffee & Snacks
Lab Test Payment - Rawalpindi - REF 29042284,Pharmacy 6257,3125,Healthcare & Medical
Bill Payment - REF 21863401,Online Merchant 119,38623,Housing / Rent
OGT/73d5b9d9-23e9-471b- b90b-755295fc PK,External Transfer,450,Transfers
Electronics Purchase - Haier - Sialkot,Electronics Store 5004,95348,Shopping & Retail
Pharmacy Payment - Imtiaz Pharmacy - Karachi,Clinic 4296,10861,Healthcare & Medical
App Store Subscription - REF 52471921,Local Shop 212,15803,Subscriptions (Streaming / Apps)
Cinema Ticket - Nueplex - Peshawar,Streaming Service 5737,2802,Entertainment & Recreation
POS Transaction - Sialkot - REF 90529355,Bank 1109,636,Financial Services
RAAST P2P YAHYA KHAN,Yahya Khan,930,Transfers
Challan Payment - REF 37158441,Legal Service 2201,87236,Government & Legal
Gas Bill Payment - SNGPL - REF 36249023,Telecom 6763,399,Utilities & Services
App Store Subscription - REF 98747129,Generic Store 878,24182,Subscriptions (Streaming / Apps)
Pharmacy Payment - Imtiaz Pharmacy - Multan,Pharmacy 4725,4220,Healthcare & Medical
POS Transaction - Karachi - REF 28451709,Marketplace 663,44663,Car Maintenance
Toll Payment - M-2 - REF 85842549,Petrol Pump 2418,5925,Transportation
Tax Payment - FBR - REF 84173377,Government 5345,996,Government & Legal
Foodpanda Order - Hyderabad,Restaurant 9072,8265,Food & Dining
OGT/85038b99-dcf1-4555- ad2f-d2d6d8b8 PK,External Transfer,610,Transfers
Grocery Purchase - Imtiaz - Rawalpindi,Generic Store 684,31203,Groceries
Donation - Shaukat Khanum - REF 78631402,Charity 2736,136846,Charity & Donations
POS Purchase - Gul Ahmed - Peshawar,Electronics Store 9717,21485,Shopping & Retail
Raast Payment - PK32JCMA0010103105452638,Pk32Jcma0010103105452638,140,Transfers
Grocery Purchase - Imtiaz - Multan,Restaurant 1825,4642,Food & Dining
Bus Ticket - Quetta - REF 20763829,Marketplace 145,18055,Ride Sharing / Taxi
Charity Payment - Akhuwat - REF 11646262,Charity 2890,26989,Charity & Donations
OGT/65cb562c-dfb7-45de- a70f-7cb9e92d PK,External Transfer,210,Transfers
Online Order - PriceOye - REF 68012482,Clothing Store 7089,16165,Shopping & Retail
POS Purchase - Imtiaz - Multan,Electronics Store 4523,87930,Shopping & Retail
Metro Ticket - Islamabad - REF 64357607,Auto Service 8638,5077,Transportation
App Store Subscription - REF 40978746,Generic Store 762,43415,Subscriptions (Streaming / Apps)
Grocery Purchase - Metro - Lahore,Service Provider 905,30569,Restaurants / Eating Out
Foodpanda Order - Hyderabad,Restaurant 1648,954,Food & Dining
Travel Booking - Airblue - REF 54489564,Local Shop 368,34434,Travel (Flights / Hotels)
Pharmacy Payment - Servaid - Karachi,Diagnostic Lab 6872,6723,Healthcare & Medical
Cinema Ticket - Nueplex - Peshawar,Streaming Service 1307,660,Entertainment & Recreation
Salary Credit - Payroll - REF 83841588,Client Payment 4428,17466,Income
Electronics Purchase - PriceOye - Quetta,Electronics Store 9793,104664,Shopping & Retail
POS Transaction - Sialkot - REF 47118044,Loan Provider 9308,77347,Financial Services
Raast Payment - YAHYA KHAN - SBP Raast,Yahya Khan,930,Transfers
OGT/3484399e-93dc-4444- b343-0906818a PK,External Transfer,250,Transfers
Money Transfer - ABDUR RASHEED - 03345005977,Abdur Rasheed,1000,Transfers
Passport Fee - REF 11450461,Legal Service 2288,50309,Government & Legal
Fuel Purchase - Total Parco - Sialkot,Auto Service 2289,7638,Transportation
Traffic Fine - REF 99686432,Government 4815,26544,Government & Legal
App Store Subscription - REF 18083073,Local Shop 603,46753,Subscriptions (Streaming / Apps)
POS Purchase - Carrefour - Faisalabad,Retail Store 5172,10278,Shopping & Retail
POS Transaction - Hyderabad - REF 88326088,Loan Provider 6622,64084,Financial Services
Bill Payment - REF 83445343,Service Provider 523,42768,Housing / Rent
Monthly Subscription - Foodpanda Pro - REF 47297062,Online Merchant 708,15348,Subscriptions (Streaming / Apps)
POS Transaction - Peshawar - REF 83324752,Loan Provider 9746,64289,Financial Services
Metro Ticket - Lahore - REF 83130144,Petrol Pump 8125,1644,Transportation
OGT/2fb2dc4f-c990-4dc4- 81d4-f4208cfb PK,External Transfer,300,Transfers
Internet Bill - Nayatel - REF 62863147,Generic Store 611,46596,Electricity / Water / Gas
K-Electric Bill Payment - REF 67836685,Water Utility 1413,7418,Utilities & Services
Fuel Purchase - PSO - Islamabad,Ride-hailing 3731,2000,Transportation
Bill Payment - REF 24976987,Service Provider 749,34868,Housing / Rent
ICT/b05f51de-ea58-4f74- ad0f-7e1876b4 PK,External Transfer,1000,Transfers
inDrive Ride - Karachi,Auto Service 2549,42515,Transportation
Metro Ticket - Lahore - REF 60616596,Auto Service 4492,38117,Transportation
Fuel Purchase - Total Parco - Quetta,Transit 7887,415,Transportation
POS Transaction - Rawalpindi - REF 50108621,Broker 8359,157012,Financial Services
ICT/ecd280ad-d099-4500- b57b-137af69b PK,External Transfer,1500,Transfers
ICT/72ac9691-ca48-4210- 8fd5-062b0a17 PK,External Transfer,1000,Transfers
Toll Payment - M-2 - REF 71613265,Ride-hailing 6134,7766,Transportation
Fuel Purchase - PSO - Karachi,Ride-hailing 3626,3604,Transportation
Grocery Purchase - Metro - Multan,Marketplace 950,4596,Groceries
ICT/a1265a86-bfc5-4bb8- 956c-210bcba4 PK,External Transfer,2000,Transfers
Grocery Purchase - Al-Fatah - Lahore,Generic Store 113,45540,Groceries
Raast Payment - PK32JCMA0010103105452638,Pk32Jcma0010103105452638,120,Transfers
OGT/8753b6a1-7763-453b- bb1f-80ddc684 PK,External Transfer,400,Transfers
Subscription Payment - YouTube Premium - REF 17893328,Local Shop 565,10213,Subscriptions (Streaming / Apps)
Donation - Edhi Foundation - REF 10628442,Charity 6289,18593,Charity & Donations
Hospital Charges - Liaquat National - REF 12032958,Clinic 6101,11565,Healthcare & Medical
Bus Ticket - Multan - REF 38948385,Service Provider 896,14967,Ride Sharing / Taxi
Salary Credit - Payroll - REF 49061202,Merchant Refund 2188,18395,Income
Toll Payment - M-2 - REF 28739996,Petrol Pump 3778,12243,Transportation
Challan Payment - REF 66883954,Government 9542,11181,Government & Legal
POS Transaction - Quetta - REF 75453048,Loan Provider 8251,31799,Financial Services
Raast Payment - YAHYA KHAN - SBP Raast,Yahya Khan,3440,Transfers
Tea & Snacks - Defence Quetta,Service Provider 786,46013,Groceries
Pharmacy Payment - D.Watson - Islamabad,Generic Store 160,25490,Medical / Pharmacy
Grocery Purchase - Al-Fatah - Lahore,Local Shop 333,6485,Coffee & Snacks
Pharmacy Payment - Servaid - Quetta,Pharmacy 3872,5252,Healthcare & Medical
Pharmacy Payment - Servaid - Hyderabad,Pharmacy 5786,4323,Healthcare & Medical
Internet Bill - StormFiber - REF 64363111,Telecom 6012,4974,Utilities & Services
Traffic Fine - REF 63464579,Government 9395,14135,Government & Legal
Fuel Purchase - Shell - Faisalabad,Auto Service 7963,44185,Transportation
POS Purchase - Carrefour - Faisalabad,Retail Store 7690,6911,Shopping & Retail
Challan Payment - REF 67551512,Legal Service 3922,68803,Government & Legal
POS Transaction - Faisalabad - REF 68348380,Broker 3361,48423,Financial Services
Donation - Edhi Foundation - REF 38392551,Charity 3636,51990,Charity & Donations
POS Transaction - Peshawar - REF 83207953,Loan Provider 1997,46305,Financial Services
Bank Credit - JS Bank - REF 57727742,Client Payment 5996,49770,Income
Careem Ride - Islamabad,Ride-hailing 2387,2898,Transportation
Electronics Purchase - PriceOye - Quetta,Local Shop 524,29492,Shopping (Clothes / Electronics)
Store Purchase - Bahria Town Islamabad - REF 14803166,Clothing Store 5058,7138,Shopping & Retail
Cheetay Order - Karachi,Service Provider 946,20483,Coffee & Snacks
Subscription Payment - YouTube Premium - REF 55914383,Marketplace 144,43911,Subscriptions (Streaming / Apps)
Restaurant Payment - Gulshan Hyderabad - REF 81145579,Generic Store 874,1588,Coffee & Snacks
Money Transfer - MUHAMMAD BILAL - 03149023047,Muhammad Bilal,6,Transfers
Tuition Fee - NUST - REF 22240473,Online Merchant 548,5542,Education / Tuition
Bus Ticket - Hyderabad - REF 30798292,Marketplace 477,11839,Ride Sharing / Taxi
Electronics Purchase - Haier - Karachi,E-commerce 7706,24039,Shopping & Retail
Zakat Payment - REF 47500819,Fundraiser 3092,44322,Charity & Donations
Tuition Fee - NUST - REF 29842093,Generic Store 835,14840,Education / Tuition
Pharmacy Payment - D.Watson - Rawalpindi,Diagnostic Lab 2132,7056,Healthcare & Medical
Online Order - PriceOye - REF 33525383,Electronics Store 3824,21787,Shopping & Retail
Recreation Expense - I-8 Quetta - REF 72968050,Streaming Service 8518,2211,Entertainment & Recreation
Ufone Prepaid Load - 03018176922,ISP 6458,8025,Utilities & Services
Bonus Credit - REF 64528399,Employer Payroll 9656,104567,Income
Fuel Purchase - PSO - Islamabad,Online Merchant 704,8113,Public Transport
Charity Payment - Alkhidmat - REF 92493301,Charity 3552,33231,Charity & Donations
Tea & Snacks - DHA Multan,Cafe 2724,577,Food & Dining
Fuel Purchase - PSO - Islamabad,Auto Service 5664,7031,Transportation
Cheetay Order - Lahore,Generic Store 355,28913,Groceries
Challan Payment - REF 54141337,Legal Service 2505,90432,Government & Legal
POS Transaction - Quetta - REF 61653894,Loan Provider 9496,73583,Financial Services
Raast Payment - PK37SADA0000003409095882,Pk37Sada0000003409095882,535,Transfers
Metro Ticket - Lahore - REF 84656947,Petrol Pump 5687,8155,Transportation
Jazz Prepaid Load - 03287892079,Telecom 7404,1186,Utilities & Services
Recreation Expense - Bahria Town Multan - REF 38904726,Gym 7807,5384,Entertainment & Recreation
OGT/7bc46908-dceb-4f85- 815e-39820e11 PK,External Transfer,100,Transfers
Cheetay Order - Quetta,Marketplace 926,6691,Groceries
Internet Bill - StormFiber - REF 62889934,Local Shop 106,43694,Mobile & Internet
Pharmacy Payment - D.Watson - Lahore,Service Provider 759,42229,Medical / Pharmacy
Grocery Purchase - Al-Fatah - Karachi,Service Provider 355,48164,Restaurants / Eating Out
Jazz Prepaid Load - 03016299687,Marketplace 301,1907,Mobile & Internet
Gift Purchase - Multan - REF 54758207,Generic Store 362,31953,Gifts & Celebrations
Tea & Snacks - Johar Town Rawalpindi,Local Shop 244,5422,Coffee & Snacks
Traffic Fine - REF 61378555,Government 2802,174191,Government & Legal
Metro Ticket - Lahore - REF 49929657,Petrol Pump 3052,1425,Transportation
Freelance Payment - Fiverr - REF 50673325,Client Payment 7566,14594,Income
Careem Ride - Hyderabad,Petrol Pump 4299,7034,Transportation
Charity Payment - Alkhidmat - REF 80701913,Charity 7338,30670,Charity & Donations
ICT/9e9f2be8-9dab-4223- 9188-b470b0fe PK,External Transfer,430,Transfers
ICT/f8406537-0b04-4d17- bfb5-1bbab6b9 PK,External Transfer,2500,Transfers
ICT/9a40593c-9d7e-42cb- b14b-cc4b41c8 PK,External Transfer,1000,Transfers
RAAST P2P YAHYA KHAN,Yahya Khan,355,Transfers
Passport Fee - REF 37532649,Legal Service 5808,50708,Government & Legal
OGT/ecee311a-e0ed-4bdd- 801c-24a932f8 PK,External Transfer,200,Transfers
Charity Payment - Alkhidmat - REF 80649469,Charity 9878,7870,Charity & Donations
Mobile Topup - Zong - 03038844793,Telecom 8755,3731,Utilities & Services
Cafe Aylanto - Saddar Sialkot,Online Merchant 476,28943,Groceries
POS Transaction - Peshawar - REF 31671121,Loan Provider 5564,25984,Financial Services
Bill Payment - REF 13893897,Service Provider 494,21707,Housing / Rent
Recreation Expense - Defence Rawalpindi - REF 93318381,Generic Store 952,24712,Entertainment (Movies / Games / Events)
Tea & Snacks - Johar Town Sialkot,Delivery Service 1065,3529,Food & Dining
Metro Ticket - Lahore - REF 91321661,Marketplace 397,21023,Fuel / Gas
Hospital Charges - Shaukat Khanum - REF 65093884,Pharmacy 2134,2043,Healthcare & Medical
Fuel Purchase - Shell - Karachi,Service Provider 204,5855,Fuel / Gas
Investment - Mutual Fund - REF 13614523,Online Merchant 766,30956,Savings / Investments
Gift Purchase - Faisalabad - REF 34406775,Service Provider 410,12593,Gifts & Celebrations
Raast Payment - YAHYA KHAN - SBP Raast,Yahya Khan,650,Transfers
Zakat Payment - REF 31955583,Charity 4611,29256,Charity & Donations
Gas Bill Payment - SNGPL - REF 12330359,Electric Company 4710,15136,Utilities & Services
Cinema Ticket - Nueplex - Multan,Streaming Service 4466,1429,Entertainment & Recreation
POS Transaction - Hyderabad - REF 16390531,Loan Provider 3494,57587,Financial Services
Online Entertainment - Steam - REF 76914868,Generic Store 128,5030,Entertainment (Movies / Games / Events)
Metro Ticket - Islamabad - REF 68085416,Auto Service 9033,618,Transportation
Fuel Purchase - PSO - Karachi,Ride-hailing 6078,2494,Transportation
Bill Payment - REF 43511584,Generic Store 602,39766,Housing / Rent
Online Entertainment - Steam - REF 37226990,Gym 6690,8024,Entertainment & Recreation
Fuel Purchase - Shell - Sialkot,Ride-hailing 1977,5497,Transportation
Bank Credit - Standard Chartered - REF 51925472,Merchant Refund 2257,12808,Income
Recreation Expense - Bahria Town Peshawar - REF 88368575,Cinema 4629,424,Entertainment & Recreation
Zakat Payment - REF 68672933,Charity 6856,10070,Charity & Donations
Investment - Mutual Fund - REF 70712141,Marketplace 694,23771,Savings / Investments
Investment - Stocks - REF 79610173,Marketplace 552,24111,Savings / Investments
CWD/PAK AUSTRIA BRANCH PAK AUSTRIA BRANCH Abbottabad PK,Pak Austria Branch Pak Austria Branch Abbottabad Pk,5000,Cash Withdrawal
Internet Bill - PTCL - REF 11924275,Online Merchant 929,6012,Mobile & Internet
OGT/2039592a-238a-42e3- 85a6-b17f0905 PK,External Transfer,30,Transfers
Toll Payment - M-2 - REF 46338794,Online Merchant 637,37285,Ride Sharing / Taxi
Online Entertainment - Google Play - REF 72088681,Streaming Service 7510,518,Entertainment & Recreation
POS Purchase - Carrefour - Karachi,Electronics Store 5335,61136,Shopping & Retail
Electronics Purchase - Haier - Faisalabad,Local Shop 851,14063,Home Supplies / Household Items
Ufone Prepaid Load - 03257380282,Telecom 7833,613,Utilities & Services
Insurance Premium - Jubilee - REF 57857793,Service Provider 817,31275,Insurance
Tax Payment - FBR - REF 34870880,Government 9977,48749,Government & Legal
Metro Ticket - Islamabad - REF 49480902,Online Merchant 763,41772,Ride Sharing / Taxi
Grocery Purchase - Imtiaz - Peshawar,Marketplace 764,5239,Restaurants / Eating Out
Rent Payment - Usman Ghani - Rawalpindi,Service Provider 418,3489,Housing / Rent
Passport Fee - REF 83064172,Government 7821,40492,Government & Legal
Toll Payment - M-2 - REF 64737142,Petrol Pump 5260,878,Transportation
Online Entertainment - Steam - REF 36913799,Streaming Service 7207,558,Entertainment & Recreation
Pharmacy Payment - Servaid - Quetta,Clinic 6628,4962,Healthcare & Medical
RAAST P2P MUHAMMAD ASLAM,Muhammad Aslam,180,Transfers
POS Transaction - Hyderabad - REF 88693790,Generic Store 356,25622,Car Maintenance
OGT/73057412-f173-459a- 8b55-39d994f7 PK,External Transfer,300,Transfers
Online Entertainment - Google Play - REF 58517553,Cinema 5481,2276,Entertainment & Recreation
Fuel Purchase - Total Parco - Peshawar,Auto Service 9243,39244,Transportation
Online Order - Daraz.pk - REF 63872023,Online Merchant 216,309,Shopping (Clothes / Electronics)
Metro Ticket - Islamabad - REF 47487255,Transit 7714,187,Transportation
Monthly Subscription - Careem Plus - REF 55946334,Online Merchant 505,18397,Subscriptions (Streaming / Apps)
Insurance Premium - Jubilee - REF 55590349,Online Merchant 580,46604,Insurance
Travel Booking - PIA - REF 80816980,Marketplace 905,11850,Travel (Flights / Hotels)
Tuition Fee - LUMS - REF 92675454,Marketplace 338,14623,Education / Tuition
Recreation Expense - Gulshan Rawalpindi - REF 58335578,Cinema 6898,3066,Entertainment & Recreation
Hospital Charges - Shaukat Khanum - REF 63527289,Diagnostic Lab 3192,18400,Healthcare & Medical
Tax Payment - FBR - REF 96527280,Government 4095,14219,Government & Legal
Internet Bill - Nayatel - REF 46107009,Online Merchant 491,11810,Electricity / Water / Gas
Water Bill - WASA - REF 24757075,Telecom 2260,3870,Utilities & Services
Bill Payment - REF 39904252,Local Shop 787,30340,Housing / Rent
IESCO Bill Payment - REF 60517247,Service Provider 675,18961,Electricity / Water / Gas
Bank Transfer - YAHYA KHAN - 04450010146803660012,Yahya Khan,5001.54,Transfers
Bonus Credit - REF 54030773,Employer Payroll 9538,204406,Income
Online Entertainment - Google Play - REF 85992264,Gym 6494,9215,Entertainment & Recreation
Jazz Prepaid Load - 03125053609,Marketplace 468,32602,Mobile & Internet
Bus Ticket - Peshawar - REF 82389615,Ride-hailing 7452,2002,Transportation
POS Purchase - Daraz.pk - Hyderabad,Generic Store 620,3910,Home Supplies / Household Items
Internet Bill - PTCL - REF 70333771,Service Provider 971,45584,Mobile & Internet
Online Order - Telemart - REF 73949636,Service Provider 589,27068,Shopping (Clothes / Electronics)
POS Transaction - Quetta - REF 93464337,Broker 5688,140092,Financial Services
POS Transaction - Karachi - REF 58319467,Loan Provider 5075,6310,Financial Services
Tax Payment - FBR - REF 29711977,Government 5534,30289,Government & Legal
Hospital Charges - Shaukat Khanum - REF 52466220,Hospital 5777,43720,Healthcare & Medical
IESCO Bill Payment - REF 87048992,ISP 6118,14781,Utilities & Services
ICT/83649b1d-a439-4d7f- bb04-6dadc26c PK,External Transfer,350,Transfers
ICT/d6782547-bdc8-4b5c- a7b9-263fa697 PK,External Transfer,13581,Transfers
Charity Payment - Alkhidmat - REF 72138029,Fundraiser 3296,34117,Charity & Donations
inDrive Ride - Quetta,Ride-hailing 5913,4340,Transportation
Electronics Purchase - Haier - Sialkot,Local Shop 393,20254,Home Supplies / Household Items
Restaurant Payment - Gulshan Karachi - REF 63581287,Cafe 9727,713,Food & Dining
OGT/f4435114-2634-45bd- aa24-7a48a421 PK,External Transfer,120,Transfers
Passport Fee - REF 71014083,Government 4432,17648,Government & Legal
Travel Booking - Airblue - REF 44205973,Online Merchant 788,26727,Travel (Flights / Hotels)
Travel Booking - SereneAir - REF 51530600,Marketplace 604,5570,Travel (Flights / Hotels)
Investment - Mutual Fund - REF 60088785,Marketplace 191,20455,Savings / Investments
Bus Ticket - Peshawar - REF 35193023,Ride-hailing 2388,4608,Transportation
Traffic Fine - REF 34924668,Government 3760,11378,Government & Legal
Grocery Purchase - Imtiaz - Peshawar,Local Shop 239,40685,Groceries
Bank Credit - Standard Chartered - REF 99870392,Employer Bonus 5713,92953,Income
PUR/NETFLIX.COM 9 Straits View Marina Singapore 018937 SG SGP,Netflix.Com,307.08,Subscriptions
Cinema Ticket - Cinepax - Rawalpindi,Generic Store 701,9041,Entertainment (Movies / Games / Events)
Metro Ticket - Islamabad - REF 23564230,Online Merchant 214,35383,Ride Sharing / Taxi
ICT/33919e65-8266-4da6- ae36-4d56ea80 PK,External Transfer,190,Transfers
Insurance Premium - Adamjee - REF 68206160,Online Merchant 928,34893,Insurance
Cheetay Order - Hyderabad,Grocery Store 6430,14531,Food & Dining
Investment - Stocks - REF 77281779,Local Shop 524,40757,Savings / Investments
OGT/7047e2e5-a1fe-47a2- b5d4-aeb7b167 PK,External Transfer,200,Transfers
POS Transaction - Rawalpindi - REF 74901604,Bank 2781,241,Financial Services
Store Purchase - Clifton Sialkot - REF 88478015,Electronics Store 1445,64132,Shopping & Retail
Travel Booking - SereneAir - REF 67347945,Online Merchant 795,23470,Travel (Flights / Hotels)
Mobile Topup - Ufone - 03481655780,ISP 6430,9502,Utilities & Services
OGT/80287dbb-50c9-4102- 8df0-06e9d983 PK,External Transfer,200,Transfers
Zakat Payment - REF 17613706,Charity 2071,30420,Charity & Donations
Hospital Charges - Liaquat National - REF 34183729,Hospital 9633,9007,Healthcare & Medical
ICT/2b5e3aec-bf43-432c- 9a63-f54fdac5 PK,External Transfer,96,Transfers
Recreation Expense - Bahria Town Lahore - REF 52080321,Service Provider 193,45749,Entertainment (Movies / Games / Events)
Online Entertainment - Steam - REF 68419283,Cinema 9348,645,Entertainment & Recreation
Investment - Mutual Fund - REF 29262379,Local Shop 346,23713,Savings / Investments
Cheetay Order - Sialkot,Cafe 6452,1257,Food & Dining
Zakat Payment - REF 75577718,Fundraiser 2939,42220,Charity & Donations
Donation - Edhi Foundation - REF 81954128,Charity 8184,107955,Charity & Donations
WASA Bill Payment - REF 60992178,Water Utility 6750,3606,Utilities & Services
POS Transaction - Quetta - REF 48801133,Loan Provider 8251,45479,Financial Services
POS Purchase - Metro - Faisalabad,E-commerce 8528,25808,Shopping & Retail
Bank Credit - HBL - REF 84307559,Client Payment 8170,23788,Income
Challan Payment - REF 54045713,Government 7505,164718,Government & Legal
OGT/9b9e225c-a025-41aa- a9c4-bc6ae3d2 PK,External Transfer,200,Transfers
Passport Fee - REF 76027518,Government 2587,197633,Government & Legal
inDrive Ride - Faisalabad,Online Merchant 839,27702,Fuel / Gas
inDrive Ride - Lahore,Service Provider 233,3589,Ride Sharing / Taxi
Online Entertainment - PSN - REF 28401949,Ticketing 3949,15261,Entertainment & Recreation
Restaurant Payment - DHA Hyderabad - REF 90058411,Marketplace 771,17032,Coffee & Snacks
Tax Payment - FBR - REF 41511237,Government 4518,42339,Government & Legal
Passport Fee - REF 23605563,Legal Service 7456,36021,Government & Legal
Fuel Purchase - PSO - Peshawar,Local Shop 522,6489,Public Transport
Toll Payment - M-2 - REF 67591335,Auto Service 3027,22616,Transportation
Mobile Topup - Jazz - 03166105306,Telecom 2698,2207,Utilities & Services
Recreation Expense - DHA Quetta - REF 50112042,Gym 7461,5668,Entertainment & Recreation
Zong Prepaid Load - 03444549117,Generic Store 123,2978,Electricity / Water / Gas
Clinic Fee - Ahmed Ali - Islamabad,Marketplace 338,39458,Medical / Pharmacy
Travel Booking - Airblue - REF 76521334,Online Merchant 116,47748,Travel (Flights / Hotels)
Store Purchase - Saddar Multan - REF 75507995,Clothing Store 5229,2828,Shopping & Retail
OGT/f7651608-a137-4683- b293-9db1cc5b PK,External Transfer,1000,Transfers
Zong Prepaid Load - 03216341114,Online Merchant 649,2378,Mobile & Internet
Store Purchase - Clifton Sialkot - REF 93968174,Online Merchant 818,25347,Shopping (Clothes / Electronics)
Investment - Stocks - REF 73560345,Local Shop 953,402,Savings / Investments
ICT/06f539a9-1b13-4db3- 843f-c9fee49d PK,External Transfer,340,Transfers
Money Transfer - YASIR - 03488465618,Yasir,90,Transfers
Hospital Charges - Aga Khan - REF 22496041,Service Provider 335,15431,Medical / Pharmacy
Bus Ticket - Quetta - REF 28420542,Auto Service 1947,47730,Transportation
POS Transaction - Hyderabad - REF 81530924,Bank 2297,248,Financial Services
Grocery Purchase - Carrefour - Quetta,Grocery Store 9987,8097,Food & Dining
Bank Credit - UBL - REF 41307299,Employer Payroll 1066,207078,Income
Lab Test Payment - Islamabad - REF 77583539,Diagnostic Lab 2244,6475,Healthcare & Medical
Store Purchase - DHA Rawalpindi - REF 94659043,Online Merchant 355,48217,Shopping (Clothes / Electronics)
ICT/a1f882a2-291c-4034- 96a5-29595d61 PK,External Transfer,2000,Transfers
Electronics Purchase - Samsung Store - Rawalpindi,E-commerce 9429,28690,Shopping & Retail
Online Entertainment - Steam - REF 13444102,Streaming Service 1350,2302,Entertainment & Recreation
Hospital Charges - Aga Khan - REF 43546543,Clinic 1903,11038,Healthcare & Medical
Water Bill - WASA - REF 90935023,Generic Store 638,15108,Electricity / Water / Gas
APPLE.COM/BILL ITUNES.COM IRL,Apple,125,Bills
Online Order - Telemart - REF 50278019,E-commerce 1457,24564,Shopping & Retail
POS Purchase - Gul Ahmed - Sialkot,Service Provider 379,2002,Home Supplies / Household Items
RAAST P2P BABU AKHLAQ TUCK,Babu Akhlaq Tuck,50,Transfers
Zakat Payment - REF 93488819,Charity 2456,6331,Charity & Donations
ICT/96a347be-686b-4f1e- a66a-3ec363a3 PK,External Transfer,1471,Transfers
OGT/bf22cd23-87ae-4efe- b228-43e66731 PK,External Transfer,147000,Transfers
Insurance Premium - Jubilee - REF 79674440,Service Provider 335,37891,Insurance
Recreation Expense - F-10 Quetta - REF 19189262,Ticketing 4728,13956,Entertainment & Recreation
Online Order - PriceOye - REF 55708962,Generic Store 830,22999,Home Supplies / Household Items
Pharmacy Payment - D.Watson - Rawalpindi,Pharmacy 4721,5276,Healthcare & Medical
POS Transaction - Multan - REF 85693261,Loan Provider 8628,77403,Financial Services
Bank Transfer - YAHYA KHAN - 04450010146803660012,Yahya Khan,319.54,Transfers
Cinema Ticket - Nueplex - Hyderabad,Marketplace 893,9132,Entertainment (Movies / Games / Events)
Online Entertainment - PSN - REF 73086980,Cinema 3175,3991,Entertainment & Recreation
Grocery Purchase - Al-Fatah - Sialkot,Cafe 3829,482,Food & Dining
Electronics Purchase - Haier - Quetta,Retail Store 1238,1940,Shopping & Retail
Zong Prepaid Load - 03495495188,Service Provider 134,18889,Electricity / Water / Gas
Zakat Payment - REF 77875873,Fundraiser 6292,20706,Charity & Donations
Tax Payment - FBR - REF 25825896,Government 6580,8437,Government & Legal
Bus Ticket - Islamabad - REF 40148157,Online Merchant 480,5980,Ride Sharing / Taxi
ICT/0ca89117-74e4-41aa- 969d-94f6ceb4 PK,External Transfer,1000,Transfers
Foodpanda Order - Multan,Generic Store 235,30219,Coffee & Snacks
Online Order - PriceOye - REF 43988993,Electronics Store 6116,18682,Shopping & Retail
Maintenance Charges - I-8 Hyderabad - REF 41157025,Local Shop 512,25329,Housing / Rent
Charity Payment - Akhuwat - REF 47045249,Charity 8334,62716,Charity & Donations
POS Purchase - Imtiaz - Islamabad,Electronics Store 1815,14349,Shopping & Retail
SFPY*Temu Pakistan Karachi PAK,Temu,3557,Shopping
Raast Payment - PK32JCMA0010103105452638,Pk32Jcma0010103105452638,120,Transfers
PTCL Bill Payment - REF 66161179,Telecom 4957,4700,Utilities & Services
ICT/45f30021-4d9a-4b30- a93e-57f1e152 PK,External Transfer,10000,Transfers
Bill Payment - REF 64866000,Service Provider 441,13196,Housing / Rent
OGT/90e26f6d-5235-490f- bc65-150af9fa PK,External Transfer,800,Transfers
CWD/H13 SUB BR ISB H13 SUB BR ISB ISLAMABAD PK,H,5035,Cash Withdrawal
POS Transaction - Faisalabad - REF 19474398,Bank 8682,895,Financial Services
Toll Payment - M-2 - REF 33032634,Transit 2317,353,Transportation
Investment - Mutual Fund - REF 64560521,Marketplace 166,20186,Savings / Investments
Cinema Ticket - Cinepax - Quetta,Ticketing 1327,1374,Entertainment & Recreation
OGT/017d10d0-d7fb-421d- 95b6-18fdcf03 PK,External Transfer,400,Transfers
Charity Payment - Akhuwat - REF 81722901,Charity 1100,32863,Charity & Donations
Freelance Payment - Upwork - REF 34765655,Client Payment 2379,71894,Income
Salary Credit - Payroll - REF 59934113,Employer Bonus 5239,67171,Income
Money Transfer - ABDUR RASHEED - 03345005977,Abdur Rasheed,320,Transfers
Bonus Credit - REF 37034155,Employer Bonus 4767,74237,Income
OGT/be20c517-fa39-48b9- 8c36-c0b14506 PK,External Transfer,400,Transfers
POS Transaction - Lahore - REF 31524155,Bank 6680,420,Financial Services
Bonus Credit - REF 54760270,Employer Bonus 2329,96324,Income
Electronics Purchase - Samsung Store - Hyderabad,Online Merchant 349,36444,Shopping (Clothes / Electronics)
Mobile Topup - Jazz - 03370274249,Water Utility 3412,7566,Utilities & Services
ICT/44f33122-817a-4b3d- 894d-7268f666 PK,External Transfer,120,Transfers
RAAST P2P EMAN FATIMA,Eman Fatima,1000,Transfers
Traffic Fine - REF 73466892,Government 8341,5863,Government & Legal
POS Transaction - Faisalabad - REF 41087035,Bank 2312,572,Financial Services
Cafe Aylanto - Gulshan Lahore,Marketplace 501,2103,Groceries
Online Entertainment - Google Play - REF 68867614,Marketplace 758,39843,Entertainment (Movies / Games / Events)
POS Transaction - Rawalpindi - REF 56876385,Bank 9621,118,Financial Services
Gift Purchase - Lahore - REF 36909401,Service Provider 943,37684,Gifts & Celebrations
Salary Credit - Company Payroll - REF 83064032,Client Payment 6847,12102,Income
Foodpanda Order - Multan,Local Shop 448,6432,Coffee & Snacks
Donation - Saylani - REF 49735858,Charity 8341,14295,Charity & Donations
ICT/1463c62f-5511-4954- b967-2c9d5b09 PK,External Transfer,200,Transfers
Mobile Topup - Jazz - 03297248790,Generic Store 514,15799,Electricity / Water / Gas
Freelance Payment - Upwork - REF 16441642,Merchant Refund 1125,18701,Income
Grocery Purchase - Imtiaz - Karachi,Service Provider 201,30076,Coffee & Snacks
Insurance Premium - Adamjee - REF 88508649,Marketplace 331,19878,Insurance
RAAST P2P SHAWAL KHAN,Shawal Khan,300,Transfers
Zakat Payment - REF 73853200,Fundraiser 3887,20701,Charity & Donations
Jazz Prepaid Load - 03474110414,ISP 3076,12035,Utilities & Services
Jazz Prepaid Load - 03432979645,ISP 9907,1388,Utilities & Services
Online Entertainment - PSN - REF 33826467,Cinema 2936,760,Entertainment & Recreation
Foodpanda Order - Sialkot,Generic Store 941,27795,Groceries
Foodpanda Order - Islamabad,Marketplace 774,31886,Restaurants / Eating Out
Monthly Subscription - Foodpanda Pro - REF 23789235,Online Merchant 474,42724,Subscriptions (Streaming / Apps)
KFC - G-9 Multan,Marketplace 856,41112,Restaurants / Eating Out
Rent Payment - Fatima Noor - Lahore,Local Shop 725,24831,Housing / Rent
Travel Booking - SereneAir - REF 81338593,Service Provider 262,22146,Travel (Flights / Hotels)
Tea & Snacks - G-9 Quetta,Service Provider 279,46003,Coffee & Snacks
Online Entertainment - Steam - REF 54249412,Gym 3830,14067,Entertainment & Recreation
OGT/3463df72-4cb7-4077- 8747-7c84851c PK,External Transfer,950,Transfers
OGT/0dd4dbe4-1be4-4472- 9cf8-0b1b7dcf PK,External Transfer,1,Transfers
Water Bill - WASA - REF 60719593,Water Utility 8639,2079,Utilities & Services
Bykea Ride - Quetta,Online Merchant 746,31916,Public Transport
Cinema Ticket - Cinepax - Multan,Streaming Service 9828,2955,Entertainment & Recreation
Electronics Purchase - Haier - Multan,Local Shop 313,37622,Shopping (Clothes / Electronics)
Maintenance Charges - I-8 Faisalabad - REF 16365953,Service Provider 784,35902,Housing / Rent
OGT/eef3eed2-eda2-4d39- aee9-702535bb PK,External Transfer,160,Transfers
Store Purchase - Defence Hyderabad - REF 82771289,E-commerce 2755,6191,Shopping & Retail
Metro Ticket - Islamabad - REF 17407774,Petrol Pump 6928,11940,Transportation
Investment - Mutual Fund - REF 52262581,Local Shop 487,23457,Savings / Investments
Restaurant Payment - DHA Multan - REF 62218826,Grocery Store 8708,10651,Food & Dining
App Store Subscription - REF 57755140,Generic Store 170,39613,Subscriptions (Streaming / Apps)
Fuel Purchase - Total Parco - Multan,Ride-hailing 1556,7394,Transportation
Challan Payment - REF 47958282,Government 2913,66606,Government & Legal
CWD/MINGORA ROAD PUL SOKAIE MINGORA ROAD PUL SOKAIE,Mingora Road Pul Sokaie Mingora Road Pul Sokaie,2023.44,Cash Withdrawal
inDrive Ride - Islamabad,Ride-hailing 1865,2007,Transportation
Passport Fee - REF 65480499,Government 4753,44470,Government & Legal
CWD/PAK AUSTRIA PAK AUSTRIA HARIPUR PK,Pak Austria Pak Austria Haripur Pk,20000,Cash Withdrawal
Travel Booking - SereneAir - REF 51283996,Marketplace 480,48509,Travel (Flights / Hotels)
Al-Rehman Biryani - Defence Peshawar,Delivery Service 3030,1143,Food & Dining
Money Transfer - EMAN FATIMA - 03332968914,Eman Fatima,250,Transfers
POS Transaction - Quetta - REF 74692809,Bank 2705,823,Financial Services
Challan Payment - REF 70157930,Legal Service 3743,18219,Government & Legal
Pharmacy Payment - D.Watson - Islamabad,Online Merchant 942,13135,Medical / Pharmacy
Cinema Ticket - Nueplex - Sialkot,Ticketing 1604,12442,Entertainment & Recreation
POS Transaction - Hyderabad - REF 96974380,Broker 1870,51570,Financial Services
Fuel Purchase - Shell - Sialkot,Petrol Pump 8905,13150,Transportation
POS Transaction - Quetta - REF 79522562,Bank 1098,864,Financial Services
Lab Test Payment - Sialkot - REF 41453089,Pharmacy 8488,5513,Healthcare & Medical
Al-Rehman Biryani - Johar Town Multan,Local Shop 571,36782,Coffee & Snacks
Electronics Purchase - Haier - Faisalabad,Generic Store 833,20987,Home Supplies / Household Items
Bus Ticket - Sialkot - REF 36475011,Transit 1005,223,Transportation
Bus Ticket - Islamabad - REF 88134796,Auto Service 3699,39442,Transportation
Careem Ride - Lahore,Generic Store 239,21232,Fuel / Gas
Gift Purchase - Peshawar - REF 66386130,Service Provider 712,9405,Gifts & Celebrations
Zakat Payment - REF 92797373,Charity 7578,114505,Charity & Donations
Electronics Purchase - Samsung Store - Lahore,Retail Store 2778,5869,Shopping & Retail
Charity Payment - Akhuwat - REF 33765814,Fundraiser 9160,768,Charity & Donations
OGT/a357016a-e870-4793- 85ba-af41b8d9 PK,External Transfer,860,Transfers
Clinic Fee - Ali Raza - Quetta,Generic Store 114,3984,Medical / Pharmacy
POS Transaction - Faisalabad - REF 43899768,Bank 2492,399,Financial Services
Mobile Topup - Jazz - 03256150692,Online Merchant 234,49269,Electricity / Water / Gas
Zakat Payment - REF 16083415,Charity 7710,56513,Charity & Donations
Bykea Ride - Multan,Transit 5325,471,Transportation
Store Purchase - Defence Quetta - REF 47001700,E-commerce 2986,24801,Shopping & Retail
Fuel Purchase - Shell - Rawalpindi,Service Provider 940,41496,Ride Sharing / Taxi
Fuel Purchase - Shell - Hyderabad,Generic Store 584,20063,Fuel / Gas
Traffic Fine - REF 96905906,Government 6422,274971,Government & Legal
Grocery Purchase - Carrefour - Lahore,Cafe 8800,772,Food & Dining
OGT/cf9c47fb-de66-4265- 97b8-ca4dfec2 PK,External Transfer,500,Transfers
Passport Fee - REF 17365881,Government 4093,112131,Government & Legal
Salary Credit - Company Payroll - REF 23446637,Employer Bonus 5508,90559,Income
Store Purchase - Gulshan Lahore - REF 47825811,Online Merchant 931,39554,Shopping (Clothes / Electronics)
RAAST P2P TAUSEEF KHAN,Tauseef Khan,300,Transfers
Clinic Fee - Ayesha Malik - Hyderabad,Clinic 4054,1178,Healthcare & Medical
Restaurant Payment - DHA Lahore - REF 50594518,Restaurant 1132,10863,Food & Dining
Fuel Purchase - Shell - Faisalabad,Marketplace 449,2351,Public Transport
Clinic Fee - Aslam - Lahore,Diagnostic Lab 3202,8861,Healthcare & Medical
Recreation Expense - Clifton Faisalabad - REF 11716064,Gym 7392,3114,Entertainment & Recreation
Zakat Payment - REF 93105521,Charity 3171,37300,Charity & Donations
Hospital Charges - Liaquat National - REF 19750872,Online Merchant 765,25175,Medical / Pharmacy
Donation - Edhi Foundation - REF 63697240,Fundraiser 5186,3032,Charity & Donations
Bank Credit - UBL - REF 78301954,Merchant Refund 7736,2000,Income
Internet Bill - Nayatel - REF 63208890,Telecom 3581,3655,Utilities & Services
Bus Ticket - Rawalpindi - REF 84142965,Auto Service 8039,31901,Transportation
POS Purchase - Gul Ahmed - Peshawar,Electronics Store 6697,96281,Shopping & Retail
OGT/d5f7bb4a-b066-481f- adff-976523cd PK,External Transfer,100,Transfers
Investment - Stocks - REF 25934747,Online Merchant 289,11859,Savings / Investments
POS Transaction - Hyderabad - REF 27541620,Marketplace 740,20786,Car Maintenance
Gift Purchase - Hyderabad - REF 31938267,Generic Store 809,43744,Gifts & Celebrations
Bonus Credit - REF 68315681,Employer Bonus 7650,13016,Income
Bill Payment - REF 92381391,Local Shop 435,44326,Housing / Rent
Hospital Charges - Shaukat Khanum - REF 66490796,Hospital 2381,27420,Healthcare & Medical
Recreation Expense - DHA Islamabad - REF 41176015,Gym 3316,7548,Entertainment & Recreation
Fuel Purchase - PSO - Multan,Generic Store 490,40418,Public Transport
Investment - Stocks - REF 53083344,Generic Store 839,7884,Savings / Investments
KFC - Johar Town Sialkot,Grocery Store 6580,10653,Food & Dining
Salary Credit - Payroll - REF 78538960,Client Payment 8421,19422,Income
Bykea Ride - Quetta,Transit 6210,378,Transportation
Jazz Prepaid Load - 03270094076,ISP 7101,4698,Utilities & Services
Bus Ticket - Hyderabad - REF 85163632,Marketplace 293,48593,Public Transport
Bill Payment - REF 46254994,Local Shop 383,5517,Housing / Rent
Fuel Purchase - Shell - Peshawar,Online Merchant 316,17047,Ride Sharing / Taxi
POS Transaction - Lahore - REF 47498107,Marketplace 401,24725,Car Maintenance
Metro Ticket - Islamabad - REF 57555703,Local Shop 644,24830,Ride Sharing / Taxi
Rent Payment - Hira - Rawalpindi,Service Provider 158,4228,Housing / Rent
Online Entertainment - PSN - REF 86719575,Ticketing 5540,17678,Entertainment & Recreation
Grocery Purchase - Al-Fatah - Hyderabad,Grocery Store 2026,1297,Food & Dining
Online Entertainment - Steam - REF 51935706,Streaming Service 8044,562,Entertainment & Recreation
POS Transaction - Peshawar - REF 27132751,Broker 7731,67763,Financial Services
OPTp - DHA Islamabad,Cafe 1325,1378,Food & Dining
Gift Purchase - Multan - REF 76152745,Online Merchant 595,3672,Gifts & Celebrations
Mobile Topup - Ufone - 03158214734,ISP 3971,10492,Utilities & Services
Travel Booking - SereneAir - REF 31083792,Generic Store 709,25581,Travel (Flights / Hotels)
Donation - Shaukat Khanum - REF 94931898,Charity 5120,430,Charity & Donations
Donation - Edhi Foundation - REF 68392391,Charity 6066,173470,Charity & Donations
POS Purchase - Khaadi - Quetta,Generic Store 185,45505,Home Supplies / Household Items
Electronics Purchase - PriceOye - Karachi,E-commerce 6347,37265,Shopping & Retail
Travel Booking - SereneAir - REF 88150730,Marketplace 845,19255,Travel (Flights / Hotels)
Recreation Expense - Saddar Hyderabad - REF 51520586,Ticketing 7930,9187,Entertainment & Recreation
Bonus Credit - REF 83174496,Employer Payroll 3853,241907,Income
OGT/ed48bc24-fd84-4ecf- b5cb-c0f86857 PK,External Transfer,230,Transfers
POS Transaction - Quetta - REF 50421587,Loan Provider 3257,61497,Financial Services
Electronics Purchase - Haier - Lahore,E-commerce 4758,5372,Shopping & Retail
Metro Ticket - Lahore - REF 79246024,Marketplace 941,20891,Fuel / Gas
Pharmacy Payment - Servaid - Quetta,Hospital 7950,4352,Healthcare & Medical
Restaurant Payment - Defence Multan - REF 88787271,Restaurant 2862,5556,Food & Dining
Gas Bill Payment - SSGC - REF 99439461,Online Merchant 885,10473,Mobile & Internet
Restaurant Payment - Johar Town Lahore - REF 45518049,Cafe 8198,513,Food & Dining
POS Purchase - Outfitters - Rawalpindi,Generic Store 326,11366,Shopping (Clothes / Electronics)
Charity Payment - Alkhidmat - REF 78761284,Charity 5119,178163,Charity & Donations
Charity Payment - Alkhidmat - REF 79504111,Charity 7283,90041,Charity & Donations
ICT/e69cde43-de73-4dda- bc58-b761b034 PK,External Transfer,200,Transfers
Donation - Shaukat Khanum - REF 11703696,Fundraiser 8027,15265,Charity & Donations
Grocery Purchase - Metro - Peshawar,Grocery Store 4460,9606,Food & Dining
Internet Bill - Nayatel - REF 24323556,ISP 2943,4820,Utilities & Services
Traffic Fine - REF 44076818,Government 7607,44117,Government & Legal
Clinic Fee - Hassan Khan - Lahore,Clinic 5767,7048,Healthcare & Medical
Clinic Fee - Ali Raza - Sialkot,Clinic 9802,14074,Healthcare & Medical
Fuel Purchase - PSO - Peshawar,Local Shop 407,34856,Fuel / Gas
ICT/693fda97-82b1-4762- ae32-544aa799 PK,External Transfer,200,Transfers
Restaurant Payment - F-10 Islamabad - REF 71513187,Cafe 8030,1147,Food & Dining
Fuel Purchase - Shell - Peshawar,Transit 2716,122,Transportation
Clinic Fee - Ayesha Malik - Lahore,Generic Store 920,18993,Medical / Pharmacy
POS Transaction - Hyderabad - REF 56320271,Broker 2255,165629,Financial Services
Bus Ticket - Peshawar - REF 36938368,Marketplace 648,20992,Fuel / Gas
Cinema Ticket - Nueplex - Rawalpindi,Streaming Service 9187,631,Entertainment & Recreation
Cheetay Order - Multan,Online Merchant 191,31132,Restaurants / Eating Out
Online Order - PriceOye - REF 48070717,Generic Store 345,1105,Home Supplies / Household Items
POS Purchase - Imtiaz - Faisalabad,E-commerce 4929,37489,Shopping & Retail
POS Transaction - Karachi - REF 79179270,Loan Provider 8446,72055,Financial Services
Store Purchase - Gulshan Hyderabad - REF 42018138,E-commerce 6413,37259,Shopping & Retail
Cheetay Order - Quetta,Local Shop 526,7481,Groceries
Online Order - Telemart - REF 47673644,E-commerce 6493,37195,Shopping & Retail
Traffic Fine - REF 50150231,Government 8378,207931,Government & Legal
Pharmacy Payment - D.Watson - Hyderabad,Hospital 3722,15438,Healthcare & Medical
Money Transfer - ABDUR RASHEED - 03345005977,Abdur Rasheed,250,Transfers
ICT/1d467346-15fa-4ac9- a797-fb884bcb PK,External Transfer,60,Transfers
Salary Credit - Company Payroll - REF 59015707,Client Payment 4002,59790,Income
OGT/57d7fcbb-7cb5-4b4b- a570-3498e38b PK,External Transfer,15,Transfers
ICT/9b0e1976-bcaa-4ccb- b6e6-ba1055f5 PK,External Transfer,450,Transfers
Toll Payment - M-2 - REF 58194156,Ride-hailing 2698,4095,Transportation
Bus Ticket - Hyderabad - REF 73337891,Petrol Pump 6066,14220,Transportation
Online Order - Daraz.pk - REF 27570571,Retail Store 6737,14478,Shopping & Retail
Store Purchase - G-9 Quetta - REF 55706987,Online Merchant 756,20580,Shopping (Clothes / Electronics)
KFC - F-10 Multan,Generic Store 605,16040,Restaurants / Eating Out
Water Bill - WASA - REF 43402600,Electric Company 2824,22486,Utilities & Services
Water Bill - WASA - REF 71479734,Telecom 6139,2903,Utilities & Services
Online Order - PriceOye - REF 50059393,Electronics Store 5734,83347,Shopping & Retail
Bus Ticket - Faisalabad - REF 75260991,Ride-hailing 8311,6568,Transportation
Bonus Credit - REF 11322827,Employer Bonus 8004,69402,Income
POS Transaction - Multan - REF 44287406,Loan Provider 5486,54604,Financial Services
Recreation Expense - Bahria Town Islamabad - REF 70880508,Generic Store 575,39815,Entertainment (Movies / Games / Events)
Cinema Ticket - Cinepax - Islamabad,Ticketing 8597,14802,Entertainment & Recreation
Lab Test Payment - Lahore - REF 42761458,Clinic 7704,803,Healthcare & Medical
POS Transaction - Lahore - REF 22875270,Loan Provider 8565,25880,Financial Services
Insurance Premium - Jubilee - REF 86195163,Local Shop 884,21863,Insurance
Store Purchase - DHA Peshawar - REF 86056982,Clothing Store 6509,20962,Shopping & Retail
Hospital Charges - Liaquat National - REF 72780149,Clinic 3435,4117,Healthcare & Medical
Clinic Fee - Hassan Khan - Hyderabad,Hospital 9113,62269,Healthcare & Medical
Grocery Purchase - Al-Fatah - Islamabad,Marketplace 540,43762,Restaurants / Eating Out
Money Transfer - EMAN FATIMA - 03332968914,Eman Fatima,2000,Transfers
OGT/c88da5cc-58a5-40da- 8d86-549c1423 PK,External Transfer,140,Transfers
POS Transaction - Karachi - REF 95010687,Broker 8598,61062,Financial Services
Gift Purchase - Hyderabad - REF 12828849,Service Provider 795,20560,Gifts & Celebrations
Bill Payment - REF 28550720,Generic Store 257,29423,Housing / Rent
Pharmacy Payment - D.Watson - Sialkot,Local Shop 222,42542,Medical / Pharmacy
Bonus Credit - REF 96498932,Employer Payroll 5793,151668,Income
Recreation Expense - Gulshan Peshawar - REF 23932668,Gym 2247,5298,Entertainment & Recreation
Bank Credit - HBL - REF 73159830,Merchant Refund 7874,14610,Income
Store Purchase - Saddar Faisalabad - REF 32570883,Service Provider 458,45765,Shopping (Clothes / Electronics)
Foodpanda Order - Islamabad,Service Provider 484,39300,Groceries
Charity Payment - Alkhidmat - REF 96803425,Charity 7240,10473,Charity & Donations
Bill Payment - REF 85808512,Generic Store 961,20965,Housing / Rent
POS Transaction - Quetta - REF 19669359,Bank 6634,1555,Financial Services
inDrive Ride - Lahore,Transit 1899,215,Transportation
Raast Payment - PK32JCMA0010103105452638,Pk32Jcma0010103105452638,550,Transfers
Cinema Ticket - Cinepax - Faisalabad,Ticketing 5071,13815,Entertainment & Recreation
Investment - Stocks - REF 65676575,Service Provider 509,10913,Savings / Investments
Freelance Payment - Upwork - REF 82086712,Employer Bonus 2535,80381,Income
POS Purchase - Gul Ahmed - Sialkot,Clothing Store 5827,5764,Shopping & Retail
Gift Purchase - Karachi - REF 29113687,Generic Store 980,11124,Gifts & Celebrations
Recreation Expense - I-8 Lahore - REF 92754967,Cinema 8192,3775,Entertainment & Recreation
Investment - Stocks - REF 81539561,Service Provider 425,14405,Savings / Investments
Hospital Charges - Liaquat National - REF 45306626,Local Shop 689,22341,Medical / Pharmacy
Grocery Purchase - Imtiaz - Islamabad,Cafe 5267,1384,Food & Dining
Investment - Stocks - REF 62126336,Marketplace 325,5244,Savings / Investments
Bus Ticket - Faisalabad - REF 89972550,Auto Service 1489,27151,Transportation
Charity Payment - Akhuwat - REF 57205673,Charity 1580,18960,Charity & Donations
Electronics Purchase - Samsung Store - Karachi,Generic Store 781,47891,Shopping (Clothes / Electronics)
Tuition Fee - NUST - REF 53525929,Service Provider 172,49778,Education / Tuition
Grocery Purchase - Al-Fatah - Lahore,Grocery Store 1368,4607,Food & Dining
Tuition Fee - NUST - REF 23740270,Online Merchant 943,14768,Education / Tuition
Travel Booking - PIA - REF 28012221,Generic Store 945,29567,Travel (Flights / Hotels)
Passport Fee - REF 52285268,Government 8800,43267,Government & Legal
Store Purchase - Bahria Town Islamabad - REF 61095403,Generic Store 590,9696,Home Supplies / Household Items
Bonus Credit - REF 54499797,Client Payment 7174,7428,Income
Online Order - PriceOye - REF 90975484,Service Provider 701,23405,Home Supplies / Household Items
POS Transaction - Multan - REF 80468007,Loan Provider 5006,48558,Financial Services
Tea & Snacks - F-10 Rawalpindi,Cafe 1983,648,Food & Dining
Zakat Payment - REF 64179449,Fundraiser 9918,40857,Charity & Donations
Jazz Prepaid Load - 03131234071,ISP 9468,2030,Utilities & Services
Bonus Credit - REF 94318288,Employer Payroll 6934,83652,Income
RAAST P2P SYED MUHAMMAD AM,Syed Muhammad Am,350,Transfers
OGT/0ee16478-77dd-4f43- ba00-707068eb PK,External Transfer,110,Transfers
Toll Payment - M-2 - REF 41169046,Online Merchant 692,17586,Public Transport
Chai Shai - G-9 Quetta,Grocery Store 9624,7626,Food & Dining
Pharmacy Payment - D.Watson - Peshawar,Hospital 1626,51348,Healthcare & Medical
Charity Payment - Akhuwat - REF 96989341,Fundraiser 7626,26199,Charity & Donations
RAAST P2P ABDUR RASHEED,Abdur Rasheed,100,Transfers
Hospital Charges - Liaquat National - REF 23258964,Diagnostic Lab 3295,18842,Healthcare & Medical
inDrive Ride - Hyderabad,Generic Store 546,10821,Public Transport
ICT/0c94936a-f74f-4707- 9ee5-fc3f53eb PK,External Transfer,150,Transfers
Donation - Saylani - REF 67130485,Charity 1884,27036,Charity & Donations
Bonus Credit - REF 10097483,Employer Payroll 6140,171365,Income
POS Transaction - Faisalabad - REF 74649791,Broker 1284,98627,Financial Services
Tea & Snacks - Gulshan Hyderabad,Grocery Store 2958,12634,Food & Dining
Foodpanda Order - Peshawar,Generic Store 281,29912,Groceries
Toll Payment - M-2 - REF 67840307,Ride-hailing 9496,726,Transportation
OGT/b685f041-9d4e-41e8- 8655-2c4e0960 PK,External Transfer,7400,Transfers
RAAST P2P SYED MUHAMMAD AM,Syed Muhammad Am,350,Transfers
Investment - Mutual Fund - REF 25755670,Local Shop 516,34399,Savings / Investments
Toll Payment - M-2 - REF 67755957,Transit 1907,376,Transportation
Hospital Charges - Liaquat National - REF 40336740,Pharmacy 2972,3410,Healthcare & Medical
Money Transfer - KAMRAN YAQOOB - 03005341038,Kamran Yaqoob,120,Transfers
Freelance Payment - Upwork - REF 30095292,Employer Payroll 7098,33951,Income
OGT/0e72738e-c0df-4477- a004-8ee41ebb PK,External Transfer,1600,Transfers
OGT/b9dbeb2f-86ad-418d- bc2a-b388fd5f PK,External Transfer,60,Transfers
Pizza Hut - Gulshan Lahore,Restaurant 6703,6452,Food & Dining
Grocery Purchase - Carrefour - Peshawar,Generic Store 343,42541,Groceries
Cinema Ticket - Nueplex - Faisalabad,Cinema 1529,1523,Entertainment & Recreation
Pharmacy Payment - D.Watson - Rawalpindi,Clinic 4822,3078,Healthcare & Medical
Tax Payment - FBR - REF 20477756,Legal Service 1271,71498,Government & Legal
ICT/cb83a583-071f-4cdc- acfa-732cb617 PK,External Transfer,8,Transfers
Cinema Ticket - Nueplex - Peshawar,Ticketing 4325,16733,Entertainment & Recreation
ICT/ab1b88d8-6d7b-4d7b- a3cb-f06a4f05 PK,External Transfer,350,Transfers
Online Entertainment - Steam - REF 13622372,Service Provider 325,40638,Entertainment (Movies / Games / Events)
Electronics Purchase - Samsung Store - Quetta,Clothing Store 8279,6003,Shopping & Retail
Store Purchase - Saddar Lahore - REF 31680820,Generic Store 645,24904,Home Supplies / Household Items
ICT/0044c7db-beef-4c30- 854d-8081e2c7 PK,External Transfer,500,Transfers
Passport Fee - REF 70674147,Government 2538,267,Government & Legal
Recreation Expense - G-9 Karachi - REF 57025181,Online Merchant 742,39473,Entertainment (Movies / Games / Events)
Recreation Expense - G-9 Lahore - REF 84195885,Cinema 1880,1936,Entertainment & Recreation
Bank Credit - Bank Alfalah - REF 52242082,Client Payment 9513,74853,Income
OGT/00565ff4-9253-4609- b29e-74808cff PK,External Transfer,80,Transfers
POS Transaction - Faisalabad - REF 76515592,Loan Provider 8129,18492,Financial Services
OGT/1943a3b7-5e4c-4dfd- 81d6-3fb0eeb3 PK,External Transfer,285,Transfers
POS Transaction - Multan - REF 25490328,Marketplace 542,47953,Car Maintenance
Donation - Saylani - REF 99126111,Charity 2868,28908,Charity & Donations
Tuition Fee - LUMS - REF 98074025,Generic Store 417,294,Education / Tuition
ICT/3a13d5ad-e0f7-4e53- b22c-9a350bcb PK,External Transfer,500,Transfers
Cinema Ticket - Nueplex - Multan,Streaming Service 1807,1183,Entertainment & Recreation
Monthly Subscription - Foodpanda Pro - REF 49786577,Online Merchant 634,8747,Subscriptions (Streaming / Apps)
Tuition Fee - NUST - REF 11432840,Service Provider 362,45619,Education / Tuition
Fuel Purchase - PSO - Quetta,Marketplace 253,40087,Public Transport
Hospital Charges - Liaquat National - REF 98208110,Hospital 9472,49063,Healthcare & Medical
inDrive Ride - Hyderabad,Transit 1847,96,Transportation
Gift Purchase - Rawalpindi - REF 48751578,Generic Store 751,48339,Gifts & Celebrations
Cheetay Order - Sialkot,Cafe 6294,1432,Food & Dining
Passport Fee - REF 60174111,Legal Service 6903,36010,Government & Legal
ICT/1969c825-79e4-4d78- 8dcc-bfd0c665 PK,External Transfer,160,Transfers
Bank Credit - JS Bank - REF 72081707,Employer Bonus 6684,31292,Income
Cheetay Order - Karachi,Local Shop 230,12489,Groceries
ICT/88c6f8a0-10a1-4c5e- a21f-daceb133 PK,External Transfer,120,Transfers
Foodpanda Order - Faisalabad,Restaurant 6003,11509,Food & Dining
RAAST P2P Raast IBAN Payme,Raast Iban Payme,10000,Transfers
ICT/de6906e5-329b-491f- b0a5-db052f48 PK,External Transfer,1000,Transfers
Online Entertainment - Google Play - REF 41029781,Gym 8991,7928,Entertainment & Recreation
Travel Booking - PIA - REF 14144465,Service Provider 233,33631,Travel (Flights / Hotels)
Cinema Ticket - Nueplex - Hyderabad,Marketplace 205,4961,Entertainment (Movies / Games / Events)
Store Purchase - Bahria Town Hyderabad - REF 93948296,E-commerce 2180,14182,Shopping & Retail
Foodpanda Order - Multan,Restaurant 1369,3736,Food & Dining
RAAST P2P EEMAN FATIMA,Eeman Fatima,50,Transfers
Cheetay Order - Faisalabad,Grocery Store 9958,1333,Food & Dining
StormFiber Bill Payment - REF 10371143,Marketplace 350,37214,Mobile & Internet
Metro Ticket - Lahore - REF 40666980,Generic Store 966,10074,Public Transport
Mobile Topup - Jazz - 03074440725,Telecom 3209,3505,Utilities & Services
Foodpanda Order - Lahore,Restaurant 9597,4032,Food & Dining
Hospital Charges - Shaukat Khanum - REF 72634210,Diagnostic Lab 7534,10817,Healthcare & Medical
OGT/40e660d9-50da-4a6e- 9b1f-e9284c8a PK,External Transfer,3500,Transfers
Careem Ride - Quetta,Ride-hailing 4109,2511,Transportation
Investment - Mutual Fund - REF 91811418,Marketplace 939,26622,Savings / Investments
Grocery Purchase - Metro - Islamabad,Grocery Store 6990,554,Food & Dining
Travel Booking - Airblue - REF 81991449,Marketplace 956,25855,Travel (Flights / Hotels)
OGT/bcf458af-27ce-4363- bfd0-c5f28a6e PK,External Transfer,1,Transfers
Freelance Payment - Upwork - REF 50560997,Merchant Refund 9339,3814,Income
POS Transaction - Peshawar - REF 30336235,Service Provider 826,16744,Car Maintenance
Grocery Purchase - Carrefour - Peshawar,Service Provider 397,12418,Coffee & Snacks
Recreation Expense - Clifton Rawalpindi - REF 36677405,Streaming Service 3592,2861,Entertainment & Recreation
Telenor Prepaid Load - 03476066009,Water Utility 8738,7301,Utilities & Services
Foodpanda Order - Quetta,Delivery Service 5631,5725,Food & Dining
Grocery Purchase - Al-Fatah - Hyderabad,Restaurant 4671,9371,Food & Dining
POS Purchase - Metro - Hyderabad,Retail Store 2494,6322,Shopping & Retail
Store Purchase - DHA Hyderabad - REF 71426605,E-commerce 7724,4801,Shopping & Retail
LESCO Bill Payment - REF 59511976,Service Provider 795,13438,Electricity / Water / Gas
OGT/d752691e-dcf6-44a7- 8169-f0423cf8 PK,External Transfer,500,Transfers
Store Purchase - Defence Karachi - REF 43339631,Clothing Store 2401,23456,Shopping & Retail
Challan Payment - REF 33529880,Government 4777,12650,Government & Legal
Store Purchase - I-8 Quetta - REF 90044436,Electronics Store 3341,74683,Shopping & Retail
Bundu Khan - Gulshan Karachi,Online Merchant 997,45875,Restaurants / Eating Out
Water Bill - WASA - REF 67915849,Generic Store 103,11750,Electricity / Water / Gas
OGT/2faa0aac-7ed6-4513- a5a1-403b9cf9 PK,External Transfer,900,Transfers
OGT/01054e9e-b1dd-493e- 993a-8f5626cc PK,External Transfer,5920,Transfers
OGT/fab36fb0-9cf2-425c- 902e-2fa60fa6 PK,External Transfer,200,Transfers
App Store Subscription - REF 72670440,Local Shop 437,27678,Subscriptions (Streaming / Apps)
Bank Credit - HBL - REF 20287126,Merchant Refund 4888,13333,Income
ICT/7cebb8a7-2a81-4323- 91c3-5737199b PK,External Transfer,1000,Transfers
Traffic Fine - REF 34302191,Government 7398,26189,Government & Legal
Gas Bill Payment - SSGC - REF 48219676,Generic Store 730,48530,Electricity / Water / Gas
ICT/f113e7e7-b7e8-46f0- b2b2-c8ab10d5 PK,External Transfer,10000,Transfers
Pharmacy Payment - Servaid - Faisalabad,Pharmacy 6603,5329,Healthcare & Medical
Recreation Expense - Johar Town Rawalpindi - REF 26763239,Cinema 4103,3856,Entertainment & Recreation
Water Bill - WASA - REF 36036197,ISP 7657,10109,Utilities & Services
ICT/1e9f06cd-358c-498b- 8617-50fce4b5 PK,External Transfer,120,Transfers
Freelance Payment - Upwork - REF 66276495,Employer Payroll 9422,145110,Income
Raast Payment - PK62MEZN0003280106939210,Pk62Mezn0003280106939210,130,Transfers
Store Purchase - G-9 Karachi - REF 80959487,Local Shop 839,3754,Shopping (Clothes / Electronics)
POS Transaction - Islamabad - REF 65930941,Bank 4539,1419,Financial Services
POS Transaction - Islamabad - REF 67263128,Bank 3054,559,Financial Services
Hospital Charges - Shaukat Khanum - REF 82864938,Hospital 3278,14822,Healthcare & Medical
Cinema Ticket - Cinepax - Sialkot,Cinema 8735,4751,Entertainment & Recreation
Tuition Fee - FAST - REF 28165080,Online Merchant 231,1146,Education / Tuition
Cheetay Order - Islamabad,Cafe 2492,1111,Food & Dining
Passport Fee - REF 37011233,Government 3897,112293,Government & Legal
Netflix.com Los Gatos SGP,Netflix,268.47,Subscriptions
Investment - Stocks - REF 86346470,Online Merchant 608,30799,Savings / Investments
Grocery Purchase - Al-Fatah - Faisalabad,Local Shop 917,15318,Restaurants / Eating Out
Lab Test Payment - Karachi - REF 39371756,Diagnostic Lab 8390,22728,Healthcare & Medical
POS Transaction - Multan - REF 59371994,Broker 5204,78481,Financial Services
POS Transaction - Sialkot - REF 62009650,Bank 5383,1841,Financial Services
Gift Purchase - Rawalpindi - REF 86316349,Marketplace 409,21108,Gifts & Celebrations
POS Transaction - Rawalpindi - REF 82728244,Online Merchant 250,23435,Car Maintenance
Bill Payment - REF 70124489,Marketplace 709,38941,Housing / Rent
Fuel Purchase - PSO - Quetta,Auto Service 4161,9773,Transportation
RAAST P2P EMAN FATIMA,Eman Fatima,500,Transfers
POS Transaction - Multan - REF 85992499,Bank 7110,1132,Financial Services
Online Order - Daraz.pk - REF 39495151,E-commerce 7342,17686,Shopping & Retail
Recreation Expense - Gulshan Islamabad - REF 51215083,Generic Store 904,5207,Entertainment (Movies / Games / Events)
Ufone Prepaid Load - 03392263300,Service Provider 572,10812,Mobile & Internet
POS Transaction - Sialkot - REF 72642947,Bank 7481,951,Financial Services
Salary Credit - Payroll - REF 64148927,Client Payment 9322,35307,Income
Zakat Payment - REF 81470658,Charity 9769,19658,Charity & Donations
Store Purchase - Johar Town Islamabad - REF 54021500,Service Provider 197,46624,Shopping (Clothes / Electronics)
OGT/5d8f21e4-1d4f-454c- 9c63-cc615f6f PK,External Transfer,470,Transfers
Bonus Credit - REF 14187963,Merchant Refund 7296,10002,Income
Electronics Purchase - Haier - Islamabad,Electronics Store 7787,115553,Shopping & Retail
ICT/bf1b7e28-4856-42f0- 97cd-9e4fddcc PK,External Transfer,631,Transfers
Insurance Premium - Adamjee - REF 87542422,Marketplace 200,33294,Insurance
Pharmacy Payment - Servaid - Lahore,Pharmacy 4773,1368,Healthcare & Medical
Cinema Ticket - Cinepax - Multan,Cinema 5124,4063,Entertainment & Recreation
RAAST P2P BABU AKHLAQ TUCK,Babu Akhlaq Tuck,200,Transfers
Metro Ticket - Lahore - REF 28257253,Online Merchant 920,13114,Public Transport
Bank Credit - Bank Alfalah - REF 37495677,Employer Bonus 6781,64643,Income
Bus Ticket - Islamabad - REF 59376956,Auto Service 6826,16794,Transportation
Travel Booking - PIA - REF 63089848,Marketplace 595,2163,Travel (Flights / Hotels)
Pharmacy Payment - D.Watson - Peshawar,Pharmacy 1004,1968,Healthcare & Medical
Electronics Purchase - Haier - Karachi,Clothing Store 5220,924,Shopping & Retail
Bill Payment - REF 99058899,Online Merchant 816,23204,Housing / Rent
ICT/07d89016-bec3-4e57- 9634-3f3aac3d PK,External Transfer,1270,Transfers
Hardee's - G-9 Faisalabad,Generic Store 199,25457,Restaurants / Eating Out
POS Transaction - Hyderabad - REF 91770059,Loan Provider 6578,13522,Financial Services
Fuel Purchase - Shell - Peshawar,Transit 7245,314,Transportation
Cheetay Order - Hyderabad,Grocery Store 1011,2606,Food & Dining
Charity Payment - Alkhidmat - REF 88048376,Fundraiser 8725,7566,Charity & Donations
Gift Purchase - Faisalabad - REF 68757851,Online Merchant 895,45474,Gifts & Celebrations
Jazz Prepaid Load - 03056595068,ISP 6745,4959,Utilities & Services
Bus Ticket - Sialkot - REF 52821276,Transit 4818,377,Transportation
Store Purchase - Johar Town Quetta - REF 36462461,E-commerce 2848,16922,Shopping & Retail
Online Order - PriceOye - REF 98174183,E-commerce 1601,38941,Shopping & Retail
OGT/a5e6615a-a1cd-4f9f- bc99-d47acf90 PK,External Transfer,140,Transfers
Cinema Ticket - Nueplex - Hyderabad,Local Shop 468,12863,Entertainment (Movies / Games / Events)
Foodpanda Order - Islamabad,Grocery Store 5406,14457,Food & Dining
Bus Ticket - Sialkot - REF 19732860,Marketplace 206,38010,Fuel / Gas
POS Transaction - Quetta - REF 29143342,Bank 6894,715,Financial Services
Cinema Ticket - Cinepax - Faisalabad,Gym 9365,9183,Entertainment & Recreation
Bank Credit - Standard Chartered - REF 58332653,Employer Bonus 2798,84110,Income
Insurance Premium - Adamjee - REF 82280763,Service Provider 228,18852,Insurance
OGT/09caa0ed-4b00-4819- 8220-0b555742 PK,External Transfer,100,Transfers
Bundu Khan - DHA Karachi,Delivery Service 9800,2154,Food & Dining
Traffic Fine - REF 71416063,Government 8807,215022,Government & Legal
OGT/8516680d-781f-43b8- b981-4e968ad5 PK,External Transfer,130,Transfers
OGT/fa38752a-0ac9-438a- bf6b-1c4a2085 PK,External Transfer,4000,Transfers
Gas Bill Payment - SNGPL - REF 82833530,Telecom 6925,1541,Utilities & Services
Metro Ticket - Lahore - REF 92525933,Online Merchant 972,17351,Public Transport
Hospital Charges - Liaquat National - REF 75223007,Hospital 2818,39288,Healthcare & Medical
RAAST P2P AYAZ MUHAMMAD,Ayaz Muhammad,150,Transfers
Tax Payment - FBR - REF 25795878,Government 3969,7017,Government & Legal
Bus Ticket - Faisalabad - REF 81789970,Petrol Pump 4184,4861,Transportation
Toll Payment - M-2 - REF 31054316,Generic Store 977,30993,Public Transport
Investment - Mutual Fund - REF 76653406,Service Provider 981,20622,Savings / Investments
POS Transaction - Islamabad - REF 95815393,Loan Provider 6177,8369,Financial Services
Cheetay Order - Peshawar,Delivery Service 7094,1799,Food & Dining
RAAST P2P USMAN GHANI,Usman Ghani,50,Transfers
Gift Purchase - Hyderabad - REF 97077745,Generic Store 126,20741,Gifts & Celebrations
Bill Payment - REF 65659394,Online Merchant 314,15145,Housing / Rent
Bus Ticket - Multan - REF 43750124,Petrol Pump 6103,930,Transportation
StormFiber Bill Payment - REF 14113877,Marketplace 387,18758,Electricity / Water / Gas
Toll Payment - M-2 - REF 89297367,Online Merchant 909,11876,Ride Sharing / Taxi
Hardee's - Gulshan Karachi,Delivery Service 9667,1923,Food & Dining
POS Transaction - Hyderabad - REF 97114969,Generic Store 225,41238,Car Maintenance
Salary Credit - Payroll - REF 42850819,Employer Payroll 1891,181665,Income
Bonus Credit - REF 41257405,Merchant Refund 4832,18545,Income
OGT/dd015fdb-d59f-46f3- ac41-4ee1eca6 PK,External Transfer,100,Transfers
Gift Purchase - Rawalpindi - REF 24916301,Service Provider 509,38600,Gifts & Celebrations
Lab Test Payment - Multan - REF 23888274,Hospital 7756,6219,Healthcare & Medical
Grocery Purchase - Imtiaz - Islamabad,Generic Store 597,26310,Coffee & Snacks
Hardee's - Saddar Peshawar,Online Merchant 259,526,Restaurants / Eating Out
Investment - Stocks - REF 85011658,Marketplace 198,5497,Savings / Investments
Mobile Topup - Zong - 03470341100,Electric Company 8304,21012,Utilities & Services
POS Purchase - Metro - Peshawar,Clothing Store 1977,24744,Shopping & Retail
Zakat Payment - REF 17122697,Charity 9267,136298,Charity & Donations
Online Order - Daraz.pk - REF 36844244,Retail Store 2787,7921,Shopping & Retail
Salary Credit - Company Payroll - REF 52182854,Employer Payroll 5156,183290,Income
POS Purchase - Daraz.pk - Sialkot,Online Merchant 420,26288,Home Supplies / Household Items
RAAST P2P MUHAMMAD KASHIF,Muhammad Kashif,130,Transfers
Gas Bill Payment - SNGPL - REF 84652025,Electric Company 2952,10936,Utilities & Services
Toll Payment - M-2 - REF 88145247,Ride-hailing 5423,6558,Transportation
Water Bill - WASA - REF 21365438,ISP 4985,10286,Utilities & Services
POS Purchase - Metro - Quetta,Retail Store 3915,1527,Shopping & Retail
Grocery Purchase - Al-Fatah - Lahore,Delivery Service 6596,880,Food & Dining
Hospital Charges - Aga Khan - REF 70438217,Marketplace 560,16262,Medical / Pharmacy
Metro Ticket - Lahore - REF 57420777,Generic Store 808,31650,Fuel / Gas
Hospital Charges - Shaukat Khanum - REF 59574719,Hospital 7639,44557,Healthcare & Medical
Grocery Purchase - Metro - Faisalabad,Delivery Service 3694,442,Food & Dining
Telenor Prepaid Load - 03241631583,Generic Store 184,15800,Mobile & Internet
POS Transaction - Karachi - REF 93423488,Bank 4766,1250,Financial Services
Passport Fee - REF 89486237,Legal Service 6783,86286,Government & Legal
NETFLIX.COM Singapore SGP,Netflix,268.47,Subscriptions
inDrive Ride - Islamabad,Marketplace 655,32629,Public Transport
Online Order - Telemart - REF 75088246,Retail Store 9536,9528,Shopping & Retail
Store Purchase - Defence Faisalabad - REF 74548481,Service Provider 828,37941,Home Supplies / Household Items
Charity Payment - Akhuwat - REF 81127840,Fundraiser 6309,32921,Charity & Donations
Online Order - Telemart - REF 61070230,E-commerce 3886,14982,Shopping & Retail
Store Purchase - DHA Peshawar - REF 56755776,Electronics Store 9051,27729,Shopping & Retail
Cheetay Order - Karachi,Local Shop 825,26725,Restaurants / Eating Out
Insurance Premium - Jubilee - REF 10593018,Local Shop 925,24407,Insurance
Lab Test Payment - Faisalabad - REF 30156893,Clinic 2946,4798,Healthcare & Medical
Travel Booking - SereneAir - REF 49254089,Local Shop 975,30273,Travel (Flights / Hotels)
Store Purchase - Clifton Karachi - REF 15421268,Electronics Store 2057,109482,Shopping & Retail
Student Biryani - I-8 Lahore,Grocery Store 8053,8858,Food & Dining
Online Order - PriceOye - REF 74165811,Clothing Store 2519,22616,Shopping & Retail
Bus Ticket - Rawalpindi - REF 62105480,Transit 4658,470,Transportation
Investment - Stocks - REF 19638285,Local Shop 692,4342,Savings / Investments
Freelance Payment - Upwork - REF 38433005,Employer Payroll 2388,150245,Income
Pharmacy Payment - Imtiaz Pharmacy - Faisalabad,Clinic 9250,2777,Healthcare & Medical
Foodpanda Order - Quetta,Marketplace 784,32579,Restaurants / Eating Out
Hardee's - F-10 Karachi,Local Shop 682,29398,Groceries
POS Transaction - Karachi - REF 98756687,Broker 5854,138528,Financial Services
Gift Purchase - Hyderabad - REF 35120739,Local Shop 928,28836,Gifts & Celebrations
Investment - Mutual Fund - REF 70083377,Marketplace 260,48686,Savings / Investments
Bykea Ride - Islamabad,Marketplace 572,17201,Fuel / Gas
Recreation Expense - Defence Hyderabad - REF 13898484,Streaming Service 9879,1754,Entertainment & Recreation
Charity Payment - Alkhidmat - REF 44156875,Fundraiser 3435,40597,Charity & Donations
Hospital Charges - Aga Khan - REF 31655465,Diagnostic Lab 9009,3805,Healthcare & Medical
Internet Bill - Nayatel - REF 69189791,Service Provider 710,30522,Mobile & Internet
Travel Booking - Airblue - REF 52122992,Local Shop 195,42116,Travel (Flights / Hotels)
Telenor Prepaid Load - 03277185038,Service Provider 609,26302,Mobile & Internet
Bonus Credit - REF 94583189,Employer Bonus 2294,46201,Income
Insurance Premium - Adamjee - REF 18447464,Generic Store 375,29799,Insurance
Online Order - Telemart - REF 48231561,E-commerce 2212,3388,Shopping & Retail
Mobile Topup - Jazz - 03431727389,Water Utility 1160,5466,Utilities & Services
Recreation Expense - Bahria Town Multan - REF 94479032,Ticketing 9431,18177,Entertainment & Recreation
Bank Credit - Standard Chartered - REF 89598942,Merchant Refund 2300,13280,Income
Money Transfer - EMAN FATIMA - 03332968914,Eman Fatima,500,Transfers
Tuition Fee - FAST - REF 76794476,Generic Store 322,15105,Education / Tuition
Online Entertainment - PSN - REF 72209742,Streaming Service 1800,503,Entertainment & Recreation
POS Transaction - Rawalpindi - REF 17840319,Bank 4160,150,Financial Services
Store Purchase - G-9 Sialkot - REF 32054537,Service Provider 895,10446,Shopping (Clothes / Electronics)
Travel Booking - PIA - REF 93193807,Service Provider 232,29141,Travel (Flights / Hotels)
Restaurant Payment - Bahria Town Islamabad - REF 36343097,Delivery Service 7705,3377,Food & Dining
Fuel Purchase - PSO - Quetta,Marketplace 584,40155,Ride Sharing / Taxi
Bank Credit - MCB - REF 48730397,Employer Payroll 7613,68878,Income
Travel Booking - Airblue - REF 83497873,Marketplace 788,22767,Travel (Flights / Hotels)
Tea & Snacks - G-9 Multan,Grocery Store 3182,9043,Food & Dining
CWD/PAK AUSTRIA PAK AUSTRIA HARIPUR PK,Pak Austria Pak Austria Haripur Pk,5023.44,Cash Withdrawal
Cinema Ticket - Cinepax - Multan,Gym 8440,5376,Entertainment & Recreation
Bus Ticket - Quetta - REF 27706465,Service Provider 235,42622,Public Transport
OGT/3252abb2-65de-489b- b7a0-d32f25ae PK,External Transfer,19000,Transfers
POS Transaction - Quetta - REF 12050063,Local Shop 816,39092,Car Maintenance
OGT/f1463f7a-1079-40c6- 8b75-d8b2ee8d PK,External Transfer,800,Transfers
Electronics Purchase - Samsung Store - Karachi,E-commerce 1848,8236,Shopping & Retail
Bykea Ride - Quetta,Auto Service 7636,10026,Transportation
Salary Credit - Payroll - REF 70549472,Client Payment 3983,76533,Income
Subscription Payment - Netflix - REF 96712686,Local Shop 563,18512,Subscriptions (Streaming / Apps)
POS Transaction - Sialkot - REF 51211993,Bank 2203,883,Financial Services
Tea & Snacks - I-8 Faisalabad,Marketplace 945,2327,Restaurants / Eating Out
POS Purchase - Carrefour - Hyderabad,Retail Store 5951,14230,Shopping & Retail
Water Bill - WASA - REF 19292421,Telecom 7843,282,Utilities & Services
Charity Payment - Akhuwat - REF 60647789,Fundraiser 6478,4554,Charity & Donations
Online Order - PriceOye - REF 96094113,E-commerce 3316,21438,Shopping & Retail
Money Transfer - USMAN GHANI - 03467476318,Usman Ghani,250,Transfers
POS Purchase - Metro - Karachi,Retail Store 3168,14466,Shopping & Retail
Recreation Expense - Bahria Town Rawalpindi - REF 38209082,Gym 5003,6130,Entertainment & Recreation
Fuel Purchase - Shell - Islamabad,Petrol Pump 6352,5033,Transportation
Traffic Fine - REF 59821462,Government 8490,44910,Government & Legal
Online Entertainment - Google Play - REF 85722095,Cinema 1722,3806,Entertainment & Recreation
Cinema Ticket - Cinepax - Islamabad,Cinema 1528,1953,Entertainment & Recreation
OGT/9e125c81-6e91-4cdc- 9d99-1355cd2a PK,External Transfer,100,Transfers
Donation - Edhi Foundation - REF 28183852,Charity 3550,167655,Charity & Donations
Money Transfer - SHAISTA KHAN - 03478613356,Shaista Khan,240,Transfers
Insurance Premium - EFU - REF 14297978,Local Shop 780,29301,Insurance
Travel Booking - Airblue - REF 98557125,Marketplace 911,30276,Travel (Flights / Hotels)
Store Purchase - DHA Hyderabad - REF 45579423,Marketplace 451,5793,Shopping (Clothes / Electronics)
ICT/8fda4f3e-6fa1-435a- 91c6-732d5ae3 PK,External Transfer,300,Transfers
Recreation Expense - Johar Town Lahore - REF 60277564,Ticketing 8475,11657,Entertainment & Recreation
Passport Fee - REF 58005450,Government 8457,224295,Government & Legal
POS Transaction - Lahore - REF 14696034,Loan Provider 8372,73775,Financial Services
Online Order - Telemart - REF 36781155,Electronics Store 2417,38511,Shopping & Retail
Cheetay Order - Islamabad,Cafe 3115,671,Food & Dining
Toll Payment - M-2 - REF 49429773,Marketplace 650,4429,Public Transport
Jazz Prepaid Load - 03467005498,ISP 4168,6188,Utilities & Services
Online Order - Daraz.pk - REF 69053486,Marketplace 628,23812,Shopping (Clothes / Electronics)
Bank Credit - Allied Bank - REF 98382638,Client Payment 9423,79354,Income
Electronics Purchase - PriceOye - Peshawar,Retail Store 6375,3875,Shopping & Retail
Donation - Edhi Foundation - REF 62237158,Charity 2997,6555,Charity & Donations
Charity Payment - Alkhidmat - REF 83571361,Charity 6895,165020,Charity & Donations
RAAST P2P YAHYA KHAN,Yahya Khan,40,Transfers
POS Transaction - Hyderabad - REF 97830259,Service Provider 396,47650,Car Maintenance
Tea & Snacks - Johar Town Karachi,Marketplace 319,10686,Coffee & Snacks
ICT/ab098d7e-f6f7-4fb0- 92f5-958fbfc0 PK,External Transfer,3000,Transfers
Money Transfer - EMAN FATIMA - 03332968914,Eman Fatima,600,Transfers
App Store Subscription - REF 73583320,Local Shop 275,2244,Subscriptions (Streaming / Apps)
Donation - Edhi Foundation - REF 72855498,Fundraiser 1996,26800,Charity & Donations
POS Transaction - Karachi - REF 75280550,Bank 9382,1709,Financial Services
Zong Prepaid Load - 03135675785,Electric Company 6596,7471,Utilities & Services
Bonus Credit - REF 83075237,Merchant Refund 3532,17143,Income
Gift Purchase - Sialkot - REF 48741953,Generic Store 502,31215,Gifts & Celebrations
Travel Booking - Airblue - REF 30482574,Online Merchant 499,8808,Travel (Flights / Hotels)
RAAST P2P YAHYA KHAN,Yahya Khan,3000,Transfers
StormFiber Bill Payment - REF 70611492,Online Merchant 242,8580,Electricity / Water / Gas
Cheetay Order - Multan,Local Shop 286,48859,Restaurants / Eating Out
Salary Credit - Payroll - REF 33632909,Employer Bonus 8653,30742,Income
OGT/2828af54-ae45-4259- a27e-a4a042f2 PK,External Transfer,150,Transfers
Lab Test Payment - Sialkot - REF 67999338,Clinic 4960,7233,Healthcare & Medical
POS Transaction - Karachi - REF 31070233,Bank 6340,601,Financial Services
Tuition Fee - FAST - REF 19212733,Service Provider 902,39032,Education / Tuition
Bank Credit - MCB - REF 21715135,Employer Payroll 1404,147295,Income
CWD/PAK AUSTRIA PAK AUSTRIA HARIPUR PK,Pak Austria Pak Austria Haripur Pk,1000,Cash Withdrawal
POS Transaction - Lahore - REF 13678848,Marketplace 301,36304,Car Maintenance
Zakat Payment - REF 44824049,Charity 4764,149005,Charity & Donations
OGT/3e488859-390f-470a- bcc7-290b01aa PK,External Transfer,720,Transfers
OGT/748098ae-38f8-48b1- 9a8d-ad96f510 PK,External Transfer,250,Transfers
Insurance Premium - Jubilee - REF 77820837,Online Merchant 645,15026,Insurance
Traffic Fine - REF 19872418,Government 1663,7920,Government & Legal
Restaurant Payment - Johar Town Peshawar - REF 85655034,Cafe 4945,1007,Food & Dining
Water Bill - WASA - REF 95196752,Electric Company 7098,7836,Utilities & Services
Traffic Fine - REF 24340407,Government 3952,3217,Government & Legal
Clinic Fee - Ayesha Malik - Lahore,Pharmacy 4681,3200,Healthcare & Medical
Charity Payment - Akhuwat - REF 39821088,Charity 2455,57214,Charity & Donations
Lab Test Payment - Quetta - REF 54024730,Clinic 2489,10681,Healthcare & Medical
Foodpanda Order - Multan,Service Provider 502,21071,Restaurants / Eating Out
Bus Ticket - Sialkot - REF 66181284,Online Merchant 590,19464,Public Transport
Bus Ticket - Karachi - REF 29777124,Ride-hailing 4047,6753,Transportation
Hospital Charges - Aga Khan - REF 78666258,Pharmacy 1036,2267,Healthcare & Medical
Challan Payment - REF 59899022,Government 4112,2039,Government & Legal
Passport Fee - REF 72372382,Government 9359,41556,Government & Legal
SSGC Bill Payment - REF 78406348,Online Merchant 929,40656,Electricity / Water / Gas
OGT/375f65e2-3813-41e6- 8d6b-cf0c2ace PK,External Transfer,250,Transfers
Bus Ticket - Islamabad - REF 34438676,Service Provider 534,22887,Public Transport
Store Purchase - Saddar Peshawar - REF 20631266,Electronics Store 4426,114824,Shopping & Retail
Hospital Charges - Liaquat National - REF 95106897,Generic Store 204,32721,Medical / Pharmacy
Netflix.com Los Gatos SGP,Netflix,268.47,Subscriptions
Bonus Credit - REF 56405695,Merchant Refund 3530,2553,Income
Netflix.com Los Gatos SGP,Netflix,268.47,Subscriptions
POS Purchase - Daraz.pk - Peshawar,Generic Store 319,42613,Shopping (Clothes / Electronics)
Online Order - PriceOye - REF 11565691,Retail Store 5763,6763,Shopping & Retail
Tax Payment - FBR - REF 54801930,Government 8109,21387,Government & Legal
Investment - Stocks - REF 48101772,Service Provider 690,34587,Savings / Investments
Cinema Ticket - Nueplex - Rawalpindi,Service Provider 561,45269,Entertainment (Movies / Games / Events)
ICT/a16e6f3b-9860-48dd- b392-bd323c88 PK,External Transfer,1000,Transfers
Freelance Payment - Upwork - REF 53715757,Client Payment 8207,17704,Income
POS Purchase - Daraz.pk - Rawalpindi,E-commerce 2326,32148,Shopping & Retail
Salary Credit - Payroll - REF 78607422,Employer Payroll 8238,192432,Income
Gas Bill Payment - SSGC - REF 33837176,Water Utility 5549,1991,Utilities & Services
Bank Credit - Meezan Bank - REF 47658437,Client Payment 8489,62589,Income
Online Entertainment - Steam - REF 63415558,Ticketing 1506,17822,Entertainment & Recreation
OGT/ed929a2d-0329-4179- 82cc-f6acf570 PK,External Transfer,60,Transfers
Bykea Ride - Rawalpindi,Petrol Pump 8901,1223,Transportation
Tax Payment - FBR - REF 98091078,Government 7030,12199,Government & Legal
Telenor Prepaid Load - 03223228926,Electric Company 2080,5091,Utilities & Services
Recreation Expense - Bahria Town Rawalpindi - REF 39549443,Streaming Service 9694,1017,Entertainment & Recreation
ICT/9316092b-3eb1-4486- 9687-473f96c1 PK,External Transfer,50,Transfers
Water Bill - WASA - REF 24935179,Online Merchant 388,41909,Mobile & Internet
Charity Payment - Akhuwat - REF 72517992,Fundraiser 4538,20044,Charity & Donations
Zong Prepaid Load - 03129722970,Online Merchant 910,27035,Electricity / Water / Gas
Gift Purchase - Quetta - REF 70722494,Service Provider 795,3600,Gifts & Celebrations
Water Bill - WASA - REF 36836803,Telecom 1521,3759,Utilities & Services
Tax Payment - FBR - REF 32294074,Government 8788,40713,Government & Legal
ICT/50bd2e03-e864-4257- b9c0-843a6e19 PK,External Transfer,1160,Transfers
Bank Credit - Meezan Bank - REF 38336806,Client Payment 1914,72016,Income
Restaurant Payment - Gulshan Rawalpindi - REF 86635375,Grocery Store 3525,1349,Food & Dining
Careem Ride - Faisalabad,Service Provider 580,3554,Public Transport
OGT/5597a421-acf2-4294- 971e-48c4b869 PK,External Transfer,1650,Transfers
Pharmacy Payment - D.Watson - Islamabad,Clinic 3652,2463,Healthcare & Medical
Gift Purchase - Lahore - REF 15196472,Generic Store 166,17385,Gifts & Celebrations
Zakat Payment - REF 17714338,Charity 2342,43629,Charity & Donations
Gas Bill Payment - SNGPL - REF 49290155,ISP 3144,14809,Utilities & Services
Foodpanda Order - Faisalabad,Restaurant 6727,3277,Food & Dining
Metro Ticket - Islamabad - REF 31294619,Online Merchant 550,14824,Fuel / Gas
OPTp - I-8 Sialkot,Cafe 8644,1078,Food & Dining
Bus Ticket - Multan - REF 27545818,Transit 5980,160,Transportation
SSGC Bill Payment - REF 85332991,Telecom 6779,2680,Utilities & Services
POS Transaction - Multan - REF 61315164,Broker 9432,132134,Financial Services
Internet Bill - StormFiber - REF 45293898,Water Utility 3019,7482,Utilities & Services
Gas Bill Payment - SSGC - REF 95289265,Local Shop 937,15432,Mobile & Internet
Monthly Subscription - Careem Plus - REF 67567055,Marketplace 155,10374,Subscriptions (Streaming / Apps)
Donation - Saylani - REF 50401673,Charity 3507,26464,Charity & Donations
OGT/bbb874ca-6488-4d11- bac7-60828940 PK,External Transfer,50,Transfers
Tax Payment - FBR - REF 21941066,Government 9881,28992,Government & Legal
ICT/b4d79bca-0776-42d3- 8e95-3509360e PK,External Transfer,300,Transfers
Grocery Purchase - Imtiaz - Sialkot,Generic Store 530,26148,Coffee & Snacks
Travel Booking - PIA - REF 54274522,Local Shop 248,18125,Travel (Flights / Hotels)
Travel Booking - Airblue - REF 33779960,Generic Store 212,34157,Travel (Flights / Hotels)
POS Purchase - Khaadi - Sialkot,Retail Store 6878,3956,Shopping & Retail
Clinic Fee - Shafqat Khan - Lahore,Hospital 4689,30278,Healthcare & Medical
Pharmacy Payment - Servaid - Multan,Diagnostic Lab 3893,10351,Healthcare & Medical
Donation - Saylani - REF 68654041,Charity 6947,23230,Charity & Donations
Lab Test Payment - Sialkot - REF 48329191,Clinic 4643,12611,Healthcare & Medical
Clinic Fee - Ahmed Ali - Hyderabad,Clinic 7839,2109,Healthcare & Medical
Rent Payment - Abdullah - Rawalpindi,Generic Store 933,39100,Housing / Rent
OGT/0f56a1ab-56e8-4da8- 8e8d-d638e137 PK,External Transfer,24,Transfers
ICT/07c6dba5-ea9b-4707- bb72-60ac3c06 PK,External Transfer,300,Transfers
inDrive Ride - Hyderabad,Ride-hailing 2162,3080,Transportation
Clinic Fee - Ahmed Ali - Peshawar,Hospital 4310,26115,Healthcare & Medical
PUR/APPLE.COM/BILL Hollyhill Estate CORK UNKNOWN IR IRL,Apple.Com/Bill Hollyhill Estate Cork Unknown Ir Irl,252.66,Bills
APPLE.COM/BILL ITUNES.COM IRL,Apple,154.71,Bills
Metro Ticket - Islamabad - REF 86032517,Marketplace 277,8204,Fuel / Gas
POS Transaction - Peshawar - REF 36571355,Loan Provider 5747,11888,Financial Services
Subscription Payment - Netflix - REF 22369553,Local Shop 501,39697,Subscriptions (Streaming / Apps)
Restaurant Payment - Saddar Peshawar - REF 75568876,Cafe 9860,294,Food & Dining
Lab Test Payment - Faisalabad - REF 38186138,Diagnostic Lab 5849,14186,Healthcare & Medical
Cheetay Order - Faisalabad,Generic Store 212,34898,Groceries
Clinic Fee - Ahmed Ali - Quetta,Pharmacy 9549,4989,Healthcare & Medical
Fuel Purchase - Shell - Karachi,Transit 4623,99,Transportation
Charity Payment - Alkhidmat - REF 35651819,Charity 1577,117684,Charity & Donations
OGT/31bb2e09-f360-4ea9- a60f-1bb65b6e PK,External Transfer,830,Transfers
SSGC Bill Payment - REF 23577529,Telecom 3133,3878,Utilities & Services
Money Transfer - EMAN FATIMA - 03332968914,Eman Fatima,550,Transfers
POS Transaction - Faisalabad - REF 10834735,Broker 8872,99707,Financial Services
Charity Payment - Akhuwat - REF 69340082,Charity 7680,17593,Charity & Donations
POS Transaction - Islamabad - REF 44657532,Bank 3658,1237,Financial Services
POS Transaction - Lahore - REF 15722253,Bank 5766,161,Financial Services
Insurance Premium - Jubilee - REF 25405318,Generic Store 761,21476,Insurance
Raast Payment - PK32JCMA0010103105452638,Pk32Jcma0010103105452638,120,Transfers
Mobile Topup - Zong - 03214143754,ISP 8293,8070,Utilities & Services
Freelance Payment - Fiverr - REF 71471631,Client Payment 3843,40216,Income
Tuition Fee - FAST - REF 52268822,Service Provider 160,22698,Education / Tuition
Cinema Ticket - Nueplex - Sialkot,Streaming Service 6109,1800,Entertainment & Recreation
ICT/2f644551-25bb-4956- a8f4-6133d81d PK,External Transfer,2000,Transfers
Cinema Ticket - Cinepax - Peshawar,Local Shop 445,40364,Entertainment (Movies / Games / Events)
Gift Purchase - Rawalpindi - REF 10788377,Service Provider 981,10376,Gifts & Celebrations
Challan Payment - REF 25568227,Government 8308,96658,Government & Legal
Gas Bill Payment - SSGC - REF 91250230,ISP 4444,9209,Utilities & Services
ICT/6ced5232-4818-492f- 9876-48affd72 PK,External Transfer,3000,Transfers
Bus Ticket - Sialkot - REF 64818640,Service Provider 307,20440,Ride Sharing / Taxi
Insurance Premium - Adamjee - REF 69274738,Marketplace 793,939,Insurance
inDrive Ride - Rawalpindi,Online Merchant 515,29339,Fuel / Gas
Lab Test Payment - Lahore - REF 66061891,Service Provider 513,23378,Medical / Pharmacy
OGT/6ee82b09-0af3-4436- 96d9-f4b6e8c9 PK,External Transfer,200,Transfers
Bonus Credit - REF 39066954,Employer Bonus 4190,71550,Income
Passport Fee - REF 73893468,Government 2377,24704,Government & Legal
Gas Bill Payment - SSGC - REF 27836046,ISP 7722,5406,Utilities & Services
Traffic Fine - REF 32233529,Government 7766,12038,Government & Legal
POS Purchase - Metro - Quetta,Online Merchant 621,10093,Shopping (Clothes / Electronics)
ICT/f765420d-1a79-48a8- 9eaa-610cc600 PK,External Transfer,1000,Transfers
Tax Payment - FBR - REF 24185804,Government 7856,9159,Government & Legal
Cinema Ticket - Nueplex - Hyderabad,Gym 7119,11001,Entertainment & Recreation
Gas Bill Payment - SSGC - REF 23337458,ISP 6677,1040,Utilities & Services
Clinic Fee - Ahmed Ali - Quetta,Hospital 9784,58004,Healthcare & Medical
Raast Payment - PK62JCMA2601923017811338,Pk62Jcma2601923017811338,2000,Transfers
POS Transaction - Islamabad - REF 10759714,Bank 3213,870,Financial Services
RAAST P2P MUHAMMAD BILAL,Muhammad Bilal,2750,Transfers
Fuel Purchase - Shell - Quetta,Petrol Pump 9303,4991,Transportation
ICT/24a0493f-a201-4ed2- 8a65-3a9bc5c5 PK,External Transfer,300,Transfers
POS Transaction - Faisalabad - REF 71997471,Marketplace 709,46102,Car Maintenance
Bonus Credit - REF 77944353,Client Payment 2113,37538,Income
POS Transaction - Faisalabad - REF 56946512,Loan Provider 2349,4215,Financial Services
App Store Subscription - REF 42982875,Online Merchant 744,37427,Subscriptions (Streaming / Apps)
POS Purchase - Carrefour - Rawalpindi,Local Shop 335,14189,Home Supplies / Household Items
Bank Credit - HBL - REF 76679179,Employer Bonus 6342,43638,Income
Fuel Purchase - PSO - Karachi,Transit 3438,236,Transportation
Toll Payment - M-2 - REF 62958076,Transit 8136,91,Transportation
Cinema Ticket - Nueplex - Faisalabad,Cinema 1381,3765,Entertainment & Recreation
ICT/42bf1394-5de0-47bf- 9e45-c6066ac9 PK,External Transfer,550,Transfers
Salary Credit - Company Payroll - REF 13823497,Merchant Refund 6395,4867,Income
Grocery Purchase - Metro - Faisalabad,Local Shop 839,11995,Restaurants / Eating Out
Gift Purchase - Sialkot - REF 93298793,Local Shop 505,7868,Gifts & Celebrations
Fuel Purchase - Shell - Sialkot,Service Provider 874,26369,Ride Sharing / Taxi
Charity Payment - Akhuwat - REF 35416888,Charity 4401,128290,Charity & Donations
Online Order - PriceOye - REF 59207588,Electronics Store 8297,47375,Shopping & Retail
ICT/1f0bee3d-38b9-4ee2- 8f34-bde2a0f7 PK,External Transfer,500,Transfers
Grocery Purchase - Metro - Islamabad,Service Provider 592,31537,Groceries
Donation - Shaukat Khanum - REF 90397123,Charity 3503,41499,Charity & Donations
Insurance Premium - EFU - REF 53499257,Marketplace 884,10677,Insurance
Investment - Stocks - REF 49245821,Online Merchant 704,35760,Savings / Investments
Online Order - PriceOye - REF 49466551,Local Shop 480,36022,Home Supplies / Household Items
POS Transaction - Faisalabad - REF 13194955,Loan Provider 6007,34398,Financial Services
Challan Payment - REF 42659903,Government 3497,12423,Government & Legal
Mobile Topup - Ufone - 03448754273,ISP 4101,6762,Utilities & Services
Travel Booking - SereneAir - REF 41746686,Local Shop 565,40498,Travel (Flights / Hotels)
Online Order - PriceOye - REF 54536498,Retail Store 1898,14079,Shopping & Retail
OGT/d68af9b2-739c-46a8- 8943-78712a05 PK,External Transfer,740,Transfers
Tuition Fee - NUST - REF 44484588,Generic Store 224,46316,Education / Tuition
Electronics Purchase - Haier - Peshawar,Service Provider 397,12123,Shopping (Clothes / Electronics)
Donation - Saylani - REF 85204819,Fundraiser 1842,9897,Charity & Donations
Zakat Payment - REF 19991079,Fundraiser 3314,5831,Charity & Donations
POS Transaction - Hyderabad - REF 98247645,Online Merchant 713,13217,Car Maintenance
Gift Purchase - Hyderabad - REF 89040608,Marketplace 499,38198,Gifts & Celebrations
Bykea Ride - Faisalabad,Online Merchant 571,43343,Ride Sharing / Taxi
Money Transfer - MUHAMMAD MEHRAB - 03060112129,Muhammad Mehrab,80,Transfers
Restaurant Payment - Defence Quetta - REF 21626530,Generic Store 706,17162,Restaurants / Eating Out
Cinema Ticket - Cinepax - Hyderabad,Ticketing 2178,863,Entertainment & Recreation
Zong Prepaid Load - 03031434759,Telecom 7567,3544,Utilities & Services
Grocery Purchase - Imtiaz - Lahore,Delivery Service 5088,845,Food & Dining
Bonus Credit - REF 86125428,Employer Bonus 6954,36880,Income
Recreation Expense - I-8 Faisalabad - REF 61270144,Ticketing 4050,17992,Entertainment & Recreation
ICT/6f1b3b57-a9a1-4271- 8b74-bca23754 PK,External Transfer,9000,Transfers
McDonald's - G-9 Quetta,Cafe 8911,209,Food & Dining
Electronics Purchase - PriceOye - Peshawar,Marketplace 158,10446,Home Supplies / Household Items
Student Biryani - Bahria Town Multan,Local Shop 434,35487,Restaurants / Eating Out
Traffic Fine - REF 88879445,Legal Service 4032,22641,Government & Legal
Bonus Credit - REF 84238170,Client Payment 6794,63618,Income
Investment - Stocks - REF 43944105,Marketplace 741,39640,Savings / Investments
ICT/7419cdef-ff1d-4c1e- 990f-c0d00c4c PK,External Transfer,245,Transfers
Maintenance Charges - Bahria Town Quetta - REF 59812594,Local Shop 465,20956,Housing / Rent
Internet Bill - Nayatel - REF 98815430,ISP 8785,12365,Utilities & Services
OGT/337da005-6b3f-4753- a4c8-c37a6577 PK,External Transfer,1300,Transfers
Foodpanda Order - Karachi,Marketplace 834,47961,Groceries
ICT/3520caed-055b-4d9e- b0aa-46289f1f PK,External Transfer,500,Transfers
Clinic Fee - Hassan Khan - Hyderabad,Pharmacy 2594,4535,Healthcare & Medical
Investment - Stocks - REF 90711912,Generic Store 923,46612,Savings / Investments
Internet Bill - StormFiber - REF 11640062,ISP 1457,13076,Utilities & Services
Pizza Hut - G-9 Faisalabad,Generic Store 734,37678,Restaurants / Eating Out
Gift Purchase - Peshawar - REF 26709372,Online Merchant 863,43510,Gifts & Celebrations
Bonus Credit - REF 59247488,Employer Payroll 5669,55515,Income
Metro Ticket - Lahore - REF 18470183,Online Merchant 351,18143,Public Transport
Bus Ticket - Karachi - REF 99571830,Marketplace 648,18191,Fuel / Gas
RAAST P2P QAMAR AYOUB,Qamar Ayoub,270,Transfers
Travel Booking - SereneAir - REF 59881917,Marketplace 181,38550,Travel (Flights / Hotels)
Restaurant Payment - I-8 Islamabad - REF 84177080,Online Merchant 341,11909,Groceries
Tea & Snacks - Saddar Rawalpindi,Restaurant 1014,2072,Food & Dining
inDrive Ride - Sialkot,Ride-hailing 3972,5577,Transportation
RAAST P2P MUHAMMAD ALI KHA,Muhammad Ali Kha,680,Transfers
Freelance Payment - Fiverr - REF 99757920,Client Payment 3861,67117,Income
App Store Subscription - REF 18772458,Online Merchant 911,26086,Subscriptions (Streaming / Apps)
Electronics Purchase - Haier - Islamabad,Online Merchant 414,11917,Shopping (Clothes / Electronics)
Charity Payment - Akhuwat - REF 57508579,Charity 5875,55426,Charity & Donations
Donation - Edhi Foundation - REF 74713055,Charity 2713,12966,Charity & Donations
POS Transaction - Hyderabad - REF 88336161,Bank 7104,942,Financial Services
POS Purchase - Carrefour - Multan,Service Provider 200,3540,Home Supplies / Household Items
Fuel Purchase - PSO - Hyderabad,Marketplace 310,7002,Fuel / Gas
Water Bill - WASA - REF 59762045,Electric Company 3211,20077,Utilities & Services
POS Purchase - Khaadi - Sialkot,Retail Store 8994,16082,Shopping & Retail
Fuel Purchase - Total Parco - Sialkot,Ride-hailing 9249,6540,Transportation
Cinema Ticket - Nueplex - Faisalabad,Local Shop 681,30149,Entertainment (Movies / Games / Events)
inDrive Ride - Lahore,Petrol Pump 4685,7288,Transportation
Jazz Prepaid Load - 03315870240,Telecom 9151,1325,Utilities & Services
Gas Bill Payment - SNGPL - REF 47274150,Local Shop 121,24679,Mobile & Internet
Online Entertainment - Google Play - REF 71892088,Local Shop 575,35928,Entertainment (Movies / Games / Events)
Subscription Payment - YouTube Premium - REF 19123398,Online Merchant 279,24825,Subscriptions (Streaming / Apps)
Insurance Premium - EFU - REF 44921821,Local Shop 599,37336,Insurance
Mobile Topup - Telenor - 03260362304,Electric Company 4754,12284,Utilities & Services
Bill Payment - REF 67862932,Online Merchant 903,5887,Housing / Rent
Tea & Snacks - Saddar Peshawar,Delivery Service 1813,3853,Food & Dining
Salary Credit - Company Payroll - REF 77916112,Employer Payroll 6228,247731,Income
Gas Bill Payment - SNGPL - REF 57485771,ISP 2457,1733,Utilities & Services
Cheetay Order - Sialkot,Cafe 6633,865,Food & Dining
Netflix.com Los Gatos SGP,Netflix,360.33,Subscriptions
Recreation Expense - Gulshan Faisalabad - REF 14000268,Cinema 1789,4629,Entertainment & Recreation
Bus Ticket - Hyderabad - REF 24244541,Generic Store 572,17932,Fuel / Gas
Fuel Purchase - Total Parco - Peshawar,Service Provider 124,10783,Fuel / Gas
Bus Ticket - Multan - REF 48555151,Auto Service 4278,44147,Transportation
Recreation Expense - G-9 Sialkot - REF 36451621,Gym 2036,14161,Entertainment & Recreation
Water Bill - WASA - REF 36463307,Generic Store 687,34034,Mobile & Internet
Tea & Snacks - Bahria Town Faisalabad,Delivery Service 9637,5647,Food & Dining
Tuition Fee - FAST - REF 66525455,Marketplace 921,45117,Education / Tuition
Electronics Purchase - Samsung Store - Hyderabad,Retail Store 6076,9174,Shopping & Retail
Charity Payment - Akhuwat - REF 45756742,Fundraiser 9867,7663,Charity & Donations
Lab Test Payment - Peshawar - REF 77581763,Hospital 2070,31650,Healthcare & Medical
Tuition Fee - LUMS - REF 85294668,Local Shop 652,40208,Education / Tuition
Tea & Snacks - DHA Quetta,Service Provider 455,8084,Coffee & Snacks
ICT/889b4458-609d-477a- 8d8b-e4a5d55b PK,External Transfer,435,Transfers
Store Purchase - Defence Quetta - REF 92664129,Clothing Store 6112,11558,Shopping & Retail
Online Order - Telemart - REF 74656614,Electronics Store 4948,2717,Shopping & Retail
Cinema Ticket - Cinepax - Peshawar,Cinema 1839,470,Entertainment & Recreation
Tuition Fee - FAST - REF 32797770,Marketplace 921,2572,Education / Tuition
Store Purchase - I-8 Faisalabad - REF 47605540,Clothing Store 8741,16463,Shopping & Retail
RAAST P2P YAHYA KHAN,Yahya Khan,150,Transfers
Bank Credit - MCB - REF 88629458,Employer Payroll 3129,89112,Income
Mobile Topup - Zong - 03454807112,Electric Company 8798,13357,Utilities & Services
ICT/448baf43-97ae-4f92- 8e14-50ea10a2 PK,External Transfer,170,Transfers
POS Transaction - Multan - REF 69149753,Broker 3619,53698,Financial Services
OGT/e0cb4f38-5679-4813- 816a-5a346ec9 PK,External Transfer,90,Transfers
Pharmacy Payment - D.Watson - Karachi,Hospital 4673,56329,Healthcare & Medical
Clinic Fee - Yahya - Faisalabad,Generic Store 866,2879,Medical / Pharmacy
Fuel Purchase - PSO - Peshawar,Ride-hailing 2877,6371,Transportation
Recreation Expense - Saddar Karachi - REF 46719650,Cinema 2042,1191,Entertainment & Recreation
Grocery Purchase - Al-Fatah - Multan,Restaurant 7070,7192,Food & Dining
POS Purchase - Gul Ahmed - Multan,Service Provider 597,14147,Shopping (Clothes / Electronics)
Tuition Fee - NUST - REF 98751769,Online Merchant 314,37141,Education / Tuition
Bank Credit - MCB - REF 22908077,Client Payment 5205,37406,Income
Bus Ticket - Peshawar - REF 13213858,Service Provider 679,31726,Fuel / Gas
Traffic Fine - REF 27774101,Government 8013,37346,Government & Legal
ICT/f55eabbe-2be1-4057- ad09-0bc35328 PK,External Transfer,50,Transfers
Zong Prepaid Load - 03361469210,ISP 9294,7962,Utilities & Services
Charity Payment - Akhuwat - REF 24152024,Fundraiser 1551,30517,Charity & Donations
Gift Purchase - Islamabad - REF 24776524,Marketplace 188,8103,Gifts & Celebrations
Tuition Fee - LUMS - REF 94837094,Generic Store 492,26027,Education / Tuition
Traffic Fine - REF 43215728,Government 2485,11980,Government & Legal
Pharmacy Payment - D.Watson - Faisalabad,Hospital 4072,55186,Healthcare & Medical
Gas Bill Payment - SSGC - REF 55558690,Telecom 9542,3184,Utilities & Services
POS Transaction - Sialkot - REF 35978308,Bank 6266,1526,Financial Services
Donation - Edhi Foundation - REF 73434597,Charity 7153,151782,Charity & Donations
Netflix.com Los Gatos SGP,Netflix,363.08,Subscriptions
Internet Bill - Nayatel - REF 53915204,Telecom 6456,1253,Utilities & Services
Fuel Purchase - PSO - Karachi,Auto Service 5686,45182,Transportation
Online Entertainment - PSN - REF 71967580,Cinema 9726,3447,Entertainment & Recreation
Tea & Snacks - DHA Hyderabad,Delivery Service 8535,3260,Food & Dining
Store Purchase - Defence Quetta - REF 60773271,Clothing Store 2926,1161,Shopping & Retail
Fuel Purchase - Shell - Islamabad,Online Merchant 296,32906,Fuel / Gas
Mobile Topup - Ufone - 03219176187,Marketplace 982,28524,Mobile & Internet
Online Entertainment - PSN - REF 58839104,Streaming Service 8710,1702,Entertainment & Recreation
POS Transaction - Rawalpindi - REF 87013595,Loan Provider 7269,21666,Financial Services
POS Transaction - Lahore - REF 18874264,Marketplace 985,22369,Car Maintenance
Charity Payment - Alkhidmat - REF 98821622,Fundraiser 7491,13854,Charity & Donations
OGT/9e94aa13-bf59-4b05- b99b-5e7cac3c PK,External Transfer,500,Transfers
Investment - Mutual Fund - REF 34559590,Generic Store 320,15429,Savings / Investments
Online Order - PriceOye - REF 33539825,Retail Store 8804,13577,Shopping & Retail
Electronics Purchase - Samsung Store - Islamabad,Clothing Store 4369,14701,Shopping & Retail
Online Order - PriceOye - REF 38757164,Clothing Store 8668,4200,Shopping & Retail
Online Entertainment - Steam - REF 21010767,Marketplace 629,17775,Entertainment (Movies / Games / Events)
Gas Bill Payment - SSGC - REF 25319255,ISP 6576,1698,Utilities & Services
Bank Credit - MCB - REF 48539395,Employer Payroll 7884,47423,Income
Fuel Purchase - PSO - Quetta,Petrol Pump 6831,7433,Transportation
Store Purchase - I-8 Rawalpindi - REF 89627529,Retail Store 6833,14477,Shopping & Retail
Pharmacy Payment - D.Watson - Faisalabad,Clinic 8363,2567,Healthcare & Medical
Challan Payment - REF 76211999,Government 7890,14101,Government & Legal
Bus Ticket - Rawalpindi - REF 89857404,Petrol Pump 7797,13432,Transportation
Traffic Fine - REF 62266488,Legal Service 6957,22618,Government & Legal
OGT/4bf0a21d-e7ca-400e- 8259-e852db1b PK,External Transfer,310,Transfers
Bus Ticket - Rawalpindi - REF 96463131,Petrol Pump 6386,2894,Transportation
ICT/33baa46d-adb5-4ad7- a789-0d76147e PK,External Transfer,10000,Transfers
Internet Bill - Nayatel - REF 47864927,Electric Company 2813,8106,Utilities & Services
Metro Ticket - Lahore - REF 19215851,Transit 2690,393,Transportation
Online Entertainment - PSN - REF 44160060,Online Merchant 247,31973,Entertainment (Movies / Games / Events)
OGT/76686328-2aac-4146- aff6-8715d26b PK,External Transfer,130,Transfers
Raast Payment - PK03ABPA0010141919970017,Pk03Abpa0010141919970017,160,Transfers
Online Entertainment - Steam - REF 16524932,Streaming Service 9538,2968,Entertainment & Recreation
Restaurant Payment - DHA Islamabad - REF 25938001,Local Shop 896,6500,Restaurants / Eating Out
Online Order - PriceOye - REF 71281311,Clothing Store 2586,8762,Shopping & Retail
ICT/545d04e4-87fd-4330- 921c-43b7b2d4 PK,External Transfer,2175,Transfers
Recreation Expense - Johar Town Hyderabad - REF 40768154,Gym 7555,2019,Entertainment & Recreation
Bus Ticket - Islamabad - REF 31177283,Auto Service 1183,2024,Transportation
Rent Payment - Ali Raza - Sialkot,Marketplace 217,21748,Housing / Rent
Electronics Purchase - Samsung Store - Islamabad,Retail Store 1594,16933,Shopping & Retail
Tuition Fee - NUST - REF 87112602,Online Merchant 606,40425,Education / Tuition
Lab Test Payment - Hyderabad - REF 58692696,Hospital 1067,30548,Healthcare & Medical
Charity Payment - Alkhidmat - REF 29366844,Charity 6847,190675,Charity & Donations
Electronics Purchase - PriceOye - Peshawar,E-commerce 3033,19036,Shopping & Retail
POS Transaction - Hyderabad - REF 31066263,Marketplace 252,14619,Car Maintenance
Hospital Charges - Shaukat Khanum - REF 60768216,Pharmacy 7825,2288,Healthcare & Medical
Travel Booking - Airblue - REF 21581082,Online Merchant 480,24935,Travel (Flights / Hotels)
Cinema Ticket - Cinepax - Hyderabad,Cinema 4908,1098,Entertainment & Recreation
PTCL Bill Payment - REF 57974287,Telecom 7838,2735,Utilities & Services
Pizza Hut - Defence Islamabad,Restaurant 8024,6749,Food & Dining
Cinema Ticket - Nueplex - Peshawar,Gym 3579,8593,Entertainment & Recreation
ICT/63aad7ef-fc93-43d8- aa4c-58ae14da PK,External Transfer,500,Transfers
Traffic Fine - REF 39704735,Legal Service 4737,64653,Government & Legal
Cheetay Order - Hyderabad,Cafe 3548,152,Food & Dining
Tax Payment - FBR - REF 27738363,Government 5628,21519,Government & Legal
Passport Fee - REF 46979170,Government 7571,114702,Government & Legal
POS Transaction - Sialkot - REF 90060144,Loan Provider 2856,14977,Financial Services
Foodpanda Order - Faisalabad,Grocery Store 3927,8495,Food & Dining
Tuition Fee - LUMS - REF 84256122,Generic Store 126,43042,Education / Tuition
Zakat Payment - REF 29824383,Charity 6592,150150,Charity & Donations
Tea & Snacks - Saddar Quetta,Cafe 9860,1378,Food & Dining
Online Entertainment - Steam - REF 49754636,Generic Store 566,40304,Entertainment (Movies / Games / Events)
Foodpanda Order - Lahore,Grocery Store 4532,12676,Food & Dining
Telenor Prepaid Load - 03483959764,Electric Company 7702,24622,Utilities & Services
OGT/cbd63909-ee75-41d0- 828c-b20b1b9d PK,External Transfer,300,Transfers
Online Order - PriceOye - REF 81017547,Retail Store 9745,4546,Shopping & Retail
Travel Booking - SereneAir - REF 83625161,Local Shop 750,36546,Travel (Flights / Hotels)
Insurance Premium - Jubilee - REF 95874087,Generic Store 987,13550,Insurance
Insurance Premium - Adamjee - REF 70665228,Generic Store 277,37581,Insurance
Online Order - PriceOye - REF 79330093,E-commerce 4574,28403,Shopping & Retail
Tuition Fee - FAST - REF 29887695,Marketplace 743,13932,Education / Tuition
Mobile Topup - Jazz - 03038524418,Local Shop 582,149,Mobile & Internet
Clinic Fee - Abdullah - Faisalabad,Pharmacy 7762,5260,Healthcare & Medical
K-Electric Bill Payment - REF 43161587,ISP 6773,6232,Utilities & Services
ICT/0141111b-0bfb-40de- b155-dbcd70b0 PK,External Transfer,60,Transfers
Monthly Subscription - Foodpanda Pro - REF 49456490,Service Provider 611,35235,Subscriptions (Streaming / Apps)
Bill Payment - REF 39212165,Generic Store 781,24688,Housing / Rent
Gift Purchase - Hyderabad - REF 18207755,Service Provider 796,49845,Gifts & Celebrations
OGT/be2ad421-56dd-4444- b85b-b9377a40 PK,External Transfer,4500,Transfers
Online Entertainment - PSN - REF 22943646,Gym 9916,9393,Entertainment & Recreation
Grocery Purchase - Metro - Peshawar,Delivery Service 4353,613,Food & Dining
OGT/6ef0a482-97fa-407e- b2ad-4f431042 PK,External Transfer,200,Transfers
Lab Test Payment - Multan - REF 73377938,Pharmacy 1177,2579,Healthcare & Medical
Tea & Snacks - I-8 Peshawar,Marketplace 385,49222,Groceries
POS Transaction - Quetta - REF 46568494,Service Provider 542,42501,Car Maintenance
POS Transaction - Sialkot - REF 97320724,Marketplace 527,31080,Car Maintenance
Bank Credit - MCB - REF 23429462,Employer Payroll 8054,141103,Income
POS Transaction - Multan - REF 42582972,Bank 1951,1893,Financial Services
Online Entertainment - Google Play - REF 96647851,Ticketing 4403,13305,Entertainment & Recreation
Cheetay Order - Karachi,Generic Store 527,29762,Groceries
OGT/7e5dda6f-9ae7-444f- acdd-702a2cf9 PK,External Transfer,270,Transfers
Restaurant Payment - I-8 Quetta - REF 26936809,Online Merchant 956,2530,Restaurants / Eating Out
OGT/67267e2d-889d-46fe- b026-b1f91924 PK,External Transfer,130,Transfers
POS Transaction - Quetta - REF 33559457,Online Merchant 281,963,Car Maintenance
Tea & Snacks - DHA Sialkot,Generic Store 102,10299,Coffee & Snacks
OGT/194beaa3-131d-40b7- b17f-6c075af1 PK,External Transfer,150,Transfers
Clinic Fee - Yahya - Lahore,Pharmacy 1362,4753,Healthcare & Medical
Cinema Ticket - Nueplex - Faisalabad,Cinema 5097,3891,Entertainment & Recreation
ICT/53cdc185-f881-43b7- a8dc-adab4db8 PK,External Transfer,200,Transfers
Water Bill - WASA - REF 37201524,ISP 7741,10339,Utilities & Services
Al-Rehman Biryani - Clifton Peshawar,Service Provider 454,31370,Coffee & Snacks
Metro Ticket - Islamabad - REF 93917473,Transit 3792,267,Transportation
Gift Purchase - Rawalpindi - REF 25349965,Service Provider 563,42973,Gifts & Celebrations
McDonald's - Johar Town Peshawar,Grocery Store 8599,13985,Food & Dining
Careem Ride - Quetta,Petrol Pump 2261,5213,Transportation
Tea & Snacks - Defence Lahore,Restaurant 5405,3515,Food & Dining
Tax Payment - FBR - REF 15964673,Government 2426,25200,Government & Legal
POS Purchase - Outfitters - Karachi,Clothing Store 3795,7575,Shopping & Retail
Bykea Ride - Quetta,Petrol Pump 6489,8176,Transportation
Toll Payment - M-2 - REF 38558719,Auto Service 7808,35116,Transportation
CWD/IBB TAKHTA BAND SWAT IBB TAKHTA BAND SWAT MARDAN,Ibb Takhta Band Swat Ibb Takhta Band Swat Mardan,1023.44,Cash Withdrawal
Store Purchase - Gulshan Quetta - REF 83059224,Marketplace 521,39642,Home Supplies / Household Items
Toll Payment - M-2 - REF 50370402,Service Provider 799,8680,Fuel / Gas
Lab Test Payment - Quetta - REF 57533658,Online Merchant 780,30014,Medical / Pharmacy
Tax Payment - FBR - REF 32416637,Legal Service 8965,77675,Government & Legal
Online Order - Daraz.pk - REF 65368996,Retail Store 5468,3250,Shopping & Retail
Online Entertainment - Google Play - REF 16843674,Ticketing 1127,7280,Entertainment & Recreation
Travel Booking - Airblue - REF 63462738,Marketplace 778,19908,Travel (Flights / Hotels)
POS Transaction - Karachi - REF 63891479,Service Provider 756,9252,Car Maintenance
Chai Shai - I-8 Quetta,Restaurant 2597,4880,Food & Dining
Metro Ticket - Lahore - REF 82073934,Ride-hailing 2250,1667,Transportation
SSGC Bill Payment - REF 90299718,ISP 2627,9040,Utilities & Services
Careem Ride - Rawalpindi,Ride-hailing 9740,2108,Transportation
Online Entertainment - Steam - REF 96866033,Gym 3768,4005,Entertainment & Recreation
ICT/d87e5571-7f5b-4527- a6c8-00ddd238 PK,External Transfer,2540,Transfers
Google One London GBR,Google One,476.15,Subscriptions
OGT/8a69b1a7-2f4d-4d1e- 8658-85f9a2a6 PK,External Transfer,3060,Transfers
Insurance Premium - Jubilee - REF 42115347,Generic Store 600,35477,Insurance
Online Order - PriceOye - REF 97904090,Service Provider 127,5774,Shopping (Clothes / Electronics)
Salary Credit - Company Payroll - REF 74538477,Client Payment 2210,60428,Income
Online Entertainment - Google Play - REF 99066515,Cinema 5680,3737,Entertainment & Recreation
Bus Ticket - Lahore - REF 99317889,Generic Store 388,17256,Fuel / Gas
Passport Fee - REF 53063174,Government 5903,46053,Government & Legal
Restaurant Payment - Bahria Town Lahore - REF 53603483,Delivery Service 3172,5172,Food & Dining
POS Transaction - Sialkot - REF 50349053,Loan Provider 6784,45116,Financial Services
Charity Payment - Akhuwat - REF 50118642,Charity 2066,46117,Charity & Donations
Cinema Ticket - Nueplex - Multan,Online Merchant 370,26965,Entertainment (Movies / Games / Events)
KFC - G-9 Lahore,Generic Store 585,1155,Groceries
RAAST P2P MUHAMMAD RAMZAN,Muhammad Ramzan,140,Transfers
Recreation Expense - Saddar Quetta - REF 28335711,Gym 3832,5821,Entertainment & Recreation
Monthly Subscription - Foodpanda Pro - REF 94077937,Local Shop 750,5130,Subscriptions (Streaming / Apps)
Tuition Fee - FAST - REF 50628652,Service Provider 603,17339,Education / Tuition
Online Entertainment - Google Play - REF 83788237,Ticketing 4508,17322,Entertainment & Recreation
Foodpanda Order - Lahore,Grocery Store 9951,14259,Food & Dining
Grocery Purchase - Metro - Hyderabad,Restaurant 9268,3207,Food & Dining
POS Transaction - Sialkot - REF 74754980,Loan Provider 7041,59643,Financial Services
Donation - Shaukat Khanum - REF 53307328,Fundraiser 4027,9983,Charity & Donations
Passport Fee - REF 88393402,Legal Service 8315,10131,Government & Legal
inDrive Ride - Quetta,Transit 2675,228,Transportation
Water Bill - WASA - REF 41409912,Water Utility 8805,8625,Utilities & Services
OGT/79caa43a-6991-4185- 9169-7d37e305 PK,External Transfer,60,Transfers
Investment - Stocks - REF 82554679,Local Shop 464,28992,Savings / Investments
POS Purchase - Daraz.pk - Multan,Service Provider 819,42063,Home Supplies / Household Items
Monthly Subscription - Foodpanda Pro - REF 93291298,Online Merchant 779,47839,Subscriptions (Streaming / Apps)
Foodpanda Order - Lahore,Online Merchant 154,7074,Groceries
ICT/bc093889-9af9-4124- 9e25-c5577a20 PK,External Transfer,1000,Transfers
Foodpanda Order - Islamabad,Restaurant 9513,3205,Food & Dining
POS Transaction - Quetta - REF 98045804,Bank 3113,1973,Financial Services
ICT/a130ca96-bde8-4056- ad86-b31d9b31 PK,External Transfer,3800,Transfers
Investment - Mutual Fund - REF 33131632,Local Shop 223,6015,Savings / Investments
Online Entertainment - Google Play - REF 23973499,Cinema 5402,3541,Entertainment & Recreation
Fuel Purchase - Shell - Rawalpindi,Ride-hailing 7101,3928,Transportation
Store Purchase - Clifton Peshawar - REF 97198116,Generic Store 134,21558,Shopping (Clothes / Electronics)
Restaurant Payment - Saddar Faisalabad - REF 72338238,Restaurant 4283,6247,Food & Dining
POS Purchase - Carrefour - Faisalabad,Online Merchant 486,42973,Shopping (Clothes / Electronics)
Tea & Snacks - Saddar Peshawar,Service Provider 137,21745,Restaurants / Eating Out
RAAST P2P BABU AKHLAQ TUCK,Babu Akhlaq Tuck,580,Transfers
Clinic Fee - Usman Ghani - Islamabad,Hospital 4117,59400,Healthcare & Medical
Insurance Premium - Adamjee - REF 25979446,Service Provider 162,25896,Insurance
OGT/1ec794d2-aa65-4237- b7b0-33b9790b PK,External Transfer,200000,Transfers
Hospital Charges - Liaquat National - REF 85235156,Diagnostic Lab 9896,21121,Healthcare & Medical
Online Order - Daraz.pk - REF 65270564,Electronics Store 2577,20311,Shopping & Retail
Ufone Prepaid Load - 03286216869,Water Utility 3466,6133,Utilities & Services
Travel Booking - Airblue - REF 63271113,Marketplace 817,11712,Travel (Flights / Hotels)
Electronics Purchase - Haier - Peshawar,Clothing Store 5573,1271,Shopping & Retail
Telenor Prepaid Load - 03411360304,Online Merchant 522,27465,Mobile & Internet
RAAST P2P Sajjad Hussain,Sajjad Hussain,1000,Transfers
Gift Purchase - Rawalpindi - REF 59190681,Local Shop 372,3767,Gifts & Celebrations
Online Entertainment - Google Play - REF 93208441,Gym 1622,10148,Entertainment & Recreation
Grocery Purchase - Carrefour - Multan,Local Shop 160,9917,Coffee & Snacks
Cinema Ticket - Nueplex - Faisalabad,Gym 8256,11000,Entertainment & Recreation
Online Entertainment - Google Play - REF 51658980,Ticketing 1196,3326,Entertainment & Recreation
OGT/b32eac99-e592-431e- b1cc-e0454b7f PK,External Transfer,300,Transfers
Challan Payment - REF 80878155,Government 3763,70318,Government & Legal
POS Transaction - Rawalpindi - REF 68044549,Broker 4006,7748,Financial Services
Travel Booking - SereneAir - REF 69975639,Marketplace 183,10658,Travel (Flights / Hotels)
Insurance Premium - Adamjee - REF 25076364,Local Shop 478,24950,Insurance
Careem Ride - Rawalpindi,Petrol Pump 3872,7389,Transportation
Cinema Ticket - Cinepax - Multan,Service Provider 663,2598,Entertainment (Movies / Games / Events)
Raast Payment - PK17BAHL2008098101479301,Pk17Bahl2008098101479301,30,Transfers
inDrive Ride - Lahore,Petrol Pump 3054,9312,Transportation
Cinema Ticket - Nueplex - Peshawar,Ticketing 9947,18578,Entertainment & Recreation
Passport Fee - REF 80733378,Government 3164,19718,Government & Legal
Restaurant Payment - Clifton Islamabad - REF 97110294,Generic Store 451,49852,Groceries
Fuel Purchase - PSO - Rawalpindi,Petrol Pump 8306,8318,Transportation
Recreation Expense - G-9 Peshawar - REF 74191140,Ticketing 3775,15405,Entertainment & Recreation
Recreation Expense - Bahria Town Quetta - REF 39823866,Cinema 3370,1788,Entertainment & Recreation
Online Order - Daraz.pk - REF 63759764,Online Merchant 964,20095,Home Supplies / Household Items
ICT/7a4cb62a-cc8a-4a00- aeea-2db361fe PK,External Transfer,1860,Transfers
Raast Payment - PK17SADA0000003285471294,Pk17Sada0000003285471294,20,Transfers
Challan Payment - REF 96037142,Legal Service 5722,35967,Government & Legal
ICT/2d893263-c289-487b- 8482-7030e2f6 PK,External Transfer,1000,Transfers
Tuition Fee - FAST - REF 87545112,Online Merchant 755,46127,Education / Tuition
ICT/80a5f997-7370-4a27- a9b4-414fee3f PK,External Transfer,210,Transfers
Maintenance Charges - DHA Peshawar - REF 45601164,Generic Store 598,44405,Housing / Rent
Toll Payment - M-2 - REF 34728265,Petrol Pump 4905,14603,Transportation
Tea & Snacks - G-9 Rawalpindi,Generic Store 798,16487,Coffee & Snacks
POS Transaction - Islamabad - REF 53334616,Generic Store 989,4475,Car Maintenance
POS Transaction - Rawalpindi - REF 58996734,Loan Provider 6580,43521,Financial Services
Zakat Payment - REF 40485210,Fundraiser 6498,553,Charity & Donations
Charity Payment - Alkhidmat - REF 27698853,Charity 7857,97961,Charity & Donations
POS Transaction - Faisalabad - REF 80359923,Broker 1441,12561,Financial Services
Cinema Ticket - Nueplex - Hyderabad,Gym 8087,11776,Entertainment & Recreation
Gas Bill Payment - SSGC - REF 99691431,Water Utility 3220,8043,Utilities & Services
Charity Payment - Akhuwat - REF 76428994,Fundraiser 6369,38375,Charity & Donations
Store Purchase - Saddar Quetta - REF 46405480,Electronics Store 6464,87801,Shopping & Retail
Insurance Premium - Jubilee - REF 60178874,Service Provider 378,10297,Insurance
Money Transfer - ABDUR RASHEED - 03345005977,Abdur Rasheed,90,Transfers
Maintenance Charges - G-9 Rawalpindi - REF 27117587,Generic Store 226,27787,Housing / Rent
Bykea Ride - Lahore,Petrol Pump 4281,11203,Transportation
Rent Payment - Shafqat Khan - Multan,Local Shop 520,31751,Housing / Rent
Traffic Fine - REF 33481700,Legal Service 2603,50903,Government & Legal
Tax Payment - FBR - REF 22111909,Government 9892,7728,Government & Legal
Lab Test Payment - Peshawar - REF 33041030,Service Provider 551,49350,Medical / Pharmacy
OGT/18e7fa24-e21c-4d58- a2da-85d7e592 PK,External Transfer,95,Transfers
Challan Payment - REF 39661063,Government 3675,38184,Government & Legal
Grocery Purchase - Imtiaz - Rawalpindi,Online Merchant 823,27696,Groceries
Insurance Premium - Adamjee - REF 39894480,Marketplace 709,24980,Insurance
Bus Ticket - Sialkot - REF 94081070,Local Shop 577,24734,Public Transport
Bonus Credit - REF 98044822,Employer Bonus 1467,15140,Income
Recreation Expense - Johar Town Karachi - REF 86561728,Ticketing 6905,5893,Entertainment & Recreation
Clinic Fee - Hassan Khan - Multan,Marketplace 787,15492,Medical / Pharmacy
Rent Payment - Fatima Noor - Quetta,Online Merchant 491,48471,Housing / Rent
Salary Credit - Company Payroll - REF 72442218,Merchant Refund 9064,396,Income
OGT/2c2329bf-a8b7-4a5e- 8e46-d8f73b3c PK,External Transfer,2500,Transfers
Donation - Edhi Foundation - REF 48978822,Charity 2653,59578,Charity & Donations
Cinema Ticket - Cinepax - Sialkot,Gym 3809,8626,Entertainment & Recreation
Maintenance Charges - Clifton Faisalabad - REF 88198820,Marketplace 448,44914,Housing / Rent
Recreation Expense - Johar Town Multan - REF 72904466,Gym 3464,5699,Entertainment & Recreation
POS Purchase - Khaadi - Islamabad,E-commerce 5038,7429,Shopping & Retail
OGT/88e7e69d-f602-4599- b4e3-40321995 PK,External Transfer,20,Transfers
Electronics Purchase - Samsung Store - Hyderabad,Marketplace 301,15408,Shopping (Clothes / Electronics)
Bank Credit - Bank Alfalah - REF 56498438,Employer Bonus 7459,5464,Income
Tea & Snacks - Saddar Rawalpindi,Grocery Store 1490,7738,Food & Dining
Challan Payment - REF 66465000,Government 3947,20118,Government & Legal
Mobile Topup - Zong - 03428350348,ISP 6743,5655,Utilities & Services
Internet Bill - PTCL - REF 82399639,Electric Company 2144,13425,Utilities & Services
Careem Ride - Islamabad,Marketplace 621,18785,Public Transport
Pharmacy Payment - D.Watson - Sialkot,Online Merchant 701,48491,Medical / Pharmacy
Cinema Ticket - Cinepax - Islamabad,Ticketing 4825,17085,Entertainment & Recreation
Lab Test Payment - Hyderabad - REF 87232355,Pharmacy 8115,4791,Healthcare & Medical
Cafe Aylanto - I-8 Faisalabad,Cafe 5342,597,Food & Dining
Challan Payment - REF 75025914,Government 4877,216119,Government & Legal
Bonus Credit - REF 89232792,Employer Payroll 6083,58454,Income
NETFLIX.COM Singapore SGP,Netflix,288.63,Subscriptions
ICT/45a34f09-e7ee-456b- a30b-37d3a539 PK,External Transfer,230,Transfers
Insurance Premium - Jubilee - REF 76122666,Local Shop 244,419,Insurance
Careem Ride - Hyderabad,Ride-hailing 1022,7943,Transportation
Passport Fee - REF 30448277,Government 6872,25807,Government & Legal
Tuition Fee - FAST - REF 99380237,Service Provider 714,38653,Education / Tuition
Charity Payment - Alkhidmat - REF 61314058,Charity 3402,19535,Charity & Donations
Traffic Fine - REF 58201693,Legal Service 3499,50883,Government & Legal
Tea & Snacks - Defence Hyderabad,Marketplace 812,42571,Groceries
Cinema Ticket - Nueplex - Sialkot,Gym 3565,2963,Entertainment & Recreation
Ufone Prepaid Load - 03110150736,Telecom 1190,966,Utilities & Services
Online Entertainment - PSN - REF 60636063,Cinema 8823,4220,Entertainment & Recreation
inDrive Ride - Islamabad,Transit 9437,183,Transportation
RAAST P2P ABDUR RASHEED,Abdur Rasheed,115,Transfers
Store Purchase - DHA Peshawar - REF 99792448,Generic Store 152,19858,Home Supplies / Household Items
Donation - Shaukat Khanum - REF 42564577,Charity 1772,142501,Charity & Donations
Restaurant Payment - Clifton Quetta - REF 15274690,Service Provider 719,42615,Restaurants / Eating Out
Bank Credit - Allied Bank - REF 47574903,Employer Bonus 6349,50165,Income
Bus Ticket - Sialkot - REF 26542839,Transit 4533,198,Transportation
ICT/f2234409-5888-4d1d- 9d05-075aa216 PK,External Transfer,600,Transfers
Electronics Purchase - Samsung Store - Faisalabad,Local Shop 496,2720,Home Supplies / Household Items
Water Bill - WASA - REF 51231556,Telecom 8045,2224,Utilities & Services
Cheetay Order - Karachi,Marketplace 738,6791,Coffee & Snacks
Water Bill - WASA - REF 66359629,Online Merchant 712,45709,Mobile & Internet
SSGC Bill Payment - REF 83119166,Online Merchant 714,20646,Mobile & Internet
Bank Credit - MCB - REF 86596623,Merchant Refund 5396,2818,Income
Salary Credit - Company Payroll - REF 22031624,Employer Payroll 2061,105370,Income
Traffic Fine - REF 80417956,Government 4083,134836,Government & Legal
Tax Payment - FBR - REF 46928841,Legal Service 6587,42592,Government & Legal
inDrive Ride - Rawalpindi,Marketplace 566,36470,Ride Sharing / Taxi
Pharmacy Payment - Imtiaz Pharmacy - Peshawar,Pharmacy 2130,3006,Healthcare & Medical
PTCL Bill Payment - REF 21725657,ISP 9395,6329,Utilities & Services
ICT/533c770a-db9c-4bbf- 92c8-c154ac76 PK,External Transfer,3800,Transfers
Subscription Payment - Netflix - REF 82792578,Marketplace 942,26587,Subscriptions (Streaming / Apps)
Cinema Ticket - Nueplex - Quetta,Ticketing 4026,15978,Entertainment & Recreation
Toll Payment - M-2 - REF 42931625,Service Provider 815,10173,Public Transport
Pizza Hut - Bahria Town Sialkot,Delivery Service 2398,1311,Food & Dining
Gift Purchase - Sialkot - REF 93471797,Generic Store 493,29004,Gifts & Celebrations
Grocery Purchase - Carrefour - Islamabad,Marketplace 489,7069,Restaurants / Eating Out
Bundu Khan - Saddar Lahore,Generic Store 525,37699,Coffee & Snacks
Grocery Purchase - Al-Fatah - Rawalpindi,Restaurant 6312,8603,Food & Dining
WASA Bill Payment - REF 45312611,Electric Company 2804,3709,Utilities & Services
ICT/9e08fb17-c086-4511- 9c91-4ee526a4 PK,External Transfer,1000,Transfers
Mobile Topup - Ufone - 03393773628,Local Shop 663,42528,Mobile & Internet
Freelance Payment - Fiverr - REF 45807456,Client Payment 7825,6464,Income
Cinema Ticket - Cinepax - Multan,Cinema 5244,1291,Entertainment & Recreation
Fuel Purchase - PSO - Quetta,Marketplace 296,19238,Public Transport
Tuition Fee - FAST - REF 30949866,Local Shop 178,20178,Education / Tuition
Travel Booking - SereneAir - REF 91659917,Marketplace 698,8828,Travel (Flights / Hotels)
Donation - Saylani - REF 58493151,Charity 5245,39377,Charity & Donations
Cinema Ticket - Nueplex - Faisalabad,Cinema 3712,3622,Entertainment & Recreation
RAAST P2P YAHYA KHAN,Yahya Khan,3700,Transfers
RAAST P2P MUHAMMAD KASHIF,Muhammad Kashif,70,Transfers
POS Transaction - Multan - REF 48428029,Marketplace 611,12510,Car Maintenance
Recreation Expense - I-8 Karachi - REF 96658470,Cinema 9873,2168,Entertainment & Recreation
NETFLIX.COM Singapore SGP,Netflix,360.33,Subscriptions
Traffic Fine - REF 50683409,Government 5633,170138,Government & Legal
Cinema Ticket - Nueplex - Hyderabad,Streaming Service 7930,2106,Entertainment & Recreation
Fuel Purchase - Total Parco - Hyderabad,Marketplace 700,43658,Ride Sharing / Taxi
OPTp - DHA Islamabad,Service Provider 867,45136,Restaurants / Eating Out
Restaurant Payment - Gulshan Sialkot - REF 35641716,Service Provider 399,635,Restaurants / Eating Out
Challan Payment - REF 95018653,Government 2437,17764,Government & Legal
Traffic Fine - REF 19789592,Government 4710,32162,Government & Legal
RAAST P2P YAHYA KHAN,Yahya Khan,3440,Transfers
Donation - Saylani - REF 19818833,Charity 1795,36684,Charity & Donations
ICT/4a6a9571-a1ee-44fb- a2d6-ee32414f PK,External Transfer,1000,Transfers
Lab Test Payment - Karachi - REF 53838778,Online Merchant 187,37622,Medical / Pharmacy
Traffic Fine - REF 89523310,Government 3916,27828,Government & Legal
Internet Bill - Nayatel - REF 59009313,Water Utility 3021,9321,Utilities & Services
Freelance Payment - Upwork - REF 86011272,Employer Bonus 5506,52434,Income
Toll Payment - M-2 - REF 53286440,Ride-hailing 9269,3677,Transportation
Donation - Shaukat Khanum - REF 72987627,Charity 1676,142063,Charity & Donations
Hospital Charges - Shaukat Khanum - REF 97141527,Local Shop 720,20776,Medical / Pharmacy
Tuition Fee - NUST - REF 42401919,Service Provider 873,18092,Education / Tuition
Travel Booking - Airblue - REF 12292480,Generic Store 664,12925,Travel (Flights / Hotels)
Electronics Purchase - PriceOye - Multan,Service Provider 239,3778,Shopping (Clothes / Electronics)
Ufone Prepaid Load - 03011369302,ISP 1675,10779,Utilities & Services
Tax Payment - FBR - REF 27216565,Legal Service 3631,28397,Government & Legal
ICT/abc14572-c4bf-4d4f- bd0b-faa5d909 PK,External Transfer,540,Transfers
Store Purchase - I-8 Quetta - REF 99966969,E-commerce 9339,15348,Shopping & Retail
ICT/1e76fbec-3d85-486e- b346-1001c3d3 PK,External Transfer,500,Transfers
Online Order - PriceOye - REF 59724163,Retail Store 6262,15958,Shopping & Retail
Freelance Payment - Upwork - REF 78623194,Employer Payroll 1867,47435,Income
inDrive Ride - Quetta,Petrol Pump 5093,8130,Transportation
Passport Fee - REF 45584519,Legal Service 3309,42512,Government & Legal
Lab Test Payment - Peshawar - REF 22104387,Hospital 9285,66642,Healthcare & Medical
Restaurant Payment - Defence Islamabad - REF 70925643,Online Merchant 964,25685,Groceries
Bill Payment - REF 90278395,Generic Store 320,5815,Housing / Rent
Toll Payment - M-2 - REF 87921253,Petrol Pump 9587,4808,Transportation
Charity Payment - Akhuwat - REF 84845129,Charity 9109,11776,Charity & Donations
Tuition Fee - FAST - REF 73551372,Service Provider 674,25748,Education / Tuition
Jazz Prepaid Load - 03441295467,Telecom 5333,3376,Utilities & Services
Charity Payment - Akhuwat - REF 80376519,Charity 8876,32515,Charity & Donations
Tax Payment - FBR - REF 44182826,Legal Service 6783,91507,Government & Legal
Bank Credit - HBL - REF 86813641,Employer Payroll 7049,176518,Income
Subscription Payment - Google One - REF 35416945,Marketplace 843,21511,Subscriptions (Streaming / Apps)
Online Order - Daraz.pk - REF 30487515,Retail Store 9736,6008,Shopping & Retail
Cinema Ticket - Nueplex - Hyderabad,Streaming Service 4083,1459,Entertainment & Recreation
Metro Ticket - Lahore - REF 34205222,Marketplace 139,4728,Fuel / Gas
Passport Fee - REF 52507602,Legal Service 5382,72903,Government & Legal
OGT/428bb98b-f625-4dfe- 984a-8b807c8d PK,External Transfer,700,Transfers
Clinic Fee - Muhammad Usman - Rawalpindi,Pharmacy 5208,4133,Healthcare & Medical
Passport Fee - REF 24062377,Legal Service 3950,13384,Government & Legal
ICT/dba4b26e-e6f2-4a28- 8f3d-071831b6 PK,External Transfer,380,Transfers
Careem Ride - Hyderabad,Service Provider 196,2638,Public Transport
Fuel Purchase - PSO - Sialkot,Generic Store 762,24543,Ride Sharing / Taxi
Zakat Payment - REF 28948568,Charity 6362,90507,Charity & Donations
Restaurant Payment - Saddar Hyderabad - REF 94148145,Delivery Service 5725,4612,Food & Dining
Raast Payment - PK38NBPA2330004257425902,Pk38Nbpa2330004257425902,240,Transfers
ICT/7492e6e5-cf33-4bc8- 81f5-c6bf5f56 PK,External Transfer,2540,Transfers
Clinic Fee - Shafqat Khan - Multan,Diagnostic Lab 9417,14734,Healthcare & Medical
Electronics Purchase - Haier - Peshawar,Generic Store 363,48670,Shopping (Clothes / Electronics)
Maintenance Charges - Saddar Multan - REF 20209907,Service Provider 616,31772,Housing / Rent
Pharmacy Payment - Imtiaz Pharmacy - Peshawar,Hospital 7372,67929,Healthcare & Medical
Bykea Ride - Lahore,Generic Store 376,26738,Fuel / Gas
Freelance Payment - Fiverr - REF 91204211,Merchant Refund 7849,14768,Income
Fuel Purchase - PSO - Sialkot,Generic Store 843,17491,Fuel / Gas
RAAST P2P MUHAMMAD JASEEM,Muhammad Jaseem,290,Transfers
Internet Bill - PTCL - REF 16575034,Telecom 1005,2977,Utilities & Services
Bus Ticket - Islamabad - REF 36462799,Marketplace 285,22467,Ride Sharing / Taxi
POS Transaction - Lahore - REF 35818228,Broker 7776,138658,Financial Services
Gift Purchase - Islamabad - REF 76653952,Marketplace 870,44735,Gifts & Celebrations
Tuition Fee - FAST - REF 33517338,Service Provider 263,2949,Education / Tuition
Mobile Topup - Zong - 03411966430,Water Utility 9167,2354,Utilities & Services
Traffic Fine - REF 75333360,Government 1324,35220,Government & Legal
POS Transaction - Karachi - REF 67542104,Loan Provider 9536,14110,Financial Services
Grocery Purchase - Imtiaz - Peshawar,Service Provider 973,20649,Groceries
POS Transaction - Sialkot - REF 69550895,Bank 4587,463,Financial Services
Online Entertainment - PSN - REF 60822803,Local Shop 688,41426,Entertainment (Movies / Games / Events)
Zakat Payment - REF 57941270,Fundraiser 9502,29647,Charity & Donations
Fuel Purchase - Shell - Quetta,Marketplace 640,18664,Fuel / Gas
Metro Ticket - Islamabad - REF 76198600,Ride-hailing 9586,3698,Transportation
Pizza Hut - DHA Faisalabad,Grocery Store 1281,12285,Food & Dining
Travel Booking - SereneAir - REF 35319449,Online Merchant 628,35030,Travel (Flights / Hotels)
Tea & Snacks - Clifton Islamabad,Local Shop 963,42443,Groceries
Fuel Purchase - Shell - Sialkot,Petrol Pump 4428,9138,Transportation
Electronics Purchase - PriceOye - Karachi,Electronics Store 1773,91408,Shopping & Retail
ICT/92d35529-0938-45c8- 9d59-3c669654 PK,External Transfer,2000,Transfers
Investment - Mutual Fund - REF 62342031,Service Provider 574,9474,Savings / Investments
ICT/4fca5e82-43bb-4921- b5ad-87de2707 PK,External Transfer,10,Transfers
OGT/558e14d3-c8fc-4a8b- a49b-aa77c27c PK,External Transfer,25,Transfers
POS Transaction - Lahore - REF 94885216,Loan Provider 1741,79478,Financial Services
Tuition Fee - NUST - REF 85427858,Marketplace 805,15460,Education / Tuition
Travel Booking - PIA - REF 12714244,Generic Store 942,24833,Travel (Flights / Hotels)
Online Entertainment - PSN - REF 57805777,Gym 2532,5548,Entertainment & Recreation
Bank Credit - Bank Alfalah - REF 50884108,Merchant Refund 6920,9866,Income
Internet Bill - PTCL - REF 86078142,Generic Store 243,38145,Electricity / Water / Gas
Travel Booking - SereneAir - REF 40081166,Online Merchant 234,7732,Travel (Flights / Hotels)
Bank Credit - Faysal Bank - REF 45084774,Employer Payroll 2315,108729,Income
ICT/3b6c350c-e0c4-46a9- 9244-7ca28cd8 PK,External Transfer,2000,Transfers
Metro Ticket - Lahore - REF 17942539,Online Merchant 778,13607,Fuel / Gas
Money Transfer - MUHAMMAD NOMAN NAVEED - 03052307865,Muhammad Noman Naveed,150,Transfers
McDonald's - G-9 Sialkot,Online Merchant 319,42044,Restaurants / Eating Out
Al-Rehman Biryani - Saddar Karachi,Marketplace 854,12757,Coffee & Snacks
Online Entertainment - Google Play - REF 58372108,Gym 5922,14438,Entertainment & Recreation
Challan Payment - REF 92254394,Legal Service 5782,65384,Government & Legal
Bus Ticket - Multan - REF 42272354,Ride-hailing 6311,7807,Transportation
Cinema Ticket - Nueplex - Multan,Cinema 7882,619,Entertainment & Recreation
Grocery Purchase - Carrefour - Faisalabad,Delivery Service 2206,5849,Food & Dining
Tuition Fee - LUMS - REF 29368752,Online Merchant 904,30408,Education / Tuition
POS Transaction - Hyderabad - REF 10676587,Loan Provider 8765,23659,Financial Services
Hospital Charges - Liaquat National - REF 84093041,Pharmacy 4081,7469,Healthcare & Medical
Gift Purchase - Hyderabad - REF 10506581,Generic Store 554,21323,Gifts & Celebrations
Freelance Payment - Upwork - REF 81030576,Client Payment 3593,10435,Income
Zong Prepaid Load - 03315858171,Electric Company 1666,2648,Utilities & Services
Store Purchase - Johar Town Lahore - REF 87864364,E-commerce 2142,25167,Shopping & Retail
POS Transaction - Faisalabad - REF 96232217,Bank 3092,1618,Financial Services
ICT/7d9dfd8f-0c7a-4417- bf90-7b346f6b PK,External Transfer,220,Transfers
Online Entertainment - Google Play - REF 10092075,Cinema 8813,1289,Entertainment & Recreation
Tea & Snacks - Clifton Multan,Generic Store 891,20810,Coffee & Snacks
Grocery Purchase - Al-Fatah - Faisalabad,Cafe 1440,665,Food & Dining
Cinema Ticket - Nueplex - Sialkot,Local Shop 686,34916,Entertainment (Movies / Games / Events)
Store Purchase - I-8 Islamabad - REF 91345289,Online Merchant 108,18666,Home Supplies / Household Items
POS Transaction - Multan - REF 12521068,Bank 3171,1355,Financial Services
Maintenance Charges - Johar Town Multan - REF 49071024,Marketplace 901,7748,Housing / Rent
Toll Payment - M-2 - REF 66586892,Local Shop 951,10017,Public Transport
OGT/15f8e92d-fd21-45d0- b361-3f678ccd PK,External Transfer,5000,Transfers
Hospital Charges - Liaquat National - REF 27744237,Diagnostic Lab 4546,9577,Healthcare & Medical
Hospital Charges - Shaukat Khanum - REF 47162074,Hospital 9936,45162,Healthcare & Medical
POS Transaction - Quetta - REF 34792635,Loan Provider 9031,37960,Financial Services
Pharmacy Payment - Servaid - Karachi,Diagnostic Lab 7142,4672,Healthcare & Medical
Charity Payment - Akhuwat - REF 73788194,Fundraiser 8081,9670,Charity & Donations
Cinema Ticket - Cinepax - Karachi,Gym 9996,11102,Entertainment & Recreation
Mobile Topup - Ufone - 03111181133,Generic Store 542,30477,Mobile & Internet
Bus Ticket - Quetta - REF 21214547,Ride-hailing 4968,3103,Transportation
Zakat Payment - REF 34172528,Charity 4468,91049,Charity & Donations
Passport Fee - REF 27064982,Government 3461,5106,Government & Legal
Bykea Ride - Karachi,Service Provider 103,28642,Ride Sharing / Taxi
ICT/80b6be49-8891-492b- 96f3-63c8260c PK,External Transfer,500,Transfers
Online Order - Telemart - REF 76811825,Clothing Store 6191,2616,Shopping & Retail
Online Entertainment - Google Play - REF 82890066,Gym 5696,8584,Entertainment & Recreation
App Store Subscription - REF 73961528,Local Shop 407,13750,Subscriptions (Streaming / Apps)
Cinema Ticket - Cinepax - Karachi,Streaming Service 1146,813,Entertainment & Recreation
Lab Test Payment - Quetta - REF 60665511,Marketplace 977,11415,Medical / Pharmacy
Online Entertainment - Google Play - REF 60363772,Online Merchant 559,23773,Entertainment (Movies / Games / Events)
OGT/fa9c4295-cd50-40c0- 83ad-61d8205d PK,External Transfer,2380,Transfers
Travel Booking - SereneAir - REF 35678801,Local Shop 623,40598,Travel (Flights / Hotels)
Passport Fee - REF 86572547,Government 9685,37736,Government & Legal
Jazz Prepaid Load - 03039509610,Telecom 5264,3331,Utilities & Services
WHT Intl. Debit Card Txn AC- PKR1570300010445 GOOGLE *TEMPORARY HOLD g.co/helpp,Google,0.1,Fees
ICT/7c7a06f6-cd85-42d3- 85b6-37e1a611 PK,External Transfer,2500,Transfers
Jazz Prepaid Load - 03071603562,Water Utility 8950,4956,Utilities & Services
Ufone Prepaid Load - 03418117787,Telecom 7600,2740,Utilities & Services
Challan Payment - REF 20359250,Government 6143,46275,Government & Legal
Recreation Expense - F-10 Lahore - REF 86707320,Gym 3234,7331,Entertainment & Recreation
Pharmacy Payment - Imtiaz Pharmacy - Peshawar,Clinic 5681,5697,Healthcare & Medical
Cheetay Order - Lahore,Local Shop 155,22547,Coffee & Snacks
Online Order - PriceOye - REF 79081224,Retail Store 1009,7438,Shopping & Retail
Raast Payment - YAHYA KHAN - SBP Raast,Yahya Khan,150,Transfers
Water Bill - WASA - REF 21343064,Telecom 2215,1450,Utilities & Services
Challan Payment - REF 77600115,Government 3981,198406,Government & Legal
Electronics Purchase - Samsung Store - Peshawar,E-commerce 6786,25249,Shopping & Retail
Water Bill - WASA - REF 73767552,Water Utility 7401,4976,Utilities & Services
POS Transaction - Peshawar - REF 67345894,Loan Provider 3137,8728,Financial Services
Traffic Fine - REF 94785411,Government 3488,32334,Government & Legal
Maintenance Charges - Johar Town Peshawar - REF 66334558,Service Provider 281,4799,Housing / Rent
ICT/ac6e3599-ace5-4d6f- 9d77-04984b2b PK,External Transfer,300,Transfers
Online Entertainment - Steam - REF 12332474,Service Provider 844,44544,Entertainment (Movies / Games / Events)
Tuition Fee - FAST - REF 13053068,Service Provider 601,32052,Education / Tuition
Store Purchase - Gulshan Faisalabad - REF 81191131,Retail Store 5329,8629,Shopping & Retail
Traffic Fine - REF 11474972,Government 2891,47154,Government & Legal
Foodpanda Order - Quetta,Delivery Service 5540,4275,Food & Dining
Bank Credit - Allied Bank - REF 39082195,Employer Payroll 3708,244087,Income
Water Bill - WASA - REF 73273658,Local Shop 255,23358,Electricity / Water / Gas
SSGC Bill Payment - REF 25691093,Electric Company 6523,1980,Utilities & Services
Online Entertainment - Steam - REF 63828189,Cinema 1607,357,Entertainment & Recreation
POS Purchase - Gul Ahmed - Rawalpindi,Clothing Store 2690,19194,Shopping & Retail
Bykea Ride - Lahore,Transit 7310,128,Transportation
POS Transaction - Islamabad - REF 74998473,Bank 7666,419,Financial Services
Challan Payment - REF 25181499,Government 4970,39742,Government & Legal
Money Transfer - EMAN FATIMA - 03332968914,Eman Fatima,500,Transfers
POS Purchase - Outfitters - Sialkot,Retail Store 2730,9253,Shopping & Retail
Clinic Fee - Ahmed Ali - Karachi,Hospital 4006,65413,Healthcare & Medical
POS Transaction - Lahore - REF 70787701,Online Merchant 972,8822,Car Maintenance
Investment - Mutual Fund - REF 45559611,Local Shop 871,26081,Savings / Investments
Online Entertainment - Google Play - REF 73413341,Cinema 7877,3643,Entertainment & Recreation
Challan Payment - REF 19188825,Government 4513,49615,Government & Legal
Recreation Expense - Gulshan Multan - REF 45618677,Streaming Service 4924,2656,Entertainment & Recreation
Recreation Expense - Defence Multan - REF 80233964,Cinema 5536,4007,Entertainment & Recreation
Tuition Fee - FAST - REF 21066061,Local Shop 502,14331,Education / Tuition
Hospital Charges - Aga Khan - REF 37159496,Online Merchant 162,33179,Medical / Pharmacy
Zong Prepaid Load - 03078427317,Telecom 6569,585,Utilities & Services
Investment - Stocks - REF 95011661,Online Merchant 457,32435,Savings / Investments
Lab Test Payment - Multan - REF 77046036,Generic Store 286,2680,Medical / Pharmacy
K-Electric Bill Payment - REF 68342428,Electric Company 2578,18627,Utilities & Services
Online Entertainment - Steam - REF 66002196,Online Merchant 174,35904,Entertainment (Movies / Games / Events)
Hospital Charges - Shaukat Khanum - REF 34360983,Hospital 1268,69227,Healthcare & Medical
Online Entertainment - Google Play - REF 83717176,Ticketing 8583,6691,Entertainment & Recreation
POS Transaction - Hyderabad - REF 80581584,Bank 5936,1834,Financial Services
OGT/77ebd1eb-4706-4c2c- 95bd-265f35f5 PK,External Transfer,65,Transfers
Gas Bill Payment - SSGC - REF 26768284,Water Utility 2269,1546,Utilities & Services
Bonus Credit - REF 25363883,Client Payment 2541,17579,Income
SSGC Bill Payment - REF 45169927,Marketplace 809,12508,Electricity / Water / Gas
Grocery Purchase - Al-Fatah - Multan,Online Merchant 307,20888,Restaurants / Eating Out
ICT/97603a9e-f2f0-4c43- 8c4c-c87d1844 PK,External Transfer,400,Transfers
Pharmacy Payment - Imtiaz Pharmacy - Karachi,Hospital 5227,28726,Healthcare & Medical
Recreation Expense - G-9 Karachi - REF 29172240,Streaming Service 2601,2411,Entertainment & Recreation
Online Order - PriceOye - REF 73555351,Clothing Store 4531,21256,Shopping & Retail
Electronics Purchase - PriceOye - Faisalabad,Generic Store 664,35285,Shopping (Clothes / Electronics)
Internet Bill - StormFiber - REF 32910933,ISP 2592,2124,Utilities & Services
POS Transaction - Islamabad - REF 14592488,Loan Provider 3645,75086,Financial Services
SSGC Bill Payment - REF 66819710,Water Utility 4555,8620,Utilities & Services
Investment - Stocks - REF 24723230,Online Merchant 712,43250,Savings / Investments
Bundu Khan - Saddar Lahore,Grocery Store 6880,9374,Food & Dining
Store Purchase - DHA Islamabad - REF 76465615,Online Merchant 657,34937,Home Supplies / Household Items
Restaurant Payment - Defence Islamabad - REF 28481609,Generic Store 616,9415,Restaurants / Eating Out
OGT/9491c3da-2a8e-4283- a9f5-be1551fb PK,External Transfer,190,Transfers
Tuition Fee - NUST - REF 37858070,Local Shop 378,29141,Education / Tuition
Tea & Snacks - Saddar Sialkot,Delivery Service 7610,4936,Food & Dining
OGT/9d2f5b4c-04c2-446b- 969a-ef4c9420 PK,External Transfer,1045,Transfers
RAAST P2P SHEHARYAR MALIK,Sheharyar Malik,10000,Transfers
Cinema Ticket - Nueplex - Karachi,Cinema 4791,4315,Entertainment & Recreation
Travel Booking - Airblue - REF 29265525,Generic Store 105,13642,Travel (Flights / Hotels)
Recreation Expense - Gulshan Rawalpindi - REF 64004623,Online Merchant 346,14751,Entertainment (Movies / Games / Events)
Tax Payment - FBR - REF 56671448,Government 4300,46906,Government & Legal
Daraz Karachi PAK,Daraz,1898,Shopping
POS Purchase - Outfitters - Sialkot,E-commerce 4644,8190,Shopping & Retail
Electronics Purchase - Haier - Hyderabad,Generic Store 307,15248,Shopping (Clothes / Electronics)
Bykea Ride - Sialkot,Marketplace 589,35262,Fuel / Gas
Bank Credit - UBL - REF 31683489,Employer Payroll 7474,138408,Income
Electronics Purchase - Haier - Karachi,Retail Store 4879,2934,Shopping & Retail
Salary Credit - Company Payroll - REF 44121491,Employer Payroll 9559,216194,Income
Tax Payment - FBR - REF 40946662,Government 9011,964,Government & Legal
OGT/41cfb607-34c9-41c5- bf17-81a4c4cd PK,External Transfer,72,Transfers
Passport Fee - REF 77427567,Government 8772,23084,Government & Legal
Online Order - PriceOye - REF 63140599,Marketplace 226,11732,Shopping (Clothes / Electronics)
Pharmacy Payment - Servaid - Faisalabad,Diagnostic Lab 4627,10340,Healthcare & Medical
Bus Ticket - Sialkot - REF 92789379,Petrol Pump 3303,6968,Transportation
Subscription Payment - YouTube Premium - REF 41844311,Service Provider 747,36463,Subscriptions (Streaming / Apps)
Salary Credit - Payroll - REF 58095722,Employer Payroll 6151,31727,Income
POS Transaction - Quetta - REF 40774043,Service Provider 166,37589,Car Maintenance
Salary Credit - Payroll - REF 93408361,Merchant Refund 4949,13161,Income
Electronics Purchase - PriceOye - Peshawar,Retail Store 7496,15423,Shopping & Retail
Telenor Prepaid Load - 03375360102,Telecom 9493,215,Utilities & Services
Tuition Fee - NUST - REF 53773792,Marketplace 783,49599,Education / Tuition
Investment - Stocks - REF 26339979,Service Provider 427,43876,Savings / Investments
Traffic Fine - REF 84941084,Government 7452,5766,Government & Legal
Maintenance Charges - G-9 Multan - REF 37326320,Service Provider 503,36872,Housing / Rent
Challan Payment - REF 97906924,Government 6060,5201,Government & Legal
Gas Bill Payment - SSGC - REF 26259889,Telecom 5746,1017,Utilities & Services
Zakat Payment - REF 30222016,Charity 8569,11566,Charity & Donations
Challan Payment - REF 17145303,Government 4368,5418,Government & Legal
Restaurant Payment - Johar Town Karachi - REF 12350515,Grocery Store 6871,8890,Food & Dining
Tuition Fee - FAST - REF 52737085,Online Merchant 454,20514,Education / Tuition
POS Transaction - Peshawar - REF 80774543,Broker 2468,70944,Financial Services
Challan Payment - REF 34919416,Government 8380,42552,Government & Legal
Charity Payment - Alkhidmat - REF 55804584,Charity 6455,143761,Charity & Donations
ICT/e25f953f-976d-4ee7- acb9-76b20fd8 PK,External Transfer,440,Transfers
OGT/0da8a6c8-3c92-4395- 95f3-df964303 PK,External Transfer,250,Transfers
Online Order - PriceOye - REF 90211547,E-commerce 8254,36656,Shopping & Retail
Donation - Saylani - REF 85129778,Charity 3980,160595,Charity & Donations
Cheetay Order - Multan,Restaurant 3812,9545,Food & Dining
Online Entertainment - Google Play - REF 22363991,Cinema 8261,1694,Entertainment & Recreation
Passport Fee - REF 96694626,Government 2249,5133,Government & Legal
Pharmacy Payment - D.Watson - Multan,Diagnostic Lab 5989,9817,Healthcare & Medical
Tea & Snacks - F-10 Lahore,Online Merchant 798,3120,Restaurants / Eating Out
Tea & Snacks - Defence Karachi,Generic Store 146,20264,Groceries
Freelance Payment - Upwork - REF 34846228,Client Payment 3280,11757,Income
Metro Ticket - Islamabad - REF 61637468,Generic Store 747,29519,Fuel / Gas
Fuel Purchase - Total Parco - Islamabad,Ride-hailing 6576,749,Transportation
Bank Transfer - YAHYA KHAN - 04450010146803660012,Yahya Khan,500.99,Transfers
Restaurant Payment - Saddar Quetta - REF 89714250,Local Shop 759,26061,Restaurants / Eating Out
Travel Booking - SereneAir - REF 36223445,Marketplace 779,8255,Travel (Flights / Hotels)
Salary Credit - Payroll - REF 54511198,Client Payment 8659,64449,Income
Cheetay Order - Faisalabad,Grocery Store 1426,9133,Food & Dining
Freelance Payment - Upwork - REF 47219866,Client Payment 4915,27410,Income
Store Purchase - G-9 Karachi - REF 54461371,Electronics Store 6210,110638,Shopping & Retail
Cinema Ticket - Nueplex - Islamabad,Cinema 5933,2511,Entertainment & Recreation
Donation - Saylani - REF 73640480,Charity 3002,166757,Charity & Donations
Toll Payment - M-2 - REF 41345435,Local Shop 610,38196,Ride Sharing / Taxi
POS Transaction - Multan - REF 33157664,Bank 5059,340,Financial Services
Pharmacy Payment - D.Watson - Peshawar,Online Merchant 279,1650,Medical / Pharmacy
Fuel Purchase - Shell - Hyderabad,Transit 7287,229,Transportation
Recreation Expense - I-8 Hyderabad - REF 27437302,Ticketing 6856,5402,Entertainment & Recreation
Maintenance Charges - Bahria Town Karachi - REF 51863560,Marketplace 106,39862,Housing / Rent
POS Transaction - Quetta - REF 79226430,Generic Store 594,39488,Car Maintenance
PUR/APPLE.COM/BILL Hollyhill Estate CORK UNKNOWN IR IRL,Apple.Com/Bill Hollyhill Estate Cork Unknown Ir Irl,154.71,Bills
Store Purchase - Clifton Islamabad - REF 37761171,Electronics Store 5683,112861,Shopping & Retail
Bonus Credit - REF 83683647,Employer Payroll 5818,131309,Income
POS Transaction - Quetta - REF 14552104,Broker 1953,107930,Financial Services
Hospital Charges - Shaukat Khanum - REF 83344337,Hospital 2142,32278,Healthcare & Medical
Internet Bill - Nayatel - REF 26545121,Telecom 5294,4613,Utilities & Services
Hospital Charges - Aga Khan - REF 97831732,Pharmacy 3884,700,Healthcare & Medical
OGT/41379b8a-9cf5-4794- 97ab-3da0c7a3 PK,External Transfer,840,Transfers
Zong Prepaid Load - 03313513142,Electric Company 8465,23404,Utilities & Services
CWD/PAK AUSTRIA PAK AUSTRIA HARIPUR PK,Pak Austria Pak Austria Haripur Pk,500,Cash Withdrawal
Tuition Fee - NUST - REF 54419229,Generic Store 602,32175,Education / Tuition
Donation - Shaukat Khanum - REF 54124059,Charity 7066,6127,Charity & Donations
Cheetay Order - Karachi,Delivery Service 2881,4147,Food & Dining
Rent Payment - Ayesha Malik - Sialkot,Generic Store 501,45139,Housing / Rent
OGT/c0392924-6911-4e54- 987f-3acf4cba PK,External Transfer,1900,Transfers
Gift Purchase - Hyderabad - REF 32274966,Generic Store 194,48665,Gifts & Celebrations
Pharmacy Payment - Servaid - Rawalpindi,Diagnostic Lab 7391,22072,Healthcare & Medical
OGT/952e0337-d94e-4ef8- a6eb-b179bbfb PK,External Transfer,274,Transfers
Bill Payment - REF 98519816,Generic Store 696,5546,Housing / Rent
CWD/PAK AUSTRIA PAK AUSTRIA HARIPUR PK,Pak Austria Pak Austria Haripur Pk,20000,Cash Withdrawal
Grocery Purchase - Carrefour - Islamabad,Grocery Store 8126,3909,Food & Dining
Cheetay Order - Rawalpindi,Restaurant 9321,3413,Food & Dining
Toll Payment - M-2 - REF 81751961,Auto Service 3474,24406,Transportation
Metro Ticket - Lahore - REF 42594596,Ride-hailing 8508,4315,Transportation
Hospital Charges - Aga Khan - REF 56492296,Pharmacy 3334,3747,Healthcare & Medical
Challan Payment - REF 87679242,Government 7015,121127,Government & Legal
Electronics Purchase - PriceOye - Peshawar,E-commerce 6303,1532,Shopping & Retail
Mobile Topup - Zong - 03192483296,Local Shop 187,41266,Electricity / Water / Gas
Lab Test Payment - Quetta - REF 84942580,Clinic 5420,2927,Healthcare & Medical
OGT/48e894d2-f4a3-48ea- 9676-8f767cc6 PK,External Transfer,950,Transfers
Pharmacy Payment - Servaid - Lahore,Clinic 8889,4873,Healthcare & Medical
ICT/40d629bb-78de-44b3- 98f2-5ddcfc4b PK,External Transfer,500,Transfers
Tuition Fee - FAST - REF 25313804,Service Provider 146,17626,Education / Tuition
Travel Booking - SereneAir - REF 49459684,Online Merchant 582,36537,Travel (Flights / Hotels)
OGT/7b375854-6e93-4bc4- 9243-417edeb7 PK,External Transfer,880,Transfers
Cheetay Order - Islamabad,Cafe 5184,1311,Food & Dining
POS Transaction - Rawalpindi - REF 78786403,Broker 4244,172318,Financial Services
Grocery Purchase - Imtiaz - Quetta,Online Merchant 811,29292,Restaurants / Eating Out
Grocery Purchase - Metro - Sialkot,Service Provider 700,6071,Restaurants / Eating Out
OGT/62413ff7-f89f-4931- 8540-4ca7d0a8 PK,External Transfer,120,Transfers
POS Transaction - Hyderabad - REF 16532080,Bank 1837,1486,Financial Services
McDonald's - F-10 Lahore,Cafe 2666,785,Food & Dining
Charity Payment - Alkhidmat - REF 11869817,Fundraiser 5725,28441,Charity & Donations
Metro Ticket - Islamabad - REF 55108897,Transit 5293,56,Transportation
ICT/f841e96d-7006-4f34- a804-92d9c376 PK,External Transfer,160,Transfers
ICT/33101155-66cd-4902- a160-dbe5c16f PK,External Transfer,5400,Transfers
Clinic Fee - Muhammad Usman - Karachi,Diagnostic Lab 9577,20990,Healthcare & Medical
Online Entertainment - Google Play - REF 81595512,Generic Store 545,39893,Entertainment (Movies / Games / Events)
Passport Fee - REF 51593695,Government 7639,3272,Government & Legal
Bus Ticket - Hyderabad - REF 19709820,Local Shop 920,47727,Fuel / Gas
Cinema Ticket - Cinepax - Multan,Streaming Service 7945,2994,Entertainment & Recreation
Bank Credit - HBL - REF 25440056,Employer Payroll 9575,74602,Income
Raast Payment - PK38NBPA2330004257425902,Pk38Nbpa2330004257425902,140,Transfers
Challan Payment - REF 51635362,Legal Service 8154,76186,Government & Legal
Zakat Payment - REF 30856939,Charity 6559,35907,Charity & Donations
ICT/e46ebb7d-7347-487c- 8ed6-8ad61732 PK,External Transfer,92,Transfers
Mobile Topup - Telenor - 03496929318,ISP 9940,11387,Utilities & Services
Freelance Payment - Upwork - REF 31925691,Merchant Refund 9779,10624,Income
Challan Payment - REF 65948340,Government 8291,36791,Government & Legal
CWD/MINGORA ROAD PUL SOKAIE MINGORA ROAD PUL SOKAIE,Mingora Road Pul Sokaie Mingora Road Pul Sokaie,4023.44,Cash Withdrawal
Gas Bill Payment - SNGPL - REF 94104747,Generic Store 499,1511,Mobile & Internet
ICT/1d4f357a-964f-4981- ba27-6c5e552d PK,External Transfer,425,Transfers
Tax Payment - FBR - REF 47440450,Government 2170,13370,Government & Legal
Fuel Purchase - PSO - Faisalabad,Ride-hailing 8998,2863,Transportation
ICT/f8d0a663-da50-43b7- a1ba-8b00346e PK,External Transfer,4000,Transfers
Al-Rehman Biryani - G-9 Faisalabad,Service Provider 785,30730,Restaurants / Eating Out
Recreation Expense - DHA Quetta - REF 27477462,Local Shop 692,22018,Entertainment (Movies / Games / Events)
Online Order - Telemart - REF 74377587,Marketplace 547,26848,Shopping (Clothes / Electronics)
OGT/3531562d-31af-460c- 865e-e317db9e PK,External Transfer,20,Transfers
Insurance Premium - Adamjee - REF 23184702,Marketplace 311,47240,Insurance
Bank Credit - Faysal Bank - REF 26413502,Client Payment 6956,37574,Income
POS Transaction - Rawalpindi - REF 69843557,Bank 8111,464,Financial Services
Tax Payment - FBR - REF 54723014,Government 6389,25941,Government & Legal
Hospital Charges - Liaquat National - REF 74014027,Clinic 7673,12346,Healthcare & Medical
Online Entertainment - PSN - REF 29453967,Ticketing 2067,7891,Entertainment & Recreation
POS Transaction - Faisalabad - REF 39424175,Bank 3596,136,Financial Services
Maintenance Charges - I-8 Rawalpindi - REF 85032078,Generic Store 854,22574,Housing / Rent
OGT/adfdfab5-4b74-41c9- 8718-4f771cf8 PK,External Transfer,50,Transfers
POS Transaction - Rawalpindi - REF 64373724,Bank 2286,1577,Financial Services
APPLE.COM/BILL ITUNES.COM IRL,Apple,125.31,Bills
Internet Bill - Nayatel - REF 19865003,Electric Company 2949,18941,Utilities & Services
WASA Bill Payment - REF 19348395,Generic Store 297,37729,Mobile & Internet
Bus Ticket - Lahore - REF 36311790,Transit 7166,303,Transportation
Grocery Purchase - Metro - Multan,Grocery Store 4783,6856,Food & Dining
Electronics Purchase - Haier - Peshawar,Generic Store 190,28160,Home Supplies / Household Items
Cinema Ticket - Nueplex - Faisalabad,Generic Store 187,1550,Entertainment (Movies / Games / Events)
Passport Fee - REF 59218328,Government 4830,49534,Government & Legal
Internet Bill - PTCL - REF 69248581,Local Shop 197,46173,Mobile & Internet
OGT/52404b9b-ca6f-4480- 8df0-d052192d PK,External Transfer,2600,Transfers
Clinic Fee - Abdullah - Lahore,Local Shop 331,18786,Medical / Pharmacy
Ufone Prepaid Load - 03018590756,Local Shop 694,47866,Mobile & Internet
Tuition Fee - FAST - REF 44852285,Online Merchant 726,40072,Education / Tuition
Challan Payment - REF 56003390,Government 2281,25705,Government & Legal
App Store Subscription - REF 69234219,Service Provider 529,32433,Subscriptions (Streaming / Apps)
Bus Ticket - Sialkot - REF 23273159,Auto Service 1672,42633,Transportation
Investment - Mutual Fund - REF 86605599,Service Provider 299,28776,Savings / Investments
OGT/750ecf31-8741-4020- 8f26-303508f0 PK,External Transfer,900,Transfers
Zong Prepaid Load - 03057242830,Online Merchant 175,16131,Electricity / Water / Gas
OGT/2b4745ef-2a9a-4d96- 9f4b-6764f2fe PK,External Transfer,2610,Transfers
POS Purchase - Khaadi - Multan,Clothing Store 1929,24556,Shopping & Retail
Metro Ticket - Islamabad - REF 53513512,Online Merchant 807,34091,Fuel / Gas
Bus Ticket - Multan - REF 47909760,Petrol Pump 1632,1170,Transportation
Salary Credit - Payroll - REF 73644755,Employer Bonus 2821,71883,Income
Clinic Fee - Hassan Khan - Multan,Diagnostic Lab 5537,5675,Healthcare & Medical
POS Transaction - Multan - REF 63213181,Bank 1617,203,Financial Services
IESCO Bill Payment - REF 33435259,Electric Company 9945,9406,Utilities & Services
Money Transfer - MUHAMMAD MEHRAB - 03060112129,Muhammad Mehrab,80,Transfers
ICT/f6e16e68-9e40-4624- 95cd-3aed6ebc PK,External Transfer,1000,Transfers
Restaurant Payment - F-10 Sialkot - REF 75190953,Marketplace 235,15386,Restaurants / Eating Out
Tea & Snacks - Defence Multan,Marketplace 767,10859,Restaurants / Eating Out
Mobile Topup - Ufone - 03426506265,Electric Company 3318,13702,Utilities & Services
inDrive Ride - Karachi,Transit 7100,304,Transportation
Lab Test Payment - Multan - REF 51205980,Pharmacy 4084,4299,Healthcare & Medical
Store Purchase - Defence Quetta - REF 89864228,Electronics Store 4329,112259,Shopping & Retail
POS Purchase - Carrefour - Islamabad,E-commerce 8538,9082,Shopping & Retail
Donation - Saylani - REF 25197989,Charity 8688,51420,Charity & Donations
Zakat Payment - REF 13519530,Charity 5551,187012,Charity & Donations
POS Transaction - Rawalpindi - REF 19311734,Loan Provider 6455,2985,Financial Services
ICT/7453eb83-f020-486a- ab78-f1dc6d52 PK,External Transfer,200,Transfers
Investment - Stocks - REF 22648535,Marketplace 601,37924,Savings / Investments
Gas Bill Payment - SNGPL - REF 90986751,Electric Company 2905,7629,Utilities & Services
ICT/2a36b025-d75f-4459- b77f-6b96855c PK,External Transfer,299,Transfers
Pharmacy Payment - Servaid - Hyderabad,Diagnostic Lab 3279,2779,Healthcare & Medical
OGT/bcc6ae7a-538d-48f7- bd45-357fc7d8 PK,External Transfer,10000,Transfers
Monthly Subscription - Careem Plus - REF 90251424,Generic Store 243,9617,Subscriptions (Streaming / Apps)
Tuition Fee - LUMS - REF 52421181,Marketplace 545,43755,Education / Tuition
Water Bill - WASA - REF 75900342,Service Provider 759,47202,Electricity / Water / Gas
Passport Fee - REF 71445956,Legal Service 1811,1942,Government & Legal
Toll Payment - M-2 - REF 86411507,Transit 9839,400,Transportation
ICT/b6e3b995-387e-4153- ad0b-5ef64729 PK,External Transfer,500,Transfers
Travel Booking - Airblue - REF 33541243,Online Merchant 753,709,Travel (Flights / Hotels)
Donation - Shaukat Khanum - REF 44163108,Charity 6754,81457,Charity & Donations
ICT/e951fb0e-04ce-436b- ab66-a5d6141f PK,External Transfer,650,Transfers
OGT/c80b8845-3a42-4bf1- 817f-dc449a1e PK,External Transfer,300,Transfers
Toll Payment - M-2 - REF 63287269,Petrol Pump 3467,12619,Transportation
WASA Bill Payment - REF 70594122,Marketplace 569,36844,Mobile & Internet
Netflix.com Los Gatos SGP,Netflix,268.47,Subscriptions
Subscription Payment - Netflix - REF 17016516,Marketplace 593,46947,Subscriptions (Streaming / Apps)
Donation - Saylani - REF 86457581,Charity 7114,26746,Charity & Donations
Store Purchase - Saddar Faisalabad - REF 20989950,E-commerce 4390,4810,Shopping & Retail
Bykea Ride - Hyderabad,Ride-hailing 1335,5463,Transportation
POS Transaction - Sialkot - REF 19783630,Loan Provider 5791,5436,Financial Services
Tuition Fee - LUMS - REF 53551509,Marketplace 439,9999,Education / Tuition
Online Entertainment - Google Play - REF 17490158,Ticketing 2529,11388,Entertainment & Recreation
Foodpanda Order - Lahore,Cafe 9977,402,Food & Dining
Toll Payment - M-2 - REF 76133137,Marketplace 775,12409,Fuel / Gas
Electronics Purchase - PriceOye - Karachi,Electronics Store 4501,116250,Shopping & Retail
Zakat Payment - REF 50190968,Fundraiser 3196,41152,Charity & Donations
Restaurant Payment - Bahria Town Karachi - REF 88726400,Grocery Store 4586,524,Food & Dining
Foodpanda Order - Sialkot,Delivery Service 3192,1832,Food & Dining
Online Order - PriceOye - REF 44492586,Service Provider 583,3135,Shopping (Clothes / Electronics)
POS Transaction - Hyderabad - REF 84914849,Bank 3094,1068,Financial Services
Toll Payment - M-2 - REF 60371595,Petrol Pump 5557,13368,Transportation
Investment - Mutual Fund - REF 65470755,Online Merchant 710,34630,Savings / Investments
Store Purchase - Saddar Rawalpindi - REF 76081606,E-commerce 9369,2643,Shopping & Retail
POS Transaction - Faisalabad - REF 45725221,Generic Store 109,2841,Car Maintenance
Electronics Purchase - PriceOye - Faisalabad,Retail Store 3559,1657,Shopping & Retail
Travel Booking - SereneAir - REF 44215600,Local Shop 926,23805,Travel (Flights / Hotels)
ICT/9d2976bb-fd5b-449a- b5f5-cafc3b82 PK,External Transfer,1000,Transfers
Bykea Ride - Lahore,Auto Service 3831,6712,Transportation
Recreation Expense - F-10 Quetta - REF 23951880,Cinema 2880,1857,Entertainment & Recreation
Grocery Purchase - Imtiaz - Quetta,Delivery Service 9129,4010,Food & Dining
Tuition Fee - NUST - REF 56038249,Local Shop 902,15621,Education / Tuition
Bank Credit - Allied Bank - REF 31956019,Merchant Refund 3168,18966,Income
Cinema Ticket - Nueplex - Multan,Ticketing 6517,9263,Entertainment & Recreation
Metro Ticket - Lahore - REF 14244196,Ride-hailing 1255,5266,Transportation
Rent Payment - Sufyan Humam - Karachi,Service Provider 476,424,Housing / Rent
POS Transaction - Faisalabad - REF 86352993,Loan Provider 6980,1394,Financial Services
Salary Credit - Company Payroll - REF 99537748,Employer Payroll 6695,198583,Income
POS Transaction - Quetta - REF 57717727,Loan Provider 5836,16557,Financial Services
OGT/e795d22f-b6a7-411a- bfa3-e3e3582f PK,External Transfer,500,Transfers
Mobile Topup - Jazz - 03277228503,Water Utility 7746,3790,Utilities & Services
ICT/88ef5c8d-f4f8-4a31- b0cc-8fe43c18 PK,External Transfer,2000,Transfers
POS Transaction - Karachi - REF 60941644,Loan Provider 4083,28292,Financial Services
Water Bill - WASA - REF 90893419,Telecom 5214,2831,Utilities & Services
Tea & Snacks - F-10 Hyderabad,Restaurant 6503,9069,Food & Dining
Restaurant Payment - Saddar Islamabad - REF 82750453,Service Provider 107,43286,Restaurants / Eating Out
Restaurant Payment - Clifton Quetta - REF 80098628,Local Shop 263,44466,Groceries
Charity Payment - Alkhidmat - REF 46823706,Fundraiser 8985,11097,Charity & Donations
Rent Payment - Hassan Khan - Lahore,Generic Store 404,48098,Housing / Rent
Student Biryani - DHA Hyderabad,Local Shop 656,22945,Coffee & Snacks
OGT/88b682a1-3b4f-4fb5- b0e5-54e3c9af PK,External Transfer,1020,Transfers
Internet Bill - Nayatel - REF 39707471,Local Shop 257,15776,Electricity / Water / Gas
POS Transaction - Quetta - REF 98867535,Broker 1296,198017,Financial Services
Insurance Premium - Jubilee - REF 37331056,Online Merchant 858,26417,Insurance
Clinic Fee - Ali Raza - Multan,Clinic 4549,6639,Healthcare & Medical
Fuel Purchase - PSO - Hyderabad,Local Shop 626,23248,Fuel / Gas
Restaurant Payment - DHA Multan - REF 33359598,Online Merchant 674,37722,Coffee & Snacks
Restaurant Payment - Johar Town Sialkot - REF 41997074,Generic Store 257,41566,Groceries
Bank Credit - HBL - REF 56467118,Employer Bonus 9396,22239,Income
POS Transaction - Rawalpindi - REF 73184067,Marketplace 693,7134,Car Maintenance
Tuition Fee - LUMS - REF 44981680,Local Shop 945,32982,Education / Tuition
Traffic Fine - REF 31724161,Government 3665,221906,Government & Legal
Donation - Edhi Foundation - REF 70072792,Charity 3111,87438,Charity & Donations
ICT/4b905f42-c3e3-4db1- b113-61610635 PK,External Transfer,4000,Transfers
Pharmacy Payment - Servaid - Faisalabad,Generic Store 595,44928,Medical / Pharmacy
Lab Test Payment - Lahore - REF 92412986,Hospital 8661,12459,Healthcare & Medical
ICT/c2fac43f-d97a-4736- beca-d7fa7bfa PK,External Transfer,10000,Transfers
Student Biryani - F-10 Hyderabad,Delivery Service 8569,2963,Food & Dining
OGT/62f09646-4e27-4ce1- a781-a1d1c51c PK,External Transfer,100,Transfers
Tea & Snacks - G-9 Karachi,Cafe 7458,757,Food & Dining
Bonus Credit - REF 60917862,Merchant Refund 3792,6511,Income
Foodpanda Order - Faisalabad,Generic Store 145,42614,Restaurants / Eating Out
POS Transaction - Faisalabad - REF 77883101,Bank 5162,1327,Financial Services
Cinema Ticket - Nueplex - Rawalpindi,Local Shop 745,29085,Entertainment (Movies / Games / Events)
Clinic Fee - Sufyan Humam - Multan,Pharmacy 4804,405,Healthcare & Medical
NETFLIX.COM Singapore SGP,Netflix,268.47,Subscriptions
POS Transaction - Karachi - REF 59763778,Local Shop 110,43665,Car Maintenance
Money Transfer - SYED MOHAMMAD NAUMAN SHAH - 03185706534,Syed Mohammad Nauman Shah,1200,Transfers
Tax Payment - FBR - REF 45277144,Government 7082,44397,Government & Legal
Clinic Fee - Yahya - Multan,Pharmacy 8149,645,Healthcare & Medical
Toll Payment - M-2 - REF 23251608,Service Provider 595,19259,Fuel / Gas
Bus Ticket - Quetta - REF 93660000,Transit 3914,114,Transportation
Online Entertainment - PSN - REF 44292799,Streaming Service 3515,648,Entertainment & Recreation
OGT/3913b2eb-f056-4b29- bba9-1e5d6974 PK,External Transfer,300,Transfers
Restaurant Payment - Bahria Town Quetta - REF 27600036,Online Merchant 823,35993,Coffee & Snacks
POS Transaction - Multan - REF 67965689,Loan Provider 7234,44356,Financial Services
Netflix.com Los Gatos SGP,Netflix,268.47,Subscriptions
POS Purchase - Khaadi - Multan,Clothing Store 9418,21092,Shopping & Retail
OGT/48720468-560a-4470- 87e8-8c41de51 PK,External Transfer,130,Transfers
Traffic Fine - REF 64085171,Government 6434,22291,Government & Legal
Store Purchase - F-10 Multan - REF 60608607,Electronics Store 9421,38004,Shopping & Retail
Bus Ticket - Lahore - REF 69409935,Petrol Pump 7761,11098,Transportation
Foodpanda Order - Peshawar,Cafe 8667,1081,Food & Dining
Internet Bill - PTCL - REF 41462129,Telecom 3887,285,Utilities & Services
POS Transaction - Sialkot - REF 98050988,Broker 6269,181941,Financial Services
Restaurant Payment - Saddar Karachi - REF 49255572,Online Merchant 350,23954,Coffee & Snacks
StormFiber Bill Payment - REF 56278831,Electric Company 4114,17762,Utilities & Services
Tea & Snacks - Johar Town Karachi,Grocery Store 8659,1473,Food & Dining
Tuition Fee - NUST - REF 25706285,Marketplace 825,12660,Education / Tuition
inDrive Ride - Multan,Petrol Pump 1777,10325,Transportation
Bank Credit - Standard Chartered - REF 88794011,Employer Bonus 6229,77788,Income
Tea & Snacks - Bahria Town Islamabad,Service Provider 572,23389,Restaurants / Eating Out
POS Purchase - Gul Ahmed - Multan,Clothing Store 8776,16471,Shopping & Retail
Toll Payment - M-2 - REF 30702867,Ride-hailing 6367,6938,Transportation
Metro Ticket - Lahore - REF 39168241,Auto Service 1039,35043,Transportation
ICT/a99e995c-8374-4479- 8e57-e46a3d3d PK,External Transfer,69,Transfers
RAAST P2P AWAIS AHMED,Awais Ahmed,100,Transfers
Lab Test Payment - Faisalabad - REF 49945773,Service Provider 412,804,Medical / Pharmacy
Ufone Prepaid Load - 03229570635,Service Provider 650,43767,Mobile & Internet
OGT/9895f2f8-eb83-44cb- 8726-42530908 PK,External Transfer,180,Transfers
Gas Bill Payment - SNGPL - REF 75161495,Local Shop 654,9969,Electricity / Water / Gas
Zong Prepaid Load - 03326023666,Electric Company 4001,20290,Utilities & Services
Hospital Charges - Shaukat Khanum - REF 14668918,Marketplace 947,16298,Medical / Pharmacy
Cinema Ticket - Cinepax - Rawalpindi,Ticketing 4492,6931,Entertainment & Recreation
Tax Payment - FBR - REF 99327909,Legal Service 8004,49415,Government & Legal
Fuel Purchase - Shell - Islamabad,Generic Store 431,33645,Fuel / Gas
OGT/88f0f3d5-5800-42b4- b782-32dfcf47 PK,External Transfer,250,Transfers
IESCO Bill Payment - REF 68673626,Online Merchant 382,10910,Mobile & Internet
POS Transaction - Faisalabad - REF 90980412,Bank 1453,529,Financial Services
Mobile Topup - Telenor - 03340856049,Service Provider 634,23421,Electricity / Water / Gas
OGT/adcadcb5-5d3f-4633- b1c0-e48c8d6c PK,External Transfer,2500,Transfers
ICT/186b9a54-eaa1-4a5f- 8f69-a8e974a2 PK,External Transfer,1000,Transfers
Gift Purchase - Multan - REF 14150926,Local Shop 411,7516,Gifts & Celebrations
Hospital Charges - Aga Khan - REF 87121341,Diagnostic Lab 8744,23542,Healthcare & Medical
Fuel Purchase - Shell - Multan,Generic Store 542,17272,Public Transport
Mobile Topup - Jazz - 03343650334,Telecom 2727,3388,Utilities & Services
Restaurant Payment - Johar Town Islamabad - REF 82841396,Restaurant 3853,7339,Food & Dining
Travel Booking - Airblue - REF 22751102,Local Shop 267,28489,Travel (Flights / Hotels)
ICT/dbe2a6c3-85fb-4b6e- aa93-16ccdfd2 PK,External Transfer,130,Transfers
Pharmacy Payment - D.Watson - Sialkot,Online Merchant 835,15236,Medical / Pharmacy
Pharmacy Payment - Servaid - Multan,Pharmacy 5658,2761,Healthcare & Medical
Monthly Subscription - Foodpanda Pro - REF 57130015,Online Merchant 734,4151,Subscriptions (Streaming / Apps)
Clinic Fee - Ali Raza - Hyderabad,Diagnostic Lab 2909,6699,Healthcare & Medical
Internet Bill - PTCL - REF 93220589,Service Provider 241,26267,Mobile & Internet
ICT/3f76680e-b9e2-4add- 8223-76736ffa PK,External Transfer,226,Transfers
OGT/74edee1c-a203-4a56- affa-1b155e0e PK,External Transfer,200,Transfers
OGT/e8be248b-2893-4522- 8d29-6bfac4e5 PK,External Transfer,770,Transfers
ICT/7f16c27c-48ec-4277- ad2d-d48cd723 PK,External Transfer,200,Transfers
OGT/523eacf9-6110-407b- 8b88-65dcb82f PK,External Transfer,180,Transfers
Restaurant Payment - Gulshan Lahore - REF 42226319,Grocery Store 6850,2220,Food & Dining
POS Purchase - Gul Ahmed - Faisalabad,Electronics Store 8705,23977,Shopping & Retail
Store Purchase - Clifton Sialkot - REF 29348997,E-commerce 9940,14963,Shopping & Retail
Grocery Purchase - Al-Fatah - Rawalpindi,Local Shop 164,20565,Coffee & Snacks
NETFLIX.COM Singapore SGP,Netflix,287.71,Subscriptions
Electronics Purchase - PriceOye - Karachi,Clothing Store 7055,4768,Shopping & Retail
Mobile Topup - Telenor - 03479952518,Electric Company 2759,4733,Utilities & Services
Lab Test Payment - Karachi - REF 83880245,Hospital 6939,60575,Healthcare & Medical
Toll Payment - M-2 - REF 65028448,Marketplace 861,42713,Fuel / Gas
Student Biryani - I-8 Multan,Restaurant 2651,9312,Food & Dining
Investment - Stocks - REF 12872350,Local Shop 457,48350,Savings / Investments
Clinic Fee - Aslam - Hyderabad,Clinic 6228,8785,Healthcare & Medical
Gas Bill Payment - SSGC - REF 24915196,Water Utility 4031,2312,Utilities & Services
Online Entertainment - Google Play - REF 57076107,Gym 4983,7874,Entertainment & Recreation
Hospital Charges - Liaquat National - REF 28504109,Generic Store 490,6179,Medical / Pharmacy
Cinema Ticket - Cinepax - Sialkot,Ticketing 5450,11509,Entertainment & Recreation
Charity Payment - Akhuwat - REF 85735662,Fundraiser 8174,7494,Charity & Donations
App Store Subscription - REF 72977297,Local Shop 313,24400,Subscriptions (Streaming / Apps)
Cinema Ticket - Nueplex - Islamabad,Cinema 2366,533,Entertainment & Recreation
POS Transaction - Sialkot - REF 29996659,Loan Provider 7955,25607,Financial Services
Bank Transfer - ABL,Abl,2298,Transfers
Zakat Payment - REF 28110913,Charity 9375,15059,Charity & Donations
Clinic Fee - Usman Ghani - Multan,Clinic 5324,2026,Healthcare & Medical
OGT/7b22b7f9-0092-40d8- adcf-f5b52d03 PK,External Transfer,130,Transfers
OGT/40ac4849-2740-4099- aa93-b5c901cb PK,External Transfer,150,Transfers
Lab Test Payment - Lahore - REF 73078848,Service Provider 539,14212,Medical / Pharmacy
Online Order - Telemart - REF 75025814,E-commerce 2177,14810,Shopping & Retail
Bykea Ride - Sialkot,Service Provider 912,21465,Public Transport
Toll Payment - M-2 - REF 27246140,Transit 4080,275,Transportation
Challan Payment - REF 60919077,Government 8524,24672,Government & Legal
Careem Ride - Hyderabad,Online Merchant 491,33160,Public Transport
Charity Payment - Akhuwat - REF 45763442,Fundraiser 7180,12091,Charity & Donations
Tax Payment - FBR - REF 82775874,Legal Service 6743,16971,Government & Legal
Bykea Ride - Peshawar,Service Provider 157,16092,Fuel / Gas
Cheetay Order - Hyderabad,Grocery Store 1995,8265,Food & Dining
CWD/F-10 F-10 ISLAMABAD PK ISLAMABAD PAK,F,3023.44,Cash Withdrawal
Bonus Credit - REF 33901107,Merchant Refund 2039,9222,Income
Online Order - Telemart - REF 60835839,E-commerce 4111,38819,Shopping & Retail
Lab Test Payment - Sialkot - REF 23340554,Diagnostic Lab 7968,17738,Healthcare & Medical
Pharmacy Payment - Imtiaz Pharmacy - Multan,Hospital 6965,59179,Healthcare & Medical
Raast Payment - PK32JCMA0010103105452638,Pk32Jcma0010103105452638,40,Transfers
CWD/PAK AUSTRIA PAK AUSTRIA HARIPUR PK,Pak Austria Pak Austria Haripur Pk,500,Cash Withdrawal
Store Purchase - Bahria Town Rawalpindi - REF 67908037,Service Provider 794,21582,Home Supplies / Household Items
RAAST P2P ABDUR RASHEED,Abdur Rasheed,115,Transfers
Bus Ticket - Quetta - REF 33082009,Generic Store 656,26929,Ride Sharing / Taxi
Tea & Snacks - Clifton Islamabad,Online Merchant 389,8951,Restaurants / Eating Out
OGT/de154af2-3cfc-4e01- ac51-3a22ccd7 PK,External Transfer,600,Transfers
Lab Test Payment - Rawalpindi - REF 91179034,Hospital 8613,78923,Healthcare & Medical
OGT/cde323a4-5198-4bf2- 9dbf-803a1cc0 PK,External Transfer,740,Transfers
POS Transaction - Peshawar - REF 76421118,Broker 3248,166246,Financial Services
Tea & Snacks - Gulshan Peshawar,Marketplace 452,16496,Restaurants / Eating Out
POS Transaction - Rawalpindi - REF 86543077,Marketplace 376,31959,Car Maintenance
POS Transaction - Hyderabad - REF 54042959,Bank 8204,999,Financial Services
POS Transaction - Multan - REF 46835001,Loan Provider 7563,27808,Financial Services
Foodpanda Order - Peshawar,Online Merchant 289,46196,Coffee & Snacks
Internet Bill - Nayatel - REF 15105727,Electric Company 9125,4655,Utilities & Services
Lab Test Payment - Lahore - REF 68523653,Hospital 3858,51586,Healthcare & Medical
ICT/95db61bf-3993-44d2- a47c-01085534 PK,External Transfer,230,Transfers
Online Entertainment - PSN - REF 70842366,Gym 9507,11164,Entertainment & Recreation
Fuel Purchase - Shell - Faisalabad,Service Provider 466,6186,Public Transport
Pharmacy Payment - D.Watson - Quetta,Diagnostic Lab 9459,1684,Healthcare & Medical
POS Transaction - Hyderabad - REF 49001314,Local Shop 700,41658,Car Maintenance
Tea & Snacks - Saddar Hyderabad,Grocery Store 7766,14443,Food & Dining
Zong Prepaid Load - 03431312911,Marketplace 931,33374,Mobile & Internet
Tea & Snacks - Gulshan Hyderabad,Delivery Service 5542,2408,Food & Dining
Donation - Edhi Foundation - REF 21914096,Charity 4388,2026,Charity & Donations
IESCO Bill Payment - REF 31754719,Water Utility 5213,4316,Utilities & Services
Traffic Fine - REF 59614162,Government 7339,150152,Government & Legal
Tuition Fee - FAST - REF 88103514,Online Merchant 277,18883,Education / Tuition
Zakat Payment - REF 47243897,Fundraiser 7848,25399,Charity & Donations
Hospital Charges - Aga Khan - REF 36538514,Pharmacy 3197,6512,Healthcare & Medical
Lab Test Payment - Faisalabad - REF 28909326,Pharmacy 9006,6224,Healthcare & Medical
POS Transaction - Multan - REF 36553969,Local Shop 281,30468,Car Maintenance
POS Transaction - Hyderabad - REF 70741734,Local Shop 360,38006,Car Maintenance
PTCL Bill Payment - REF 39111417,Electric Company 6493,6567,Utilities & Services
Toll Payment - M-2 - REF 32970494,Transit 4953,125,Transportation
Recreation Expense - Defence Quetta - REF 16882127,Gym 9801,3118,Entertainment & Recreation
Bus Ticket - Rawalpindi - REF 64268702,Petrol Pump 3952,4314,Transportation
Electronics Purchase - Haier - Karachi,Local Shop 531,48746,Shopping (Clothes / Electronics)
Tax Payment - FBR - REF 67472091,Government 8930,23053,Government & Legal
Foodpanda Order - Karachi,Marketplace 599,10103,Restaurants / Eating Out
POS Transaction - Sialkot - REF 77233575,Loan Provider 2574,43152,Financial Services
ICT/6f66ddb1-6b07-4623- 81bc-b3f9b805 PK,External Transfer,74000,Transfers
McDonald's - Clifton Faisalabad,Generic Store 815,17985,Coffee & Snacks
Gift Purchase - Rawalpindi - REF 91303792,Marketplace 318,577,Gifts & Celebrations
Lab Test Payment - Karachi - REF 65606259,Service Provider 821,30160,Medical / Pharmacy
Tea & Snacks - Saddar Karachi,Online Merchant 454,38468,Coffee & Snacks
Zakat Payment - REF 62397794,Charity 3455,199522,Charity & Donations
inDrive Ride - Peshawar,Generic Store 123,7428,Fuel / Gas
Restaurant Payment - I-8 Peshawar - REF 55654848,Restaurant 8577,10462,Food & Dining
Recreation Expense - Defence Karachi - REF 16822359,Gym 3380,9472,Entertainment & Recreation
Tea & Snacks - I-8 Lahore,Delivery Service 6875,2735,Food & Dining
Donation - Edhi Foundation - REF 13364448,Fundraiser 6164,8112,Charity & Donations
Bank Credit - JS Bank - REF 16348660,Merchant Refund 3066,3650,Income
Tuition Fee - FAST - REF 82824505,Marketplace 836,26447,Education / Tuition
RAAST P2P MUHAMMAD ASLAM,Muhammad Aslam,15,Transfers
Grocery Purchase - Al-Fatah - Islamabad,Local Shop 903,5173,Groceries
Salary Credit - Payroll - REF 59593097,Employer Bonus 5379,31205,Income
RAAST P2P MALIK MUHAMMAD Y,Malik Muhammad Y,200,Transfers
Lab Test Payment - Islamabad - REF 65114460,Diagnostic Lab 2869,24028,Healthcare & Medical
Lab Test Payment - Faisalabad - REF 72796213,Clinic 6360,1252,Healthcare & Medical
Gas Bill Payment - SNGPL - REF 51932140,Online Merchant 976,20242,Mobile & Internet
Online Entertainment - Google Play - REF 70382443,Streaming Service 5033,2080,Entertainment & Recreation
Hospital Charges - Aga Khan - REF 20195824,Clinic 9422,3058,Healthcare & Medical
Restaurant Payment - DHA Karachi - REF 67732933,Grocery Store 3718,14662,Food & Dining
Gift Purchase - Faisalabad - REF 45302015,Local Shop 375,49632,Gifts & Celebrations
RAAST P2P SYED MUHAMMAD HU,Syed Muhammad Hu,640,Transfers
KFC - Bahria Town Karachi,Cafe 7948,757,Food & Dining
Store Purchase - I-8 Multan - REF 99476775,Clothing Store 2852,21579,Shopping & Retail
Traffic Fine - REF 28643357,Government 5421,106923,Government & Legal
NETFLIX.COM Singapore SGP,Netflix,360.33,Subscriptions
Traffic Fine - REF 64641152,Government 8359,33149,Government & Legal
Restaurant Payment - Gulshan Rawalpindi - REF 31297282,Cafe 6546,244,Food & Dining
Store Purchase - I-8 Rawalpindi - REF 74128101,Clothing Store 9011,21076,Shopping & Retail
NETFLIX.COM Singapore SGP,Netflix,360.74,Subscriptions
Recreation Expense - Defence Peshawar - REF 42652397,Gym 2710,5308,Entertainment & Recreation
POS Transaction - Rawalpindi - REF 23978991,Generic Store 393,19824,Car Maintenance
OGT/6e4db14e-db81-4dde- a471-81aebff0 PK,External Transfer,320,Transfers
POS Transaction - Faisalabad - REF 52272264,Bank 4540,361,Financial Services
Netflix.com Los Gatos SGP,Netflix,268.47,Subscriptions
Electronics Purchase - Haier - Islamabad,Local Shop 352,14694,Shopping (Clothes / Electronics)
Investment - Stocks - REF 34807684,Service Provider 244,36447,Savings / Investments
Internet Bill - Nayatel - REF 33607208,Electric Company 5944,8760,Utilities & Services
Grocery Purchase - Carrefour - Faisalabad,Cafe 9268,177,Food & Dining
ICT/e787e779-02af-489b- 9965-7a269a0f PK,External Transfer,220,Transfers
Tax Payment - FBR - REF 90893114,Government 6300,142001,Government & Legal
OGT/552a2bdf-70ac-4e6c- ab34-661441d6 PK,External Transfer,650,Transfers
Salary Credit - Payroll - REF 37399367,Client Payment 3402,65570,Income
Water Bill - WASA - REF 65975689,Service Provider 411,24227,Electricity / Water / Gas
OGT/c289e26f-7cc9-4cef- be63-95386d61 PK,External Transfer,200,Transfers
POS Transaction - Multan - REF 87551258,Broker 2633,160082,Financial Services
Store Purchase - Defence Sialkot - REF 86538200,Clothing Store 9671,2379,Shopping & Retail
Money Transfer - QAMAR AYOUB - 03135936908,Qamar Ayoub,480,Transfers
Gas Bill Payment - SSGC - REF 97814177,Telecom 2388,4881,Utilities & Services
Traffic Fine - REF 46480235,Government 9139,23214,Government & Legal
Pharmacy Payment - Servaid - Islamabad,Hospital 7006,27340,Healthcare & Medical
Tea & Snacks - Clifton Rawalpindi,Local Shop 981,37496,Groceries
Online Order - PriceOye - REF 39725358,Online Merchant 595,19856,Home Supplies / Household Items
WASA Bill Payment - REF 48036102,ISP 2350,10385,Utilities & Services
Restaurant Payment - DHA Quetta - REF 63523240,Grocery Store 5033,7643,Food & Dining
Gift Purchase - Lahore - REF 61981882,Generic Store 696,20894,Gifts & Celebrations
OGT/715026d1-8fe4-408d- 80c8-88b68ec3 PK,External Transfer,1340,Transfers
Mobile Topup - Telenor - 03289745782,Telecom 9911,143,Utilities & Services
ICT/3be252a1-88a3-4b42- a8c7-0f441b92 PK,External Transfer,4000,Transfers
Online Entertainment - PSN - REF 38509556,Online Merchant 420,3394,Entertainment (Movies / Games / Events)
Bank Transfer - YAHYA KHAN - 04450010146803660012,Yahya Khan,30.99,Transfers
Passport Fee - REF 79998630,Legal Service 4503,24063,Government & Legal
App Store Subscription - REF 13571131,Generic Store 191,40510,Subscriptions (Streaming / Apps)
Internet Bill - StormFiber - REF 93309397,ISP 9845,2446,Utilities & Services
Traffic Fine - REF 94954207,Government 9978,23883,Government & Legal
Freelance Payment - Fiverr - REF 50671141,Merchant Refund 1744,1486,Income
Foodpanda Order - Rawalpindi,Delivery Service 7995,3197,Food & Dining
SNGPL Bill Payment - REF 41954347,Telecom 5952,1038,Utilities & Services
Tea & Snacks - G-9 Hyderabad,Grocery Store 8679,11739,Food & Dining
Restaurant Payment - Clifton Faisalabad - REF 70011179,Restaurant 7418,9224,Food & Dining
Donation - Shaukat Khanum - REF 51456149,Charity 7379,43828,Charity & Donations
Tax Payment - FBR - REF 65740210,Government 9411,243168,Government & Legal
Donation - Shaukat Khanum - REF 36281907,Fundraiser 5946,15869,Charity & Donations
Clinic Fee - Ali Raza - Sialkot,Diagnostic Lab 5782,11759,Healthcare & Medical
Tuition Fee - NUST - REF 70871397,Local Shop 801,32151,Education / Tuition
Traffic Fine - REF 98446758,Government 1350,34352,Government & Legal
Zakat Payment - REF 55618940,Fundraiser 2159,12802,Charity & Donations
Toll Payment - M-2 - REF 83127078,Local Shop 147,11412,Fuel / Gas
Tea & Snacks - Gulshan Karachi,Generic Store 118,45949,Coffee & Snacks
Challan Payment - REF 39271715,Government 7824,9353,Government & Legal
POS Purchase - Gul Ahmed - Faisalabad,Online Merchant 285,3929,Home Supplies / Household Items
Al-Rehman Biryani - Defence Islamabad,Cafe 1266,866,Food & Dining
Cheetay Order - Peshawar,Marketplace 759,32257,Coffee & Snacks
Cinema Ticket - Cinepax - Multan,Ticketing 2257,9367,Entertainment & Recreation
OGT/67830c3b-31bc-41a8- 969a-cd8f98b0 PK,External Transfer,70,Transfers
Telenor Prepaid Load - 03339365970,Electric Company 1879,24253,Utilities & Services
Gift Purchase - Karachi - REF 15609717,Local Shop 828,16224,Gifts & Celebrations
Investment - Mutual Fund - REF 85772561,Local Shop 319,26108,Savings / Investments
Metro Ticket - Lahore - REF 69058695,Ride-hailing 9481,1257,Transportation
RAAST P2P YASIR MANZOOR,Yasir Manzoor,12000,Transfers
RAAST P2P ABDUR RASHEED,Abdur Rasheed,280,Transfers
OGT/204de498-26a3-4709- 8f57-fca63de9 PK,External Transfer,250,Transfers
POS Transaction - Peshawar - REF 84356215,Broker 5139,119085,Financial Services
Travel Booking - SereneAir - REF 37717775,Generic Store 136,44840,Travel (Flights / Hotels)
Charity Payment - Alkhidmat - REF 82041406,Charity 7657,23018,Charity & Donations
Lab Test Payment - Peshawar - REF 76033136,Service Provider 808,25134,Medical / Pharmacy
Pharmacy Payment - Servaid - Peshawar,Pharmacy 7579,5292,Healthcare & Medical
OGT/7c5632a2-012c-4499- 8644-5f4337e0 PK,External Transfer,100,Transfers
Donation - Edhi Foundation - REF 53820663,Charity 2529,32157,Charity & Donations
Donation - Edhi Foundation - REF 21754506,Charity 6782,63265,Charity & Donations
Fuel Purchase - Shell - Lahore,Auto Service 7086,11324,Transportation
Salary Credit - Payroll - REF 94080615,Employer Payroll 5300,125396,Income
Traffic Fine - REF 65315846,Government 3782,273267,Government & Legal
Passport Fee - REF 51096682,Legal Service 7915,63472,Government & Legal
Investment - Stocks - REF 70192643,Online Merchant 312,36097,Savings / Investments
OGT/283786be-09ed-4ca4- adc5-75e9b8c4 PK,External Transfer,5000,Transfers
Lab Test Payment - Lahore - REF 22890474,Marketplace 154,23496,Medical / Pharmacy
Store Purchase - Gulshan Multan - REF 50442464,Marketplace 671,31255,Home Supplies / Household Items
Online Entertainment - Google Play - REF 29529062,Ticketing 1043,18032,Entertainment & Recreation
IESCO Bill Payment - REF 36649588,Water Utility 8223,4683,Utilities & Services
Salary Credit - Company Payroll - REF 10018927,Merchant Refund 7027,11377,Income
Fuel Purchase - Shell - Multan,Petrol Pump 7483,9493,Transportation
Cinema Ticket - Cinepax - Hyderabad,Service Provider 564,45440,Entertainment (Movies / Games / Events)
Bus Ticket - Rawalpindi - REF 18998588,Generic Store 812,3527,Ride Sharing / Taxi
Water Bill - WASA - REF 18054055,Telecom 4968,1720,Utilities & Services
Zakat Payment - REF 44014916,Fundraiser 2318,9843,Charity & Donations
Insurance Premium - Jubilee - REF 20277521,Local Shop 653,45970,Insurance
Toll Payment - M-2 - REF 42032411,Online Merchant 266,32694,Public Transport
Lab Test Payment - Karachi - REF 28383993,Hospital 4080,33412,Healthcare & Medical
Insurance Premium - Adamjee - REF 35987353,Online Merchant 877,18315,Insurance
Pharmacy Payment - Imtiaz Pharmacy - Hyderabad,Hospital 5647,4478,Healthcare & Medical
Metro Ticket - Islamabad - REF 45012233,Auto Service 3960,1657,Transportation
Jazz Prepaid Load - 03076752182,Telecom 2756,1195,Utilities & Services
POS Transaction - Karachi - REF 52907627,Generic Store 482,10924,Car Maintenance
Lab Test Payment - Rawalpindi - REF 97708329,Generic Store 979,14625,Medical / Pharmacy
Challan Payment - REF 67837145,Government 5672,7556,Government & Legal
Hospital Charges - Shaukat Khanum - REF 17380882,Diagnostic Lab 6689,19861,Healthcare & Medical
Subscription Payment - Spotify - REF 42221275,Marketplace 167,36511,Subscriptions (Streaming / Apps)
POS Purchase - Imtiaz - Sialkot,Retail Store 4476,17293,Shopping & Retail
POS Transaction - Multan - REF 42797666,Local Shop 355,31130,Car Maintenance
Grocery Purchase - Al-Fatah - Quetta,Marketplace 859,16622,Restaurants / Eating Out
Traffic Fine - REF 57460336,Government 2078,40873,Government & Legal
Cinema Ticket - Cinepax - Islamabad,Cinema 1974,4741,Entertainment & Recreation
Charity Payment - Akhuwat - REF 44615549,Fundraiser 8108,23562,Charity & Donations
Passport Fee - REF 46851868,Government 9769,85642,Government & Legal
Store Purchase - G-9 Rawalpindi - REF 99590806,Online Merchant 989,6719,Home Supplies / Household Items
ICT/71f51dae-8b20-482b- a55b-5cc02ecf PK,External Transfer,1500,Transfers
Online Order - Daraz.pk - REF 80478379,Marketplace 879,8828,Home Supplies / Household Items
POS Transaction - Lahore - REF 18009741,Generic Store 226,13229,Car Maintenance
Challan Payment - REF 37387440,Government 2980,296035,Government & Legal
Challan Payment - REF 52877796,Government 8215,20640,Government & Legal
Clinic Fee - Abdullah - Hyderabad,Online Merchant 137,45014,Medical / Pharmacy
Donation - Edhi Foundation - REF 68749838,Fundraiser 5148,8961,Charity & Donations
Toll Payment - M-2 - REF 82805120,Generic Store 449,13744,Ride Sharing / Taxi
ICT/e96ee760-6e65-49e9- 8dc2-e0bfb82e PK,External Transfer,2000,Transfers
Rent Payment - Ayesha Malik - Faisalabad,Local Shop 591,8920,Housing / Rent
Water Bill - WASA - REF 95206061,Telecom 5251,2667,Utilities & Services
OGT/5d127932-d59b-410c- b38f-076ab2d4 PK,External Transfer,200,Transfers
Charity Payment - Akhuwat - REF 50099596,Fundraiser 9317,11947,Charity & Donations
Zakat Payment - REF 67437611,Charity 1904,122839,Charity & Donations
ICT/ce374c75-0569-402d- bb60-d5544310 PK,External Transfer,10000,Transfers
OGT/afba498f-1108-4040- 9c90-65dc8366 PK,External Transfer,200,Transfers
Careem Ride - Rawalpindi,Marketplace 492,13917,Public Transport
Online Entertainment - Google Play - REF 99480755,Cinema 4812,2875,Entertainment & Recreation
CWD/PAK AUSTRIA PAK AUSTRIA HARIPUR PK,Pak Austria Pak Austria Haripur Pk,1023.44,Cash Withdrawal
Fuel Purchase - Shell - Peshawar,Marketplace 156,8690,Public Transport
Subscription Payment - Netflix - REF 67520880,Local Shop 388,3671,Subscriptions (Streaming / Apps)
ICT/e8476772-bba1-4496- b732-ef273a6e PK,External Transfer,1000,Transfers
Travel Booking - Airblue - REF 65814341,Service Provider 124,37871,Travel (Flights / Hotels)
OPTp - DHA Lahore,Grocery Store 6737,12841,Food & Dining
OGT/4d25e5b5-8b54-4b41- bd58-8f04a37e PK,External Transfer,720,Transfers
Traffic Fine - REF 29516325,Government 1399,78905,Government & Legal
Online Order - PriceOye - REF 18268420,Retail Store 8377,2337,Shopping & Retail
Tax Payment - FBR - REF 79156772,Government 8240,13297,Government & Legal
Pizza Hut - F-10 Karachi,Delivery Service 4077,4148,Food & Dining
Salary Credit - Payroll - REF 81496432,Employer Bonus 9695,5618,Income
Freelance Payment - Fiverr - REF 51306822,Employer Payroll 4949,216951,Income
Online Order - Daraz.pk - REF 43550340,Local Shop 113,4597,Shopping (Clothes / Electronics)
Mobile Topup - Jazz - 03364593572,Telecom 5045,703,Utilities & Services
Cheetay Order - Lahore,Grocery Store 1438,14307,Food & Dining
POS Transaction - Multan - REF 46415621,Loan Provider 3749,56002,Financial Services
OGT/f16adae2-53b9-4e75- be11-a6f320b5 PK,External Transfer,200,Transfers
Hospital Charges - Liaquat National - REF 21775999,Pharmacy 8922,910,Healthcare & Medical
Hospital Charges - Liaquat National - REF 95181594,Clinic 3551,4568,Healthcare & Medical
Clinic Fee - Shafqat Khan - Sialkot,Pharmacy 6343,1354,Healthcare & Medical
OGT/ca99e818-13d2-4b9a- b9c1-39a35302 PK,External Transfer,10,Transfers
ICT/a448e1f2-42b4-4317- 9b5f-97ae6592 PK,External Transfer,200,Transfers
Gas Bill Payment - SSGC - REF 33927046,Water Utility 6146,6490,Utilities & Services
Ufone Prepaid Load - 03231652884,Telecom 6795,2764,Utilities & Services
Tea & Snacks - I-8 Sialkot,Grocery Store 5095,14773,Food & Dining
Cinema Ticket - Cinepax - Sialkot,Cinema 4073,2597,Entertainment & Recreation
OGT/40c9e2f5-e3f0-47c1- a2b5-71c81772 PK,External Transfer,69,Transfers
Clinic Fee - Hassan Khan - Lahore,Diagnostic Lab 3603,16138,Healthcare & Medical
Recreation Expense - Clifton Islamabad - REF 15649247,Cinema 1846,2395,Entertainment & Recreation
Tax Payment - FBR - REF 20693856,Government 5922,158479,Government & Legal
ICT/07f5e813-aa2f-4786- b8cb-599daaf3 PK,External Transfer,150,Transfers
OGT/6ec7307c-bd70-4354- 8a70-e4450df0 PK,External Transfer,100,Transfers
Grocery Purchase - Carrefour - Faisalabad,Grocery Store 4749,3612,Food & Dining
Passport Fee - REF 68843509,Legal Service 4239,88371,Government & Legal
Hospital Charges - Shaukat Khanum - REF 92136029,Hospital 2293,62561,Healthcare & Medical
Investment - Mutual Fund - REF 46114053,Local Shop 345,19802,Savings / Investments
Fuel Purchase - PSO - Peshawar,Local Shop 409,49728,Ride Sharing / Taxi
RAAST P2P MUHAMMAD ASLAM,Muhammad Aslam,230,Transfers
Metro Ticket - Lahore - REF 49825518,Marketplace 530,47939,Public Transport
Bus Ticket - Multan - REF 84397925,Generic Store 402,22777,Fuel / Gas
Toll Payment - M-2 - REF 97804148,Transit 5553,444,Transportation
Cinema Ticket - Nueplex - Multan,Ticketing 3691,12327,Entertainment & Recreation
Passport Fee - REF 42320905,Legal Service 2381,82732,Government & Legal
Donation - Edhi Foundation - REF 31193004,Charity 4911,51329,Charity & Donations
Bus Ticket - Lahore - REF 64598265,Local Shop 662,22876,Fuel / Gas
POS Purchase - Gul Ahmed - Quetta,Service Provider 626,11849,Home Supplies / Household Items
Electronics Purchase - Haier - Multan,Retail Store 6881,19759,Shopping & Retail
Lab Test Payment - Karachi - REF 77713970,Hospital 1475,41782,Healthcare & Medical
Ufone Prepaid Load - 03443800669,Online Merchant 930,33682,Electricity / Water / Gas
Bank Credit - Allied Bank - REF 55749538,Employer Payroll 9380,60609,Income
Water Bill - WASA - REF 31814357,Telecom 2607,2786,Utilities & Services
OGT/fa81675c-e7e4-46b6- 9982-5915f5b3 PK,External Transfer,440,Transfers
Clinic Fee - Shafqat Khan - Faisalabad,Diagnostic Lab 5825,10844,Healthcare & Medical
Electronics Purchase - Samsung Store - Sialkot,Electronics Store 9627,57945,Shopping & Retail
StormFiber Bill Payment - REF 46339789,Electric Company 8577,20089,Utilities & Services
Telenor Prepaid Load - 03031912870,Local Shop 646,6039,Mobile & Internet
POS Purchase - Khaadi - Quetta,Clothing Store 1397,11344,Shopping & Retail
Cinema Ticket - Cinepax - Peshawar,Ticketing 9082,12845,Entertainment & Recreation
Fuel Purchase - PSO - Sialkot,Ride-hailing 4952,6564,Transportation
Toll Payment - M-2 - REF 90148370,Service Provider 374,1086,Fuel / Gas
Zakat Payment - REF 41814634,Charity 5799,25886,Charity & Donations
OGT/5dd05f3b-c1e1-46ea- bf1d-592c3564 PK,External Transfer,39000,Transfers
ICT/06763671-bf58-4933- 8a64-d8e02da1 PK,External Transfer,280,Transfers
Cheetay Order - Faisalabad,Online Merchant 221,14809,Coffee & Snacks
Zakat Payment - REF 92953790,Fundraiser 7444,11053,Charity & Donations
Tea & Snacks - Bahria Town Karachi,Delivery Service 2209,2261,Food & Dining
Restaurant Payment - DHA Quetta - REF 45890914,Grocery Store 1522,9285,Food & Dining
Water Bill - WASA - REF 49116801,Telecom 3012,4338,Utilities & Services
McDonald's - Saddar Peshawar,Local Shop 527,23352,Groceries
Traffic Fine - REF 37331709,Government 1479,43889,Government & Legal
Lab Test Payment - Rawalpindi - REF 31213825,Diagnostic Lab 9927,830,Healthcare & Medical
Money Transfer - JAWAD UL ISLAM KHAN - 03176281953,Jawad Ul Islam Khan,200,Transfers
Metro Ticket - Islamabad - REF 16873801,Auto Service 1769,5296,Transportation
Raast Payment - YAHYA KHAN - SBP Raast,Yahya Khan,40,Transfers
Online Order - PriceOye - REF 57036708,Retail Store 1363,13316,Shopping & Retail
OGT/51faa4d5-7b72-44d1- 9c91-cde36515 PK,External Transfer,1650,Transfers
Tax Payment - FBR - REF 43364963,Legal Service 9656,85577,Government & Legal
Online Order - Daraz.pk - REF 56253939,Retail Store 5301,10398,Shopping & Retail
Mobile Topup - Jazz - 03412023632,Local Shop 705,7407,Electricity / Water / Gas
ICT/a9303ea3-7d3f-46bd- a4dd-137d92fd PK,External Transfer,800,Transfers
Electronics Purchase - Haier - Multan,Online Merchant 823,7315,Home Supplies / Household Items
POS Transaction - Rawalpindi - REF 32403550,Bank 7859,626,Financial Services
Challan Payment - REF 10656628,Government 6603,25672,Government & Legal
Toll Payment - M-2 - REF 35625084,Marketplace 941,48912,Fuel / Gas
Cheetay Order - Quetta,Service Provider 406,28001,Coffee & Snacks
Insurance Premium - Adamjee - REF 66813800,Generic Store 161,2873,Insurance
Clinic Fee - Ayesha Malik - Faisalabad,Diagnostic Lab 1646,15044,Healthcare & Medical
Cinema Ticket - Cinepax - Hyderabad,Cinema 3112,3755,Entertainment & Recreation
OGT/78537596-094f-4cb9- b95e-240c8bc0 PK,External Transfer,270,Transfers
Salary Credit - Payroll - REF 92816344,Employer Payroll 6872,137636,Income
Salary Credit - Company Payroll - REF 80262864,Employer Payroll 6012,57781,Income
Lab Test Payment - Rawalpindi - REF 14189343,Clinic 5697,7444,Healthcare & Medical
Tax Payment - FBR - REF 32264921,Government 5229,5263,Government & Legal
Insurance Premium - Adamjee - REF 65861814,Marketplace 539,1498,Insurance
Tea & Snacks - G-9 Sialkot,Restaurant 5998,2896,Food & Dining
Freelance Payment - Fiverr - REF 68156425,Merchant Refund 5327,17113,Income
Monthly Subscription - Foodpanda Pro - REF 47262478,Local Shop 850,22070,Subscriptions (Streaming / Apps)
OGT/0403531c-5ce5-4adc- 97e6-95346778 PK,External Transfer,1000,Transfers
Restaurant Payment - Defence Peshawar - REF 72788894,Grocery Store 9464,6752,Food & Dining
Challan Payment - REF 99144422,Government 5282,30768,Government & Legal
Zakat Payment - REF 87447868,Charity 7786,11046,Charity & Donations
Salary Credit - Payroll - REF 16925099,Client Payment 7437,6882,Income
Zakat Payment - REF 40137533,Charity 7583,7232,Charity & Donations
Recreation Expense - Bahria Town Sialkot - REF 19939394,Streaming Service 9954,1968,Entertainment & Recreation
Bank Credit - Standard Chartered - REF 57565792,Employer Payroll 8591,214169,Income
Restaurant Payment - Clifton Faisalabad - REF 83202302,Cafe 1515,480,Food & Dining
ICT/35f1e63f-7e3b-4ecc- b10b-68b88770 PK,External Transfer,750,Transfers
Travel Booking - SereneAir - REF 93019919,Marketplace 127,28070,Travel (Flights / Hotels)
Online Order - Telemart - REF 42225537,Clothing Store 9489,9368,Shopping & Retail
Store Purchase - F-10 Islamabad - REF 84445483,Clothing Store 8578,15668,Shopping & Retail
Bus Ticket - Peshawar - REF 16639654,Auto Service 9271,35806,Transportation
Clinic Fee - Abdullah - Islamabad,Pharmacy 6938,2562,Healthcare & Medical
Cinema Ticket - Nueplex - Multan,Ticketing 2801,11480,Entertainment & Recreation
POS Transaction - Quetta - REF 80885519,Bank 9118,1376,Financial Services
Cinema Ticket - Cinepax - Peshawar,Ticketing 5694,15837,Entertainment & Recreation
POS Transaction - Multan - REF 60824343,Marketplace 495,12154,Car Maintenance
Lab Test Payment - Islamabad - REF 65969116,Local Shop 734,30659,Medical / Pharmacy
Monthly Subscription - Foodpanda Pro - REF 49507937,Local Shop 130,1814,Subscriptions (Streaming / Apps)
ICT/b82ffbcb-2b91-499f- bc4c-953971e9 PK,External Transfer,20,Transfers
Gas Bill Payment - SNGPL - REF 23201988,Marketplace 975,49039,Mobile & Internet
PTCL Bill Payment - REF 91235099,Water Utility 1809,1591,Utilities & Services
Metro Ticket - Lahore - REF 45647833,Petrol Pump 5400,14252,Transportation
Metro Ticket - Islamabad - REF 46668241,Transit 6803,325,Transportation
Metro Ticket - Islamabad - REF 46898826,Petrol Pump 6365,9124,Transportation
Online Order - Daraz.pk - REF 85443294,Generic Store 253,49532,Shopping (Clothes / Electronics)
Gift Purchase - Quetta - REF 13325234,Service Provider 385,30610,Gifts & Celebrations
Water Bill - WASA - REF 94475757,Electric Company 9008,3404,Utilities & Services
Passport Fee - REF 28587284,Legal Service 1140,13577,Government & Legal
Electronics Purchase - Haier - Faisalabad,Local Shop 969,32625,Home Supplies / Household Items
Bank Credit - Standard Chartered - REF 67112102,Employer Bonus 3093,48986,Income
Bus Ticket - Sialkot - REF 18303601,Online Merchant 265,13712,Ride Sharing / Taxi
Internet Bill - StormFiber - REF 94323342,Water Utility 1220,9496,Utilities & Services
Gift Purchase - Hyderabad - REF 46149733,Marketplace 795,36456,Gifts & Celebrations
POS Transaction - Karachi - REF 48595544,Bank 1965,555,Financial Services
Water Bill - WASA - REF 90241079,ISP 7790,1761,Utilities & Services
ICT/9a01c0b4-2567-486c- 97ea-b54bf433 PK,External Transfer,1920,Transfers
Bykea Ride - Multan,Auto Service 2008,12279,Transportation
Salary Credit - Payroll - REF 43157120,Merchant Refund 3577,10516,Income
POS Transaction - Peshawar - REF 75187766,Service Provider 440,10070,Car Maintenance
POS Transaction - Rawalpindi - REF 31581004,Bank 1024,1354,Financial Services
Tea & Snacks - Saddar Peshawar,Local Shop 965,31763,Restaurants / Eating Out
Tuition Fee - NUST - REF 38042393,Online Merchant 859,26724,Education / Tuition
Recreation Expense - G-9 Quetta - REF 87137058,Service Provider 732,37670,Entertainment (Movies / Games / Events)
Online Order - Telemart - REF 44950196,Clothing Store 6707,22163,Shopping & Retail
Tax Payment - FBR - REF 60548979,Government 2828,162309,Government & Legal
Passport Fee - REF 89430851,Government 1781,23589,Government & Legal
Restaurant Payment - Johar Town Karachi - REF 79375930,Online Merchant 299,27689,Coffee & Snacks
Freelance Payment - Upwork - REF 69905869,Merchant Refund 5685,10991,Income
Challan Payment - REF 55267029,Government 4614,31395,Government & Legal
Charity Payment - Alkhidmat - REF 97873739,Charity 2153,51097,Charity & Donations
Recreation Expense - G-9 Hyderabad - REF 66309353,Online Merchant 112,37374,Entertainment (Movies / Games / Events)
Grocery Purchase - Carrefour - Hyderabad,Delivery Service 1401,5663,Food & Dining
inDrive Ride - Faisalabad,Online Merchant 184,29909,Ride Sharing / Taxi
Tax Payment - FBR - REF 46642227,Government 7788,28987,Government & Legal
OGT/2cb941c5-b788-48d8- a31f-b668fd91 PK,External Transfer,10000,Transfers
OGT/98c3014b-3cef-4681- aed3-98d267e7 PK,External Transfer,60,Transfers
ICT/49e77569-926c-4197- b3b6-6bf395ee PK,External Transfer,490,Transfers
Online Entertainment - Steam - REF 19942940,Cinema 5017,465,Entertainment & Recreation
POS Transaction - Hyderabad - REF 73984360,Loan Provider 9630,72200,Financial Services
K-Electric Bill Payment - REF 52065743,Telecom 3711,3922,Utilities & Services
Internet Bill - Nayatel - REF 62120047,Telecom 9658,4844,Utilities & Services
Tea & Snacks - I-8 Peshawar,Cafe 1589,922,Food & Dining
OGT/5e069885-452f-4c66- adfc-c9ae722c PK,External Transfer,400,Transfers
OGT/490d1c2e-f296-419b- bc26-fd94a07e PK,External Transfer,100,Transfers
Gift Purchase - Hyderabad - REF 98485004,Generic Store 302,22794,Gifts & Celebrations
PTCL Bill Payment - REF 91788475,Electric Company 3828,4428,Utilities & Services
Foodpanda Order - Multan,Cafe 9868,1332,Food & Dining
Challan Payment - REF 57831830,Government 7282,31105,Government & Legal
Restaurant Payment - G-9 Peshawar - REF 77073649,Delivery Service 7797,5062,Food & Dining
Online Order - Telemart - REF 74073479,Retail Store 9969,3121,Shopping & Retail
Cinema Ticket - Cinepax - Sialkot,Service Provider 710,44950,Entertainment (Movies / Games / Events)
ICT/d8a26312-0f3c-4100- 93fe-6c0c275f PK,External Transfer,350,Transfers
Insurance Premium - Jubilee - REF 30717624,Marketplace 794,40090,Insurance
POS Transaction - Quetta - REF 91175584,Loan Provider 2381,22572,Financial Services
Traffic Fine - REF 65075173,Government 4476,14319,Government & Legal
Electronics Purchase - Samsung Store - Lahore,Marketplace 266,41011,Home Supplies / Household Items
Metro Ticket - Islamabad - REF 95038068,Local Shop 560,23949,Public Transport
OGT/3e0f9905-6bf7-4ab3- af74-4643eca7 PK,External Transfer,1100,Transfers
Insurance Premium - EFU - REF 37638789,Marketplace 650,22369,Insurance
Challan Payment - REF 34245691,Legal Service 5642,48591,Government & Legal
OGT/ff4a69bf-3892-494c- 8f59-59dc78a9 PK,External Transfer,300,Transfers
Store Purchase - Clifton Islamabad - REF 25361916,Marketplace 478,12813,Home Supplies / Household Items
Zakat Payment - REF 72290306,Fundraiser 5760,16657,Charity & Donations
Investment - Stocks - REF 46479607,Online Merchant 535,31588,Savings / Investments
OGT/9eaf550e-216d-4d5b- bb11-47f8317d PK,External Transfer,50,Transfers
ICT/576b5666-fea3-4382- 9eb7-5929a5fe PK,External Transfer,800,Transfers
Online Order - PriceOye - REF 98620700,Clothing Store 1346,15607,Shopping & Retail
Bonus Credit - REF 17763266,Client Payment 1190,45521,Income
Tea & Snacks - DHA Quetta,Cafe 5126,949,Food & Dining
Restaurant Payment - Johar Town Lahore - REF 23752957,Grocery Store 2396,6842,Food & Dining
Zakat Payment - REF 67539288,Fundraiser 9710,15104,Charity & Donations
Tea & Snacks - Defence Peshawar,Online Merchant 382,26012,Restaurants / Eating Out
OGT/65c6c57a-4eab-4a23- 898e-08d1aa03 PK,External Transfer,400,Transfers
Restaurant Payment - Bahria Town Peshawar - REF 33288949,Generic Store 640,28831,Coffee & Snacks
Donation - Shaukat Khanum - REF 33258978,Fundraiser 4417,44916,Charity & Donations
Electronics Purchase - PriceOye - Quetta,Electronics Store 9508,79132,Shopping & Retail
Challan Payment - REF 82390036,Government 4740,38731,Government & Legal
Gas Bill Payment - SSGC - REF 50809139,ISP 3277,10643,Utilities & Services
POS Purchase - Daraz.pk - Islamabad,Electronics Store 4824,109300,Shopping & Retail
Maintenance Charges - Clifton Lahore - REF 13041638,Online Merchant 519,24939,Housing / Rent
Pharmacy Payment - Servaid - Faisalabad,Pharmacy 2344,3857,Healthcare & Medical
Online Order - Daraz.pk - REF 25418708,Marketplace 581,2958,Shopping (Clothes / Electronics)
ICT/e8c417a3-60d4-48f0- a28f-27eb4760 PK,External Transfer,2000,Transfers
Pharmacy Payment - D.Watson - Multan,Pharmacy 5218,3093,Healthcare & Medical
OGT/cfd99b83-4cf1-481d- b6a3-76e3a599 PK,External Transfer,65,Transfers
IESCO Bill Payment - REF 91582350,Marketplace 497,7022,Electricity / Water / Gas
OGT/f9d254b7-3bdf-4c6d- a5d7-bee9526c PK,External Transfer,1200,Transfers
Recreation Expense - Clifton Lahore - REF 21479384,Streaming Service 9884,2039,Entertainment & Recreation
POS Transaction - Multan - REF 65142349,Broker 4298,13203,Financial Services
Internet Bill - PTCL - REF 88211692,Marketplace 309,29410,Mobile & Internet
Pharmacy Payment - D.Watson - Multan,Hospital 7995,2240,Healthcare & Medical
Cinema Ticket - Nueplex - Lahore,Cinema 8672,774,Entertainment & Recreation
Zakat Payment - REF 64877491,Charity 1895,148884,Charity & Donations
Hospital Charges - Liaquat National - REF 31731900,Hospital 7646,25517,Healthcare & Medical
POS Transaction - Faisalabad - REF 85646233,Online Merchant 860,41504,Car Maintenance
POS Transaction - Sialkot - REF 16419244,Loan Provider 5468,47513,Financial Services
Fuel Purchase - Shell - Peshawar,Transit 1238,109,Transportation
Fuel Purchase - Total Parco - Hyderabad,Auto Service 6062,36500,Transportation
Travel Booking - PIA - REF 93048578,Generic Store 542,44634,Travel (Flights / Hotels)
Freelance Payment - Fiverr - REF 38861489,Employer Bonus 7275,13164,Income
Travel Booking - SereneAir - REF 51374767,Marketplace 917,49871,Travel (Flights / Hotels)
Restaurant Payment - Clifton Hyderabad - REF 60476647,Delivery Service 5033,4238,Food & Dining
Bus Ticket - Sialkot - REF 10444023,Transit 1619,434,Transportation
ICT/2411734a-7742-42fe- 99e5-fab58cb6 PK,External Transfer,3500,Transfers
Cinema Ticket - Cinepax - Peshawar,Streaming Service 9787,2762,Entertainment & Recreation
ICT/9f79b7c8-f2c3-4494- 898a-f43fef0f PK,External Transfer,5000,Transfers
POS Transaction - Peshawar - REF 51363329,Loan Provider 6246,68190,Financial Services
PTCL Bill Payment - REF 46995944,Online Merchant 202,12560,Electricity / Water / Gas
Internet Bill - StormFiber - REF 29208638,Telecom 7142,2842,Utilities & Services
Metro Ticket - Lahore - REF 29077482,Local Shop 199,5076,Ride Sharing / Taxi
Online Entertainment - PSN - REF 77657339,Ticketing 3392,19715,Entertainment & Recreation
Fuel Purchase - Shell - Sialkot,Generic Store 585,21208,Public Transport
ICT/8072b097-32c3-47c6- 8bcd-8b034b06 PK,External Transfer,500,Transfers
Ufone Prepaid Load - 03472768329,Water Utility 5425,9319,Utilities & Services
Toll Payment - M-2 - REF 45999826,Transit 9399,102,Transportation
Grocery Purchase - Carrefour - Quetta,Service Provider 343,39781,Groceries
Pharmacy Payment - Servaid - Faisalabad,Diagnostic Lab 3527,7591,Healthcare & Medical
Fuel Purchase - Shell - Lahore,Ride-hailing 4978,2412,Transportation
Metro Ticket - Lahore - REF 94445223,Petrol Pump 5940,14498,Transportation
Mobile Topup - Jazz - 03277873725,ISP 2192,936,Utilities & Services
Passport Fee - REF 80832727,Government 7015,151992,Government & Legal
POS Purchase - Carrefour - Faisalabad,Local Shop 356,14586,Home Supplies / Household Items
Restaurant Payment - Saddar Faisalabad - REF 38717119,Online Merchant 677,28604,Groceries
Restaurant Payment - Johar Town Multan - REF 79448900,Restaurant 8764,5153,Food & Dining
Hospital Charges - Liaquat National - REF 95551898,Pharmacy 6415,279,Healthcare & Medical
Metro Ticket - Islamabad - REF 18941576,Auto Service 1724,49549,Transportation
OGT/58ae24be-01b2-4a7a- bd9d-17e48f84 PK,External Transfer,200,Transfers
ICT/0099cb4b-1f73-4726- a017-5b2f935d PK,External Transfer,3000,Transfers
Challan Payment - REF 62755280,Government 5231,169985,Government & Legal
Raast Payment - PK32JCMA0010103105452638,Pk32Jcma0010103105452638,400,Transfers
Cheetay Order - Islamabad,Grocery Store 2306,6809,Food & Dining
Monthly Subscription - Foodpanda Pro - REF 24062472,Online Merchant 772,3889,Subscriptions (Streaming / Apps)
Metro Ticket - Islamabad - REF 82595278,Marketplace 989,5521,Ride Sharing / Taxi
Charity Payment - Alkhidmat - REF 41013338,Charity 3785,7097,Charity & Donations
OGT/e107b5a6-694a-4110- 8ae2-afcdd5b1 PK,External Transfer,100,Transfers
Toll Payment - M-2 - REF 89189262,Transit 1563,155,Transportation
Passport Fee - REF 24709168,Government 6076,43964,Government & Legal
Foodpanda Order - Rawalpindi,Restaurant 7307,10312,Food & Dining
Cinema Ticket - Nueplex - Quetta,Streaming Service 8414,1605,Entertainment & Recreation
POS Purchase - Gul Ahmed - Faisalabad,Local Shop 683,24631,Home Supplies / Household Items
CWD/PAK AUSTRIA PAK AUSTRIA HARIPUR PK,Pak Austria Pak Austria Haripur Pk,2023.44,Cash Withdrawal
Charity Payment - Akhuwat - REF 11566824,Charity 3715,14140,Charity & Donations
Water Bill - WASA - REF 53956322,Water Utility 9566,5328,Utilities & Services
Donation - Edhi Foundation - REF 62032447,Charity 3207,37956,Charity & Donations
Store Purchase - Johar Town Islamabad - REF 52792292,Electronics Store 2445,80974,Shopping & Retail
OGT/e22724d6-0894-4baa- a6df-8fb4c507 PK,External Transfer,350,Transfers
Monthly Subscription - Careem Plus - REF 45868629,Service Provider 256,33381,Subscriptions (Streaming / Apps)
Water Bill - WASA - REF 41422160,Electric Company 3989,20738,Utilities & Services
StormFiber Bill Payment - REF 27050364,ISP 4618,7945,Utilities & Services
Tuition Fee - LUMS - REF 90745823,Service Provider 456,45632,Education / Tuition
Clinic Fee - Usman Ghani - Multan,Clinic 8666,2046,Healthcare & Medical
Bank Credit - HBL - REF 37955348,Employer Payroll 1969,100549,Income
Fuel Purchase - Shell - Peshawar,Transit 5799,237,Transportation
Hospital Charges - Shaukat Khanum - REF 83306433,Diagnostic Lab 8962,12323,Healthcare & Medical
Gas Bill Payment - SSGC - REF 48585618,Telecom 9152,1061,Utilities & Services
Rent Payment - Aslam - Karachi,Marketplace 181,37455,Housing / Rent
POS Purchase - Outfitters - Hyderabad,E-commerce 3432,2613,Shopping & Retail
Tuition Fee - NUST - REF 42416803,Local Shop 450,23416,Education / Tuition
Rent Payment - Ahmed Ali - Karachi,Local Shop 355,1178,Housing / Rent
Grocery Purchase - Imtiaz - Multan,Delivery Service 7865,4829,Food & Dining
POS Transaction - Quetta - REF 40651019,Bank 4638,990,Financial Services
Metro Ticket - Islamabad - REF 19575027,Ride-hailing 6010,5388,Transportation
Internet Bill - StormFiber - REF 15486514,Electric Company 8307,6028,Utilities & Services
Subscription Payment - Spotify - REF 10732659,Generic Store 411,13824,Subscriptions (Streaming / Apps)
ICT/2dc11acd-fab1-4b50- b54d-0b47cf61 PK,External Transfer,1500,Transfers
Foodpanda Order - Karachi,Grocery Store 5488,8827,Food & Dining
SSGC Bill Payment - REF 64723855,Telecom 9856,868,Utilities & Services
Hospital Charges - Shaukat Khanum - REF 95317521,Hospital 7970,68356,Healthcare & Medical
Online Order - PriceOye - REF 82887855,E-commerce 5376,4230,Shopping & Retail
Tuition Fee - NUST - REF 65265023,Local Shop 179,18574,Education / Tuition
Cinema Ticket - Cinepax - Karachi,Cinema 1382,4304,Entertainment & Recreation
OGT/dad5514d-ae26-4079- bc00-96e621bf PK,External Transfer,150,Transfers
ICT/3ca7fccc-6590-40e3- 955c-128926d8 PK,External Transfer,220,Transfers
OGT/05227a1b-6963-4ea4- b9e4-3f6b2f12 PK,External Transfer,1000,Transfers
POS Transaction - Peshawar - REF 30046290,Broker 2511,86252,Financial Services
Salary Credit - Payroll - REF 94151116,Merchant Refund 5129,11202,Income
Electronics Purchase - PriceOye - Lahore,Service Provider 553,3884,Shopping (Clothes / Electronics)
Hospital Charges - Liaquat National - REF 64717166,Clinic 1558,13233,Healthcare & Medical
ICT/00dba98f-6840-4ca1- 9cbc-b2f0bc94 PK,External Transfer,420,Transfers
Tea & Snacks - G-9 Peshawar,Local Shop 879,3801,Restaurants / Eating Out
Travel Booking - Airblue - REF 42977062,Service Provider 442,24764,Travel (Flights / Hotels)
POS Purchase - Khaadi - Multan,Clothing Store 1966,18953,Shopping & Retail
ICT/7881eac6-e32b-4b24- bab5-2229bf18 PK,External Transfer,400,Transfers
Traffic Fine - REF 37737838,Government 2865,3448,Government & Legal
Freelance Payment - Fiverr - REF 73742612,Employer Payroll 3810,51389,Income
Grocery Purchase - Imtiaz - Rawalpindi,Grocery Store 3690,13558,Food & Dining
Gas Bill Payment - SSGC - REF 60157906,Water Utility 5001,2520,Utilities & Services
POS Transaction - Faisalabad - REF 77441217,Broker 6418,43184,Financial Services
Fuel Purchase - PSO - Faisalabad,Marketplace 107,36119,Ride Sharing / Taxi
Water Bill - WASA - REF 41389883,Water Utility 6456,8276,Utilities & Services
OGT/d37c3dcf-87a6-407e- 8dcd-c6e98fa3 PK,External Transfer,300,Transfers
Charity Payment - Alkhidmat - REF 95887121,Fundraiser 4729,49004,Charity & Donations
Passport Fee - REF 23358629,Government 4950,40806,Government & Legal
inDrive Ride - Peshawar,Ride-hailing 1148,7836,Transportation
K-Electric Bill Payment - REF 35654181,ISP 5016,14789,Utilities & Services
Tea & Snacks - Defence Quetta,Delivery Service 7385,2916,Food & Dining
OGT/291b4680-99e4-40e9- 972c-021dadc8 PK,External Transfer,30,Transfers
Bundu Khan - Saddar Rawalpindi,Online Merchant 894,23000,Groceries
Grocery Purchase - Metro - Quetta,Delivery Service 8722,1632,Food & Dining
Restaurant Payment - Bahria Town Multan - REF 30990589,Cafe 5977,1027,Food & Dining
Online Entertainment - PSN - REF 77826423,Ticketing 9272,12502,Entertainment & Recreation
OGT/eed782f6-1489-48b2- aa65-0f6f74a9 PK,External Transfer,11,Transfers
Internet Bill - PTCL - REF 69425433,ISP 1038,10311,Utilities & Services
Salary Credit - Company Payroll - REF 90727645,Employer Payroll 3071,244535,Income
Grocery Purchase - Carrefour - Rawalpindi,Local Shop 312,6388,Coffee & Snacks
Hardee's - G-9 Quetta,Restaurant 5089,6816,Food & Dining
POS Transaction - Islamabad - REF 49212760,Bank 3901,963,Financial Services
Clinic Fee - Hassan Khan - Multan,Clinic 2839,547,Healthcare & Medical
Freelance Payment - Upwork - REF 70274951,Client Payment 4771,61162,Income
Challan Payment - REF 37948410,Government 5180,31628,Government & Legal
Google One London GBR,Google One,449.95,Subscriptions
Fuel Purchase - Total Parco - Rawalpindi,Transit 4725,456,Transportation
Mobile Topup - Telenor - 03396675160,Generic Store 343,41367,Electricity / Water / Gas
Donation - Shaukat Khanum - REF 25899375,Charity 9380,21930,Charity & Donations
POS Transaction - Rawalpindi - REF 14598372,Loan Provider 5508,18897,Financial Services
Money Transfer - ABDUR RASHEED - 03345005977,Abdur Rasheed,30,Transfers
Clinic Fee - Yahya - Lahore,Clinic 8987,14004,Healthcare & Medical
Online Entertainment - PSN - REF 61575328,Online Merchant 631,7503,Entertainment (Movies / Games / Events)
Zakat Payment - REF 79009078,Fundraiser 7614,1886,Charity & Donations
Online Order - PriceOye - REF 17721101,Electronics Store 6815,93052,Shopping & Retail
PTCL Bill Payment - REF 83371624,Service Provider 571,46419,Electricity / Water / Gas
ICT/721be5b3-9851-44e1- 90f8-51c40c7f PK,External Transfer,860,Transfers
Travel Booking - SereneAir - REF 20501188,Marketplace 910,40052,Travel (Flights / Hotels)
Ufone Prepaid Load - 03395620975,ISP 7241,5248,Utilities & Services
Gift Purchase - Sialkot - REF 48605136,Marketplace 141,17163,Gifts & Celebrations
Tax Payment - FBR - REF 25086231,Government 1353,11494,Government & Legal
Clinic Fee - Hassan Khan - Multan,Diagnostic Lab 6869,8982,Healthcare & Medical
Internet Bill - Nayatel - REF 98476867,Telecom 2506,4838,Utilities & Services
POS Transaction - Quetta - REF 39559727,Generic Store 566,30367,Car Maintenance
Bank Credit - HBL - REF 12808821,Merchant Refund 4362,340,Income
Online Entertainment - Google Play - REF 10458357,Gym 9355,5917,Entertainment & Recreation
Restaurant Payment - Clifton Quetta - REF 70088173,Service Provider 578,36315,Coffee & Snacks
Bus Ticket - Peshawar - REF 54292071,Auto Service 3580,2143,Transportation
POS Transaction - Hyderabad - REF 22130231,Loan Provider 9462,48312,Financial Services
Freelance Payment - Fiverr - REF 25740782,Merchant Refund 6453,15350,Income
Salary Credit - Payroll - REF 21680122,Merchant Refund 8679,19855,Income
Travel Booking - PIA - REF 50129429,Service Provider 472,17977,Travel (Flights / Hotels)
Internet Bill - PTCL - REF 72718229,Marketplace 683,43777,Mobile & Internet
Online Order - Daraz.pk - REF 59669391,Online Merchant 298,47467,Home Supplies / Household Items
Internet Bill - PTCL - REF 69244233,Telecom 4680,352,Utilities & Services
Travel Booking - PIA - REF 49562376,Service Provider 262,25776,Travel (Flights / Hotels)
OGT/9377cd66-e31d-417f- a0f3-7b744ff2 PK,External Transfer,270,Transfers
Nayatel Bill Payment - REF 59052044,Water Utility 8026,1481,Utilities & Services
Challan Payment - REF 55070170,Government 5844,32539,Government & Legal
Travel Booking - SereneAir - REF 73162404,Online Merchant 152,991,Travel (Flights / Hotels)
POS Transaction - Multan - REF 22991570,Broker 5025,113823,Financial Services
Metro Ticket - Lahore - REF 66244392,Transit 1689,293,Transportation
Online Entertainment - Google Play - REF 96006838,Streaming Service 2570,1041,Entertainment & Recreation
Zakat Payment - REF 72135315,Fundraiser 6329,37213,Charity & Donations
Electronics Purchase - Haier - Karachi,Electronics Store 2532,111068,Shopping & Retail
Lab Test Payment - Hyderabad - REF 84337130,Diagnostic Lab 9860,3346,Healthcare & Medical
Challan Payment - REF 92303941,Legal Service 2900,34296,Government & Legal
ICT/8a5ce94c-e763-47e3- 8ad5-ae509a2b PK,External Transfer,2500,Transfers
Online Entertainment - Steam - REF 52680184,Generic Store 419,38625,Entertainment (Movies / Games / Events)
Passport Fee - REF 70511765,Government 9230,157147,Government & Legal
Clinic Fee - Yahya - Sialkot,Marketplace 382,1763,Medical / Pharmacy
Bank Credit - MCB - REF 64853106,Merchant Refund 9424,1908,Income
Telenor Prepaid Load - 03148426030,ISP 9878,1530,Utilities & Services
Cheetay Order - Islamabad,Grocery Store 1458,903,Food & Dining
Foodpanda Order - Islamabad,Restaurant 5079,3831,Food & Dining
Restaurant Payment - Defence Multan - REF 83281400,Cafe 9972,678,Food & Dining
Water Bill - WASA - REF 44477851,Water Utility 4556,1661,Utilities & Services
StormFiber Bill Payment - REF 93941792,Telecom 9323,1588,Utilities & Services
Water Bill - WASA - REF 70649582,ISP 7743,2838,Utilities & Services
Restaurant Payment - I-8 Islamabad - REF 43103791,Restaurant 1042,6080,Food & Dining
Raast Payment - PK32JCMA0010103105452638,Pk32Jcma0010103105452638,320,Transfers
Cinema Ticket - Nueplex - Faisalabad,Service Provider 125,37334,Entertainment (Movies / Games / Events)
Tea & Snacks - I-8 Rawalpindi,Local Shop 415,28332,Groceries
Internet Bill - PTCL - REF 71413183,Online Merchant 186,3424,Electricity / Water / Gas
Insurance Premium - Jubilee - REF 33580157,Generic Store 370,1285,Insurance
inDrive Ride - Rawalpindi,Service Provider 517,15527,Fuel / Gas
POS Transaction - Karachi - REF 47595789,Loan Provider 5528,27295,Financial Services
Metro Ticket - Lahore - REF 18683814,Petrol Pump 3525,12360,Transportation
ICT/5a3e92a5-c20b-48f0- a180-80aca175 PK,External Transfer,330,Transfers
Online Entertainment - Steam - REF 31199776,Ticketing 4320,955,Entertainment & Recreation
Store Purchase - DHA Islamabad - REF 19512296,E-commerce 8308,25275,Shopping & Retail
Investment - Stocks - REF 10395208,Local Shop 482,32372,Savings / Investments
Water Bill - WASA - REF 32514701,Electric Company 9644,11618,Utilities & Services
ICT/ee050dce-99c7-4dd0- 8bf8-b32ac6c6 PK,External Transfer,2000,Transfers
Charity Payment - Alkhidmat - REF 71910691,Fundraiser 1310,43893,Charity & Donations
Careem Ride - Islamabad,Local Shop 228,49834,Public Transport
POS Purchase - Imtiaz - Hyderabad,Service Provider 185,42350,Home Supplies / Household Items
LESCO Bill Payment - REF 87938604,Water Utility 3365,6918,Utilities & Services
Tea & Snacks - G-9 Rawalpindi,Grocery Store 5941,5272,Food & Dining
Store Purchase - DHA Lahore - REF 42410802,Clothing Store 3621,10181,Shopping & Retail
Bonus Credit - REF 17816300,Merchant Refund 8042,9015,Income
Careem Ride - Karachi,Ride-hailing 6549,6331,Transportation
Maintenance Charges - Gulshan Lahore - REF 25417490,Online Merchant 969,20601,Housing / Rent
Bonus Credit - REF 27082688,Employer Bonus 1443,31816,Income
WASA Bill Payment - REF 47022139,Water Utility 4709,3288,Utilities & Services
Passport Fee - REF 60957141,Legal Service 9425,54649,Government & Legal
Bank Credit - MCB - REF 38227578,Merchant Refund 3642,18370,Income
Zakat Payment - REF 36689344,Charity 8651,36009,Charity & Donations
RAAST P2P USMAN GHANI,Usman Ghani,50,Transfers
Maintenance Charges - Clifton Multan - REF 48925901,Local Shop 587,23727,Housing / Rent
Donation - Edhi Foundation - REF 55069422,Charity 3841,117702,Charity & Donations
Salary Credit - Company Payroll - REF 76769383,Client Payment 8874,60201,Income
Bonus Credit - REF 98407124,Employer Payroll 6144,65424,Income
KFC - F-10 Islamabad,Marketplace 207,39319,Groceries
Bus Ticket - Karachi - REF 17903441,Petrol Pump 1438,7528,Transportation
Internet Bill - StormFiber - REF 17391786,Generic Store 981,4858,Electricity / Water / Gas
Recreation Expense - Defence Multan - REF 97269506,Streaming Service 7067,2112,Entertainment & Recreation
POS Transaction - Lahore - REF 81565715,Bank 3369,1157,Financial Services
Online Entertainment - Steam - REF 71608312,Ticketing 1288,8802,Entertainment & Recreation
Cheetay Order - Rawalpindi,Delivery Service 7990,5170,Food & Dining
Subscription Payment - Spotify - REF 89099033,Generic Store 242,49544,Subscriptions (Streaming / Apps)
Online Order - Telemart - REF 40268266,Clothing Store 7115,7878,Shopping & Retail
Tuition Fee - NUST - REF 74867358,Marketplace 836,27200,Education / Tuition
Lab Test Payment - Quetta - REF 69392070,Diagnostic Lab 7168,11457,Healthcare & Medical
Gift Purchase - Multan - REF 64481383,Online Merchant 732,32460,Gifts & Celebrations
Internet Bill - Nayatel - REF 63445882,Electric Company 1666,15430,Utilities & Services
Passport Fee - REF 30195568,Government 9929,47896,Government & Legal
Charity Payment - Alkhidmat - REF 70527086,Fundraiser 3237,39503,Charity & Donations
POS Transaction - Rawalpindi - REF 34241660,Loan Provider 5015,58444,Financial Services
POS Transaction - Multan - REF 32225779,Bank 7244,705,Financial Services
Mobile Topup - Ufone - 03244292697,Electric Company 7389,11343,Utilities & Services
Electronics Purchase - Haier - Faisalabad,Electronics Store 4128,36896,Shopping & Retail
Metro Ticket - Islamabad - REF 22112081,Generic Store 837,8145,Ride Sharing / Taxi
Mobile Topup - Telenor - 03393484520,Service Provider 642,3093,Mobile & Internet
Fuel Purchase - Total Parco - Islamabad,Service Provider 830,16772,Fuel / Gas
ICT/ad9be241-916d-4cbf- be89-0b0b8385 PK,External Transfer,60,Transfers
Donation - Shaukat Khanum - REF 91860004,Charity 3202,13947,Charity & Donations
Online Order - Daraz.pk - REF 36352130,Online Merchant 394,25928,Shopping (Clothes / Electronics)
Netflix.com Los Gatos SGP,Netflix,268.47,Subscriptions
POS Transaction - Hyderabad - REF 89779893,Bank 9555,1159,Financial Services
Recreation Expense - Defence Rawalpindi - REF 65489139,Online Merchant 481,40023,Entertainment (Movies / Games / Events)
Internet Bill - PTCL - REF 20246334,Local Shop 879,28194,Mobile & Internet
Traffic Fine - REF 87506145,Government 2659,44437,Government & Legal
Subscription Payment - Netflix - REF 59082971,Local Shop 132,43412,Subscriptions (Streaming / Apps)
OGT/23e6fd1f-aa37-4730- ad95-21f40912 PK,External Transfer,1360,Transfers
Hospital Charges - Shaukat Khanum - REF 82693816,Diagnostic Lab 3938,22274,Healthcare & Medical
Donation - Shaukat Khanum - REF 89627776,Fundraiser 5851,35731,Charity & Donations
Restaurant Payment - Clifton Quetta - REF 50739844,Generic Store 367,2143,Restaurants / Eating Out
POS Purchase - Carrefour - Karachi,Online Merchant 369,29670,Shopping (Clothes / Electronics)
Recreation Expense - Johar Town Quetta - REF 49525444,Streaming Service 5635,2008,Entertainment & Recreation
Zakat Payment - REF 95567886,Charity 1404,1191,Charity & Donations
OGT/11dd7883-e157-4b90- 8ba3-a477d7da PK,External Transfer,1100,Transfers
Recreation Expense - Saddar Quetta - REF 46506848,Gym 6146,1779,Entertainment & Recreation
Bank Credit - Faysal Bank - REF 86522186,Employer Payroll 5200,110059,Income
Charity Payment - Akhuwat - REF 39772641,Charity 2442,46586,Charity & Donations
Student Biryani - Johar Town Lahore,Generic Store 837,30335,Groceries
ICT/3c40d84c-2df4-498e- 8108-a530366d PK,External Transfer,1500,Transfers
OGT/6122d171-ee08-4cbb- 9dc2-0ac9822d PK,External Transfer,670,Transfers
Recreation Expense - G-9 Islamabad - REF 78168932,Ticketing 6965,1861,Entertainment & Recreation
Store Purchase - Bahria Town Hyderabad - REF 58781292,Local Shop 658,39241,Home Supplies / Household Items
inDrive Ride - Rawalpindi,Online Merchant 132,10302,Public Transport
Zakat Payment - REF 19646034,Charity 5164,27377,Charity & Donations
Toll Payment - M-2 - REF 20177089,Ride-hailing 5526,5650,Transportation
Lab Test Payment - Peshawar - REF 90443244,Hospital 5107,50846,Healthcare & Medical
K-Electric Bill Payment - REF 90596050,Service Provider 329,18850,Electricity / Water / Gas
Cinema Ticket - Nueplex - Peshawar,Cinema 2228,2594,Entertainment & Recreation
CWD/PAK AUSTRIA PAK AUSTRIA HARIPUR PK,Pak Austria Pak Austria Haripur Pk,5000,Cash Withdrawal
Zakat Payment - REF 35707326,Charity 6836,131380,Charity & Donations
Salary Credit - Payroll - REF 32231879,Merchant Refund 9930,19394,Income
Travel Booking - PIA - REF 78693072,Local Shop 114,42324,Travel (Flights / Hotels)
Grocery Purchase - Metro - Peshawar,Grocery Store 7388,1679,Food & Dining
Tax Payment - FBR - REF 97481257,Government 7521,23856,Government & Legal
Investment - Stocks - REF 39583977,Generic Store 287,21677,Savings / Investments
POS Transaction - Peshawar - REF 46774330,Broker 7882,43413,Financial Services
Internet Bill - Nayatel - REF 94177136,ISP 8288,11069,Utilities & Services
Store Purchase - Gulshan Peshawar - REF 86831810,Marketplace 677,25757,Home Supplies / Household Items
Passport Fee - REF 67546600,Government 4140,46339,Government & Legal
Foodpanda Order - Karachi,Cafe 6905,540,Food & Dining
POS Transaction - Karachi - REF 18670099,Service Provider 584,36699,Car Maintenance
Bank Credit - JS Bank - REF 24060479,Employer Payroll 3932,120387,Income
Money Transfer - EMAN FATIMA - 03332968914,Eman Fatima,500,Transfers
Recreation Expense - Clifton Hyderabad - REF 56369670,Local Shop 916,1941,Entertainment (Movies / Games / Events)
Online Order - PriceOye - REF 48347935,Marketplace 288,45545,Shopping (Clothes / Electronics)
ICT/fbd9e617-d531-426e- a47e-d77dff98 PK,External Transfer,4000,Transfers
POS Transaction - Quetta - REF 66505356,Bank 1798,1017,Financial Services
POS Transaction - Multan - REF 97660802,Loan Provider 8406,45083,Financial Services
Bundu Khan - DHA Multan,Local Shop 392,48898,Restaurants / Eating Out
Internet Bill - StormFiber - REF 93531751,Telecom 3050,376,Utilities & Services
ICT/793bc38b-15a3-476e- 8f02-0ef34ed8 PK,External Transfer,1000,Transfers
Gift Purchase - Lahore - REF 83943003,Service Provider 470,43023,Gifts & Celebrations
Tea & Snacks - I-8 Hyderabad,Local Shop 337,25852,Restaurants / Eating Out
Recreation Expense - Johar Town Islamabad - REF 60301618,Gym 6834,11508,Entertainment & Recreation
inDrive Ride - Rawalpindi,Marketplace 453,9263,Fuel / Gas
Freelance Payment - Upwork - REF 67541772,Employer Bonus 4255,62684,Income
OGT/55e32ebd-bec3-400b- 913e-0abe48fe PK,External Transfer,300,Transfers
OGT/ae8a30eb-846c-4b16- acea-816b1f74 PK,External Transfer,50,Transfers
Bus Ticket - Karachi - REF 88380101,Online Merchant 756,43729,Public Transport
POS Transaction - Multan - REF 59501956,Bank 2785,598,Financial Services
Investment - Stocks - REF 87205403,Online Merchant 773,6046,Savings / Investments
Gas Bill Payment - SNGPL - REF 88316727,Telecom 8136,1064,Utilities & Services
Careem Ride - Multan,Transit 2563,422,Transportation
Metro Ticket - Islamabad - REF 11972928,Service Provider 421,39400,Ride Sharing / Taxi
Grocery Purchase - Al-Fatah - Karachi,Generic Store 813,32526,Restaurants / Eating Out
Pizza Hut - DHA Lahore,Delivery Service 3174,3010,Food & Dining
Lab Test Payment - Faisalabad - REF 88159652,Marketplace 303,30365,Medical / Pharmacy
Challan Payment - REF 97093500,Legal Service 8376,72370,Government & Legal
Online Entertainment - Google Play - REF 55538840,Cinema 5671,825,Entertainment & Recreation
ICT/2e04e3e1-acaf-41ab- 8715-3ba74f3e PK,External Transfer,70,Transfers
Investment - Mutual Fund - REF 25583761,Marketplace 636,38042,Savings / Investments
Fuel Purchase - Total Parco - Rawalpindi,Generic Store 307,23427,Ride Sharing / Taxi
OGT/78d1ae1e-d44c-4434- 9b8e-8ae3412b PK,External Transfer,250,Transfers
Metro Ticket - Lahore - REF 12309795,Online Merchant 686,37361,Fuel / Gas
POS Transaction - Multan - REF 68095045,Bank 6978,326,Financial Services
POS Transaction - Multan - REF 14076824,Loan Provider 1899,58358,Financial Services
Store Purchase - Bahria Town Peshawar - REF 61851159,Electronics Store 2097,49472,Shopping & Retail
CWD/G-8 MARKAZ ISL G-8 MARKAZ ISL ISLAMABAD PK,G,5023.44,Cash Withdrawal
Jazz Prepaid Load - 03186888895,Service Provider 395,28615,Mobile & Internet
Clinic Fee - Yahya - Rawalpindi,Generic Store 334,16230,Medical / Pharmacy
Fuel Purchase - Shell - Sialkot,Service Provider 517,1426,Fuel / Gas
Electronics Purchase - Haier - Hyderabad,Online Merchant 937,17308,Home Supplies / Household Items
Tuition Fee - NUST - REF 34735983,Generic Store 524,39220,Education / Tuition
ICT/b7edde3c-34d0-41dc- b98f-3c42763c PK,External Transfer,200,Transfers
Grocery Purchase - Al-Fatah - Hyderabad,Generic Store 544,23092,Coffee & Snacks
Traffic Fine - REF 32526154,Government 5056,227363,Government & Legal
RAAST P2P HASSAN KHAN,Hassan Khan,1098,Transfers
Grocery Purchase - Al-Fatah - Rawalpindi,Generic Store 570,46803,Groceries
POS Transaction - Sialkot - REF 39129941,Broker 3876,123507,Financial Services
Bank Credit - Allied Bank - REF 47735811,Employer Bonus 1855,65441,Income
Tuition Fee - LUMS - REF 87500734,Marketplace 400,10309,Education / Tuition
App Store Subscription - REF 43287025,Marketplace 602,32031,Subscriptions (Streaming / Apps)
Insurance Premium - EFU - REF 61628414,Service Provider 747,9543,Insurance
Travel Booking - Airblue - REF 47243402,Marketplace 671,43448,Travel (Flights / Hotels)
Cheetay Order - Quetta,Restaurant 1040,5492,Food & Dining
OGT/be012dc2-d963-4e8d- ba21-291b268d PK,External Transfer,100,Transfers
Tea & Snacks - Bahria Town Hyderabad,Generic Store 321,28649,Restaurants / Eating Out
Zong Prepaid Load - 03058201395,Online Merchant 970,29687,Mobile & Internet
Money Transfer - SYED MEHFOOZ AHMED - 03409899099,Syed Mehfooz Ahmed,100,Transfers
Zong Prepaid Load - 03343777832,Electric Company 2898,4439,Utilities & Services
Raast Payment - PK91NAYA1234503176001939,Pk91Naya1234503176001939,1116,Transfers
OGT/003e1b74-bb60-430d- bcfa-53f6455d PK,External Transfer,630,Transfers
Investment - Mutual Fund - REF 68812404,Local Shop 245,21976,Savings / Investments
OGT/d1292fb3-f7db-4f96- ac8f-7b087686 PK,External Transfer,2000,Transfers
Clinic Fee - Usman Ghani - Multan,Clinic 9812,3550,Healthcare & Medical
Insurance Premium - Adamjee - REF 20020018,Local Shop 263,11164,Insurance
Restaurant Payment - Bahria Town Islamabad - REF 42004856,Cafe 2008,541,Food & Dining
OGT/17ba242e-6ccf-405c- 85bb-6630aadd PK,External Transfer,510,Transfers
Fuel Purchase - PSO - Lahore,Service Provider 692,23749,Ride Sharing / Taxi
Metro Ticket - Islamabad - REF 41249937,Ride-hailing 5600,4412,Transportation
POS Transaction - Quetta - REF 74420794,Service Provider 188,10840,Car Maintenance
POS Purchase - Metro - Hyderabad,Service Provider 414,19132,Shopping (Clothes / Electronics)
RAAST P2P ZAIN RIAZ,Zain Riaz,1700,Transfers
ICT/9c882ce1-c270-4e4f- 9dc6-ffc00147 PK,External Transfer,4500,Transfers
Recreation Expense - Johar Town Sialkot - REF 41726716,Streaming Service 3279,2620,Entertainment & Recreation
POS Transaction - Rawalpindi - REF 56403610,Loan Provider 1111,27059,Financial Services
Gift Purchase - Quetta - REF 94200049,Local Shop 229,17840,Gifts & Celebrations
Money Transfer - EMAN FATIMA - 03332968914,Eman Fatima,240,Transfers
OGT/0e04efea-3da2-41b6- bf2f-b0d51211 PK,External Transfer,800,Transfers
Lab Test Payment - Islamabad - REF 37448023,Pharmacy 2472,1344,Healthcare & Medical
OGT/18ee46ab-c35f-4bbb- 8065-e6a54d76 PK,External Transfer,250,Transfers
POS Transaction - Rawalpindi - REF 72954907,Loan Provider 4360,13688,Financial Services
Zong Prepaid Load - 03111037597,Water Utility 8383,749,Utilities & Services
POS Transaction - Sialkot - REF 36376258,Loan Provider 2358,35305,Financial Services
Store Purchase - DHA Multan - REF 96974697,Electronics Store 2928,111848,Shopping & Retail
Pharmacy Payment - Servaid - Lahore,Generic Store 643,1357,Medical / Pharmacy
Traffic Fine - REF 31897858,Legal Service 4869,4338,Government & Legal
CWD/PAK AUSTRIA PAK AUSTRIA HARIPUR PK,Pak Austria Pak Austria Haripur Pk,1000,Cash Withdrawal
Charity Payment - Alkhidmat - REF 34020799,Charity 1359,20983,Charity & Donations
ICT/788056e1-7e0b-4230- 9ff3-149e2f99 PK,External Transfer,18000,Transfers
Fuel Purchase - Total Parco - Rawalpindi,Marketplace 980,13309,Ride Sharing / Taxi
Electronics Purchase - Samsung Store - Rawalpindi,Retail Store 3715,11039,Shopping & Retail
Pharmacy Payment - Imtiaz Pharmacy - Quetta,Online Merchant 697,19357,Medical / Pharmacy
Bus Ticket - Peshawar - REF 33833141,Ride-hailing 9431,6486,Transportation
Travel Booking - Airblue - REF 91786702,Service Provider 587,46545,Travel (Flights / Hotels)
Mobile Topup - Jazz - 03268743985,Generic Store 121,46891,Electricity / Water / Gas
POS Purchase - Carrefour - Islamabad,Marketplace 462,33455,Shopping (Clothes / Electronics)
Insurance Premium - EFU - REF 16018564,Generic Store 237,45023,Insurance
Toll Payment - M-2 - REF 45965208,Generic Store 434,11905,Ride Sharing / Taxi
WASA Bill Payment - REF 18668698,Online Merchant 200,6684,Electricity / Water / Gas
OGT/fb711df4-f075-42b4- af12-28931f15 PK,External Transfer,230,Transfers
Tax Payment - FBR - REF 99059031,Legal Service 3316,1006,Government & Legal
OGT/259bfb5a-60ef-451c- 8fac-f046082c PK,External Transfer,120,Transfers
Fuel Purchase - Total Parco - Faisalabad,Local Shop 986,21682,Ride Sharing / Taxi
ICT/8f127c19-05fd-4ddc- bf45-49d25b32 PK,External Transfer,1440,Transfers
Donation - Shaukat Khanum - REF 66533310,Fundraiser 3883,17055,Charity & Donations
Cafe Aylanto - Defence Sialkot,Local Shop 477,44380,Restaurants / Eating Out
Rent Payment - Bilal Ahmed - Quetta,Local Shop 122,29887,Housing / Rent
Travel Booking - PIA - REF 16122672,Marketplace 580,46930,Travel (Flights / Hotels)
PTCL Bill Payment - REF 70503886,ISP 1454,8084,Utilities & Services
Bonus Credit - REF 67373978,Merchant Refund 2258,937,Income
Bus Ticket - Karachi - REF 80914862,Auto Service 9300,24389,Transportation
Bus Ticket - Multan - REF 89307312,Auto Service 2468,1096,Transportation
POS Transaction - Islamabad - REF 72344953,Loan Provider 9035,41903,Financial Services
POS Purchase - Gul Ahmed - Sialkot,Clothing Store 2688,21362,Shopping & Retail
Nayatel Bill Payment - REF 23152007,Marketplace 319,12836,Mobile & Internet
POS Transaction - Rawalpindi - REF 29228094,Bank 9635,1824,Financial Services
Mobile Topup - Telenor - 03498087415,Service Provider 704,8779,Electricity / Water / Gas
Insurance Premium - EFU - REF 37343779,Marketplace 876,1888,Insurance
Hospital Charges - Liaquat National - REF 82558436,Clinic 8746,1444,Healthcare & Medical
Bus Ticket - Karachi - REF 90304034,Ride-hailing 5973,3125,Transportation
POS Transaction - Quetta - REF 44753678,Bank 7509,119,Financial Services
ICT/ceb6a7bd-094e-40bc- 9ae5-901e95b2 PK,External Transfer,300,Transfers
Restaurant Payment - Saddar Rawalpindi - REF 56972847,Grocery Store 6316,3391,Food & Dining
POS Transaction - Faisalabad - REF 97988784,Bank 8835,1876,Financial Services
Charity Payment - Akhuwat - REF 33325982,Charity 9633,11312,Charity & Donations
Tea & Snacks - Bahria Town Rawalpindi,Online Merchant 381,7964,Groceries
Cheetay Order - Peshawar,Restaurant 8651,1706,Food & Dining
Bus Ticket - Lahore - REF 29519817,Generic Store 987,32711,Fuel / Gas
Money Transfer - ALI JAN - 03334852549,Ali Jan,400,Transfers
Recreation Expense - Saddar Karachi - REF 19478242,Ticketing 9547,16083,Entertainment & Recreation
Bykea Ride - Islamabad,Online Merchant 326,36762,Fuel / Gas
Store Purchase - Defence Hyderabad - REF 43985278,E-commerce 9838,25632,Shopping & Retail
POS Transaction - Karachi - REF 55060638,Broker 7359,52122,Financial Services
Online Order - PriceOye - REF 64323996,Generic Store 622,49952,Home Supplies / Household Items
IESCO Bill Payment - REF 42096640,Online Merchant 487,15661,Mobile & Internet
ICT/6546109b-98d1-4bed- 87b1-d209f782 PK,External Transfer,500,Transfers
Grocery Purchase - Al-Fatah - Multan,Restaurant 1464,2129,Food & Dining
Salary Credit - Company Payroll - REF 73391286,Employer Bonus 2797,44618,Income
ICT/8889541c-7b95-4ed5- 8a09-b2a34aa4 PK,External Transfer,250,Transfers
Cinema Ticket - Nueplex - Sialkot,Ticketing 4057,17225,Entertainment & Recreation
Metro Ticket - Islamabad - REF 84166064,Ride-hailing 3315,6126,Transportation
Internet Bill - PTCL - REF 63193598,ISP 9869,4003,Utilities & Services
Bundu Khan - F-10 Rawalpindi,Marketplace 685,7165,Restaurants / Eating Out
Freelance Payment - Upwork - REF 58380524,Employer Bonus 4741,76962,Income
Recreation Expense - I-8 Rawalpindi - REF 54399801,Cinema 4363,1739,Entertainment & Recreation
ICT/245b03cf-5778-4a81- a651-a8725bcc PK,External Transfer,27,Transfers
Internet Bill - StormFiber - REF 16923313,Service Provider 269,7036,Electricity / Water / Gas
Money Transfer - EMAN FATIMA - 03332968914,Eman Fatima,300,Transfers
Freelance Payment - Upwork - REF 80106379,Client Payment 7014,37971,Income
Bill Payment - REF 86528442,Marketplace 348,31620,Housing / Rent
Online Entertainment - Steam - REF 80203485,Generic Store 317,30649,Entertainment (Movies / Games / Events)
Restaurant Payment - Johar Town Islamabad - REF 28596974,Service Provider 723,3105,Coffee & Snacks
App Store Subscription - REF 97674007,Local Shop 706,1961,Subscriptions (Streaming / Apps)
POS Transaction - Rawalpindi - REF 19506514,Loan Provider 9770,72782,Financial Services
OGT/d07af4cf-3920-4d08- 8091-1a91a5b9 PK,External Transfer,110,Transfers
Recreation Expense - Defence Rawalpindi - REF 95325850,Gym 3145,14336,Entertainment & Recreation
Tax Payment - FBR - REF 69961122,Legal Service 7706,72979,Government & Legal
RAAST P2P MUHAMMAD ZUBAIR,Muhammad Zubair,1350,Transfers
POS Transaction - Islamabad - REF 76130040,Bank 8896,559,Financial Services
Insurance Premium - EFU - REF 85878206,Generic Store 202,2457,Insurance
OGT/435692a3-6d6e-4270- 8842-041e8b4f PK,External Transfer,90,Transfers
ICT/2d53fe40-bf96-49fb- a898-d46b0d1e PK,External Transfer,860,Transfers
Money Transfer - EMAN FATIMA - 03332968914,Eman Fatima,5000,Transfers
Pharmacy Payment - D.Watson - Karachi,Diagnostic Lab 5254,2563,Healthcare & Medical
Money Transfer - ABDUR RASHEED - 03345005977,Abdur Rasheed,230,Transfers
Freelance Payment - Upwork - REF 77437685,Client Payment 3397,23735,Income
Bank Credit - UBL - REF 26163400,Employer Bonus 5340,44725,Income
Bykea Ride - Lahore,Generic Store 930,46073,Public Transport
Charity Payment - Alkhidmat - REF 80225139,Charity 9675,26607,Charity & Donations
Water Bill - WASA - REF 38308964,Telecom 8938,2106,Utilities & Services
Investment - Stocks - REF 13459150,Generic Store 896,14285,Savings / Investments
Fuel Purchase - Shell - Rawalpindi,Service Provider 269,16913,Ride Sharing / Taxi
POS Transaction - Sialkot - REF 76479988,Bank 2229,496,Financial Services
Gift Purchase - Sialkot - REF 83055346,Local Shop 630,3859,Gifts & Celebrations
Zakat Payment - REF 87930787,Charity 2449,174790,Charity & Donations
Electronics Purchase - PriceOye - Quetta,Electronics Store 4337,84884,Shopping & Retail
Store Purchase - G-9 Hyderabad - REF 26338334,E-commerce 9375,7987,Shopping & Retail
POS Transaction - Quetta - REF 26426817,Bank 4395,329,Financial Services
Bus Ticket - Quetta - REF 38901875,Auto Service 9860,45117,Transportation
Hospital Charges - Shaukat Khanum - REF 51276962,Generic Store 268,34407,Medical / Pharmacy
Travel Booking - PIA - REF 74098458,Online Merchant 411,15159,Travel (Flights / Hotels)
Toll Payment - M-2 - REF 33227465,Transit 8775,115,Transportation
Grocery Purchase - Imtiaz - Lahore,Grocery Store 7916,8064,Food & Dining
Online Entertainment - PSN - REF 72463376,Ticketing 7550,10581,Entertainment & Recreation
Toll Payment - M-2 - REF 74561924,Petrol Pump 8269,11931,Transportation
Metro Ticket - Islamabad - REF 82843761,Auto Service 4196,12511,Transportation
Online Entertainment - Steam - REF 61348098,Gym 3364,5102,Entertainment & Recreation
Electronics Purchase - Samsung Store - Islamabad,Retail Store 3127,1100,Shopping & Retail
Cinema Ticket - Cinepax - Multan,Ticketing 7187,4148,Entertainment & Recreation
Pharmacy Payment - Servaid - Multan,Hospital 5630,74090,Healthcare & Medical
Cinema Ticket - Cinepax - Multan,Marketplace 844,6822,Entertainment (Movies / Games / Events)
Charity Payment - Akhuwat - REF 42667221,Fundraiser 7968,19954,Charity & Donations
Passport Fee - REF 86150653,Government 5473,182098,Government & Legal
Store Purchase - Saddar Lahore - REF 16882450,Marketplace 314,21971,Shopping (Clothes / Electronics)
Donation - Edhi Foundation - REF 42808725,Fundraiser 2394,16646,Charity & Donations
Bank Transfer - MUHAMMAD ZUBAIR - 03260112055649,Muhammad Zubair,6000.99,Transfers
Electronics Purchase - PriceOye - Karachi,Marketplace 560,11204,Home Supplies / Household Items
Passport Fee - REF 80413050,Legal Service 9759,29684,Government & Legal
Restaurant Payment - G-9 Faisalabad - REF 58445075,Marketplace 490,18132,Coffee & Snacks
Tea & Snacks - Saddar Multan,Grocery Store 6052,1097,Food & Dining
POS Transaction - Multan - REF 43540376,Broker 7005,167465,Financial Services
Water Bill - WASA - REF 76795770,ISP 5446,13133,Utilities & Services
Fuel Purchase - PSO - Hyderabad,Transit 1348,453,Transportation
OGT/41eee3b0-85f0-479b- 8d54-ac69eedb PK,External Transfer,4000,Transfers
Electronics Purchase - PriceOye - Faisalabad,E-commerce 7019,4452,Shopping & Retail
Toll Payment - M-2 - REF 94972412,Auto Service 2282,47215,Transportation
Donation - Shaukat Khanum - REF 71325386,Charity 1760,3583,Charity & Donations
Al-Rehman Biryani - Gulshan Multan,Cafe 9990,1049,Food & Dining
Hospital Charges - Liaquat National - REF 87094944,Generic Store 740,5297,Medical / Pharmacy
Foodpanda Order - Rawalpindi,Restaurant 1096,4203,Food & Dining
Restaurant Payment - Gulshan Sialkot - REF 49529857,Cafe 2231,871,Food & Dining
Online Order - Daraz.pk - REF 98216705,Electronics Store 6678,92691,Shopping & Retail
Donation - Edhi Foundation - REF 27884030,Charity 8436,40831,Charity & Donations
Charity Payment - Akhuwat - REF 41995548,Charity 6835,165082,Charity & Donations
Cafe Aylanto - Johar Town Islamabad,Grocery Store 9631,13334,Food & Dining
Bonus Credit - REF 73370939,Client Payment 6755,56463,Income
Restaurant Payment - Saddar Peshawar - REF 86815341,Online Merchant 471,25899,Coffee & Snacks
Gift Purchase - Islamabad - REF 32282082,Generic Store 588,37334,Gifts & Celebrations
OGT/98de3481-3d15-44af- 8757-e6563807 PK,External Transfer,100,Transfers
Bill Payment - REF 49277957,Online Merchant 218,996,Housing / Rent
Fuel Purchase - Total Parco - Multan,Ride-hailing 7433,627,Transportation
Bus Ticket - Peshawar - REF 16827085,Petrol Pump 7259,4686,Transportation
Tea & Snacks - F-10 Karachi,Generic Store 852,42194,Groceries
Bank Credit - MCB - REF 61727445,Merchant Refund 2104,831,Income
Mobile Topup - Ufone - 03314633328,Telecom 9255,2024,Utilities & Services
Tea & Snacks - Gulshan Multan,Cafe 6498,1211,Food & Dining
Bank Credit - Meezan Bank - REF 56950601,Client Payment 5193,40695,Income
ICT/6429a2c2-f6f2-4be2- a4c0-a3abe39f PK,External Transfer,260,Transfers
SFPY*Temu Karachi PAK,Temu,4291,Shopping
Toll Payment - M-2 - REF 64725837,Auto Service 8913,30814,Transportation
Freelance Payment - Upwork - REF 41594063,Merchant Refund 5540,19692,Income
Restaurant Payment - Defence Hyderabad - REF 49255892,Service Provider 577,1577,Restaurants / Eating Out
Traffic Fine - REF 30357073,Government 1181,13801,Government & Legal
Online Order - Daraz.pk - REF 54889171,E-commerce 3774,10160,Shopping & Retail
Freelance Payment - Fiverr - REF 87501186,Merchant Refund 8242,8817,Income
Insurance Premium - EFU - REF 18818102,Marketplace 745,43975,Insurance
Zakat Payment - REF 70875259,Charity 6739,18961,Charity & Donations
Cinema Ticket - Nueplex - Peshawar,Streaming Service 4861,2220,Entertainment & Recreation
POS Transaction - Hyderabad - REF 65314640,Bank 7213,795,Financial Services
Hospital Charges - Aga Khan - REF 26116486,Local Shop 741,34287,Medical / Pharmacy
Charity Payment - Akhuwat - REF 69829082,Charity 7059,152605,Charity & Donations
LESCO Bill Payment - REF 62558416,Generic Store 518,12332,Mobile & Internet
Tuition Fee - FAST - REF 35560345,Generic Store 971,22270,Education / Tuition
Gas Bill Payment - SSGC - REF 52851216,Service Provider 683,27780,Mobile & Internet
Donation - Edhi Foundation - REF 72795405,Charity 6491,32308,Charity & Donations
POS Purchase - Outfitters - Sialkot,Electronics Store 8469,65354,Shopping & Retail
ICT/88b95341-1312-4be4- 8898-55c48352 PK,External Transfer,200,Transfers
Fuel Purchase - Total Parco - Karachi,Marketplace 839,36010,Public Transport
OGT/445c8280-8264-4eec- b9ee-c20b56f8 PK,External Transfer,8,Transfers
Bykea Ride - Rawalpindi,Transit 4899,109,Transportation
Lab Test Payment - Lahore - REF 73610685,Diagnostic Lab 4340,21320,Healthcare & Medical
Online Order - Daraz.pk - REF 22416869,Retail Store 9782,2801,Shopping & Retail
Grocery Purchase - Imtiaz - Faisalabad,Cafe 5411,412,Food & Dining
Tax Payment - FBR - REF 20339809,Government 6274,237379,Government & Legal
OGT/3fbe0484-7f63-4b06- bf5d-bf22833e PK,External Transfer,200,Transfers
POS Transaction - Faisalabad - REF 79501618,Loan Provider 4933,33599,Financial Services
Insurance Premium - Jubilee - REF 32089395,Online Merchant 925,47212,Insurance
Challan Payment - REF 26525178,Government 2707,43355,Government & Legal
Online Order - PriceOye - REF 89000388,Electronics Store 5448,56773,Shopping & Retail
Zong Prepaid Load - 03019819859,Electric Company 6611,4300,Utilities & Services
POS Purchase - Metro - Karachi,Online Merchant 106,11961,Home Supplies / Household Items
Monthly Subscription - Foodpanda Pro - REF 35930942,Marketplace 594,30254,Subscriptions (Streaming / Apps)
Traffic Fine - REF 46743817,Government 8914,202505,Government & Legal
Zakat Payment - REF 30175932,Charity 2847,46502,Charity & Donations
Pharmacy Payment - Servaid - Karachi,Hospital 7645,59309,Healthcare & Medical
ICT/9efe655c-6ffe-404a- b3e0-333dda0f PK,External Transfer,300,Transfers
Cinema Ticket - Cinepax - Faisalabad,Cinema 7072,2683,Entertainment & Recreation
Bus Ticket - Hyderabad - REF 99010884,Petrol Pump 6830,3635,Transportation
Internet Bill - PTCL - REF 80175503,Marketplace 881,25482,Mobile & Internet
Toll Payment - M-2 - REF 69955853,Generic Store 480,20113,Fuel / Gas
Freelance Payment - Fiverr - REF 64855663,Employer Bonus 3947,75010,Income
Bus Ticket - Multan - REF 60269594,Online Merchant 460,3210,Public Transport
Bus Ticket - Quetta - REF 74858327,Generic Store 984,19674,Ride Sharing / Taxi
POS Transaction - Lahore - REF 54286102,Broker 6986,23321,Financial Services
Grocery Purchase - Metro - Faisalabad,Grocery Store 7654,11150,Food & Dining
Ufone Prepaid Load - 03293836499,Marketplace 606,35690,Electricity / Water / Gas
Investment - Mutual Fund - REF 62634543,Local Shop 363,19981,Savings / Investments
Freelance Payment - Upwork - REF 82975649,Client Payment 6310,59139,Income
Grocery Purchase - Metro - Karachi,Grocery Store 9072,5331,Food & Dining
OGT/428c8c3f-8777-4c1c- 9e4d-52982a5c PK,External Transfer,510,Transfers
Water Bill - WASA - REF 11617908,Generic Store 285,30559,Mobile & Internet
ICT/8f54cb83-fb38-4960- ae64-4145c21f PK,External Transfer,2000,Transfers
Recreation Expense - Defence Multan - REF 68772697,Ticketing 2278,3737,Entertainment & Recreation
OGT/3915e294-4945-4325- aa99-76b31040 PK,External Transfer,60,Transfers
ICT/cfcfcdaa-340f-4f6a- afc1-7ae56870 PK,External Transfer,9890,Transfers
Toll Payment - M-2 - REF 81243805,Petrol Pump 2696,1465,Transportation
Travel Booking - Airblue - REF 94610767,Marketplace 352,252,Travel (Flights / Hotels)
Monthly Subscription - Foodpanda Pro - REF 15807176,Service Provider 396,19696,Subscriptions (Streaming / Apps)
POS Purchase - Khaadi - Lahore,Electronics Store 2234,102591,Shopping & Retail
Internet Bill - PTCL - REF 72413373,ISP 9217,14435,Utilities & Services
Tax Payment - FBR - REF 39626082,Government 4289,22155,Government & Legal
Donation - Saylani - REF 80092207,Charity 9825,48710,Charity & Donations
Ufone Prepaid Load - 03381078340,Service Provider 655,45581,Electricity / Water / Gas
Salary Credit - Payroll - REF 12367198,Merchant Refund 6528,19060,Income
Electronics Purchase - PriceOye - Hyderabad,Electronics Store 5675,64198,Shopping & Retail
Insurance Premium - Adamjee - REF 44299947,Local Shop 703,37830,Insurance
Traffic Fine - REF 16714266,Government 9235,119954,Government & Legal
Metro Ticket - Lahore - REF 36325436,Transit 9695,54,Transportation
Grocery Purchase - Al-Fatah - Quetta,Delivery Service 4049,348,Food & Dining
POS Transaction - Sialkot - REF 26971848,Broker 3941,86166,Financial Services
Cinema Ticket - Nueplex - Faisalabad,Ticketing 1641,6547,Entertainment & Recreation
Hospital Charges - Liaquat National - REF 94583878,Diagnostic Lab 1856,3364,Healthcare & Medical
inDrive Ride - Faisalabad,Transit 1295,451,Transportation
Tax Payment - FBR - REF 34412210,Government 4937,43807,Government & Legal
Bank Credit - Meezan Bank - REF 89570351,Employer Bonus 5260,56513,Income
Tax Payment - FBR - REF 50532172,Legal Service 4600,4292,Government & Legal
Online Order - Daraz.pk - REF 65886417,E-commerce 5480,14789,Shopping & Retail
Online Entertainment - Steam - REF 11132046,Local Shop 777,34799,Entertainment (Movies / Games / Events)
POS Transaction - Multan - REF 89523166,Loan Provider 4431,31703,Financial Services
Pharmacy Payment - D.Watson - Rawalpindi,Diagnostic Lab 7477,4418,Healthcare & Medical
Tea & Snacks - Defence Faisalabad,Online Merchant 796,20456,Restaurants / Eating Out
Tea & Snacks - F-10 Multan,Cafe 3214,219,Food & Dining
Tuition Fee - FAST - REF 67172979,Service Provider 728,26096,Education / Tuition
Pharmacy Payment - Imtiaz Pharmacy - Lahore,Clinic 4671,6706,Healthcare & Medical
Toll Payment - M-2 - REF 76740963,Marketplace 187,20761,Ride Sharing / Taxi
POS Transaction - Peshawar - REF 68365687,Local Shop 672,20686,Car Maintenance
Charity Payment - Akhuwat - REF 94281057,Charity 3859,43328,Charity & Donations
Passport Fee - REF 37278610,Government 4766,244914,Government & Legal
Charity Payment - Alkhidmat - REF 91475908,Charity 4286,95254,Charity & Donations
Traffic Fine - REF 52098783,Government 8886,43083,Government & Legal
Insurance Premium - Adamjee - REF 98113077,Generic Store 363,13210,Insurance
Passport Fee - REF 14967236,Government 6969,42174,Government & Legal
RAAST P2P USMAN GHANI,Usman Ghani,12000,Transfers
POS Transaction - Multan - REF 87453984,Loan Provider 5889,44461,Financial Services
Investment - Mutual Fund - REF 55200310,Online Merchant 793,32809,Savings / Investments
Gift Purchase - Quetta - REF 17724162,Service Provider 319,21300,Gifts & Celebrations
Telenor Prepaid Load - 03493822260,Generic Store 617,14487,Electricity / Water / Gas
Subscription Payment - Google One - REF 95636188,Online Merchant 757,37591,Subscriptions (Streaming / Apps)
Money Transfer - ABDUR RASHEED - 03345005977,Abdur Rasheed,250,Transfers
ICT/c9f9ab09-81ce-4b7d- 886a-c16fc488 PK,External Transfer,5000,Transfers
POS Transaction - Lahore - REF 95418590,Bank 5648,410,Financial Services
Rent Payment - Fatima Noor - Sialkot,Marketplace 316,1692,Housing / Rent
Insurance Premium - Jubilee - REF 50763231,Generic Store 785,17670,Insurance
Fuel Purchase - PSO - Karachi,Auto Service 6774,9078,Transportation
POS Transaction - Karachi - REF 70896758,Broker 8776,167624,Financial Services
OGT/c21dc7dc-e527-4baa- adaf-a3d7a40a PK,External Transfer,200,Transfers
ICT/57b6a264-a3d4-49fb- be1d-98452602 PK,External Transfer,1000,Transfers
Metro Ticket - Lahore - REF 31978089,Local Shop 871,19815,Ride Sharing / Taxi
POS Transaction - Karachi - REF 63523278,Loan Provider 3027,75731,Financial Services
ICT/3550289d-5391-4dad- ad67-d396feff PK,External Transfer,200,Transfers
Electronics Purchase - PriceOye - Karachi,E-commerce 6575,18555,Shopping & Retail
POS Transaction - Rawalpindi - REF 32004447,Bank 9218,1113,Financial Services
Internet Bill - PTCL - REF 75155898,Marketplace 511,940,Mobile & Internet
Metro Ticket - Lahore - REF 78452587,Transit 4890,360,Transportation
Grocery Purchase - Carrefour - Karachi,Generic Store 775,31902,Coffee & Snacks
Foodpanda Order - Multan,Cafe 5855,1154,Food & Dining
Fuel Purchase - Shell - Islamabad,Auto Service 6017,9385,Transportation
Bonus Credit - REF 27798583,Employer Payroll 7301,168548,Income
Grocery Purchase - Imtiaz - Sialkot,Cafe 8207,681,Food & Dining
POS Transaction - Quetta - REF 63704071,Bank 6752,1252,Financial Services
Cinema Ticket - Cinepax - Lahore,Gym 6421,12240,Entertainment & Recreation
RAAST P2P MUHAMMAD BILAL,Muhammad Bilal,500,Transfers
Bus Ticket - Peshawar - REF 71670700,Marketplace 168,48182,Public Transport
POS Purchase - Imtiaz - Islamabad,Retail Store 2930,17307,Shopping & Retail
Bank Credit - MCB - REF 36466740,Merchant Refund 2097,2630,Income
Donation - Shaukat Khanum - REF 90622570,Charity 7155,51442,Charity & Donations
Cinema Ticket - Cinepax - Peshawar,Streaming Service 2465,1722,Entertainment & Recreation
POS Transaction - Hyderabad - REF 43949414,Broker 4057,104397,Financial Services
Toll Payment - M-2 - REF 47834010,Transit 8395,384,Transportation
Cinema Ticket - Nueplex - Lahore,Ticketing 7284,19813,Entertainment & Recreation
Recreation Expense - I-8 Peshawar - REF 68508893,Cinema 2274,1629,Entertainment & Recreation
Travel Booking - SereneAir - REF 23286223,Marketplace 303,1407,Travel (Flights / Hotels)
Charity Payment - Alkhidmat - REF 35734742,Charity 7083,3084,Charity & Donations
Recreation Expense - Clifton Quetta - REF 12460088,Marketplace 329,34257,Entertainment (Movies / Games / Events)
Water Bill - WASA - REF 78058882,Service Provider 167,23017,Mobile & Internet
Fuel Purchase - Total Parco - Rawalpindi,Transit 9916,121,Transportation
Toll Payment - M-2 - REF 82231878,Auto Service 5059,13246,Transportation
Traffic Fine - REF 36453566,Government 9419,241057,Government & Legal
Ufone Prepaid Load - 03429885918,Generic Store 455,9388,Electricity / Water / Gas
Bykea Ride - Karachi,Service Provider 220,49151,Ride Sharing / Taxi
Metro Ticket - Islamabad - REF 17760499,Online Merchant 573,41356,Public Transport
POS Transaction - Quetta - REF 16076980,Bank 3566,685,Financial Services
OGT/8a15890c-20f6-4814- b09a-19f9f563 PK,External Transfer,500,Transfers
OPTp - F-10 Sialkot,Grocery Store 5266,7264,Food & Dining
Telenor Prepaid Load - 03422848140,ISP 6902,4201,Utilities & Services
Charity Payment - Alkhidmat - REF 76077402,Fundraiser 9308,5603,Charity & Donations
Cinema Ticket - Nueplex - Karachi,Cinema 1356,1516,Entertainment & Recreation
Freelance Payment - Upwork - REF 70554188,Merchant Refund 3041,6738,Income
Store Purchase - DHA Faisalabad - REF 77509577,Local Shop 297,6794,Home Supplies / Household Items
Bus Ticket - Hyderabad - REF 69192838,Petrol Pump 1302,7380,Transportation
POS Transaction - Quetta - REF 37997243,Broker 4072,14124,Financial Services
Ufone Prepaid Load - 03470172040,Telecom 3001,4981,Utilities & Services
Freelance Payment - Upwork - REF 33853095,Client Payment 7345,40368,Income
ICT/1942b76a-ac8a-45a5- 8b0e-380e75ba PK,External Transfer,4000,Transfers
Online Entertainment - Google Play - REF 88964758,Ticketing 9900,17842,Entertainment & Recreation
Tax Payment - FBR - REF 11608587,Legal Service 5320,42467,Government & Legal
Online Order - PriceOye - REF 92277883,E-commerce 3057,32378,Shopping & Retail
Salary Credit - Payroll - REF 10500966,Client Payment 9243,51098,Income
Gift Purchase - Sialkot - REF 71313287,Generic Store 100,900,Gifts & Celebrations
ICT/32d06f3c-6c37-4be3- a92f-d12c3765 PK,External Transfer,2000,Transfers
Restaurant Payment - Saddar Peshawar - REF 17136143,Local Shop 120,10596,Coffee & Snacks
Water Bill - WASA - REF 31207044,Telecom 1195,4046,Utilities & Services
Restaurant Payment - G-9 Faisalabad - REF 28384597,Online Merchant 906,19377,Restaurants / Eating Out
Tea & Snacks - Defence Karachi,Delivery Service 8867,2278,Food & Dining
Tuition Fee - LUMS - REF 19810523,Service Provider 541,1675,Education / Tuition
ICT/97fb4d14-fa06-4351- 9ea2-74fa7785 PK,External Transfer,2000,Transfers
Travel Booking - SereneAir - REF 11683099,Local Shop 124,42028,Travel (Flights / Hotels)
Gift Purchase - Hyderabad - REF 37725711,Service Provider 428,35026,Gifts & Celebrations
Bonus Credit - REF 65379190,Employer Payroll 8081,205306,Income
Online Entertainment - PSN - REF 90581946,Ticketing 1622,14101,Entertainment & Recreation
Online Order - Telemart - REF 66741527,Retail Store 5294,11739,Shopping & Retail
Investment - Stocks - REF 93932088,Generic Store 433,1093,Savings / Investments
Toll Payment - M-2 - REF 33667242,Ride-hailing 1811,496,Transportation
Foodpanda Order - Quetta,Restaurant 6676,7659,Food & Dining
Bill Payment - REF 48802971,Generic Store 366,25365,Housing / Rent
ICT/c8b57b95-40ad-410a- a173-f039e55f PK,External Transfer,1200,Transfers
Lab Test Payment - Rawalpindi - REF 99585589,Hospital 9826,24592,Healthcare & Medical
Water Bill - KWSB - REF 67311246,Water Utility 3666,6262,Utilities & Services
Fuel Purchase - PSO - Hyderabad,Local Shop 144,17831,Public Transport
OGT/d980eb80-4622-4360- 8fda-c6d6a419 PK,External Transfer,640,Transfers
Gas Bill Payment - SNGPL - REF 38366031,Electric Company 3212,2252,Utilities & Services
Online Entertainment - Steam - REF 24616581,Gym 1295,12544,Entertainment & Recreation
POS Transaction - Islamabad - REF 81421185,Loan Provider 9959,7351,Financial Services
Student Biryani - G-9 Multan,Local Shop 925,36937,Groceries
ICT/8439f9d5-7c9d-4392- b925-dc27aa23 PK,External Transfer,40400,Transfers
Tea & Snacks - Johar Town Faisalabad,Local Shop 969,42892,Groceries
Bonus Credit - REF 20687337,Employer Bonus 1277,62270,Income
POS Transaction - Islamabad - REF 65892041,Broker 4313,53694,Financial Services
Passport Fee - REF 88116761,Legal Service 2263,99888,Government & Legal
RAAST P2P HUZAIFA ZAREEN,Huzaifa Zareen,15000,Transfers
StormFiber Bill Payment - REF 34396775,Electric Company 8970,18502,Utilities & Services
Cheetay Order - Quetta,Grocery Store 5765,4729,Food & Dining
Bus Ticket - Peshawar - REF 13591453,Ride-hailing 1713,234,Transportation
OGT/6a10370f-d020-4cc7- b0a4-78973b45 PK,External Transfer,16444,Transfers
Gift Purchase - Faisalabad - REF 33155637,Marketplace 405,3395,Gifts & Celebrations
Online Entertainment - Steam - REF 59105478,Streaming Service 2772,808,Entertainment & Recreation
Tea & Snacks - DHA Sialkot,Cafe 4611,1176,Food & Dining
Insurance Premium - Adamjee - REF 16238574,Marketplace 460,7591,Insurance
Charity Payment - Alkhidmat - REF 17526845,Charity 8858,10132,Charity & Donations
Charity Payment - Alkhidmat - REF 69278880,Fundraiser 1715,16723,Charity & Donations
Internet Bill - PTCL - REF 93723236,Telecom 8647,426,Utilities & Services
Foodpanda Order - Faisalabad,Restaurant 2072,1813,Food & Dining
OGT/4c9e484d-cc7e-42cc- 9533-23857198 PK,External Transfer,1,Transfers
Water Bill - WASA - REF 12606823,Electric Company 8329,24981,Utilities & Services
ICT/089842f1-5bb8-4880- a5c2-f5ea6467 PK,External Transfer,300,Transfers
Bus Ticket - Karachi - REF 60030957,Service Provider 605,37932,Public Transport
Fuel Purchase - PSO - Islamabad,Auto Service 6579,22035,Transportation
ICT/a44d7129-1db7-4e11- 846f-378e43e4 PK,External Transfer,1000,Transfers
Investment - Stocks - REF 92908769,Online Merchant 593,35499,Savings / Investments
ICT/0d2fbaba-81ba-488e- 8482-4e791478 PK,External Transfer,4000,Transfers
POS Transaction - Faisalabad - REF 11815005,Bank 5677,771,Financial Services
OGT/f18ba0f0-ee58-427d- 9039-4f5c38eb PK,External Transfer,420,Transfers
OGT/986fccd3-0dc2-43fa- 802c-886b02a2 PK,External Transfer,560,Transfers
OGT/0bf438ca-499d-41d0- 8072-6ba33791 PK,External Transfer,120,Transfers
Donation - Saylani - REF 69948949,Charity 1410,30602,Charity & Donations
Bus Ticket - Faisalabad - REF 57910186,Local Shop 413,40930,Ride Sharing / Taxi
Online Order - Telemart - REF 67573518,Clothing Store 2816,20012,Shopping & Retail
Grocery Purchase - Carrefour - Islamabad,Restaurant 7485,6326,Food & Dining
Online Entertainment - Steam - REF 94150165,Gym 8061,1106,Entertainment & Recreation
Online Order - Daraz.pk - REF 26644971,Online Merchant 606,354,Home Supplies / Household Items
OGT/e161dbc6-cdc6-4e22- aaec-066a9ac0 PK,External Transfer,60,Transfers
Restaurant Payment - I-8 Islamabad - REF 84210011,Delivery Service 1604,769,Food & Dining
Careem Ride - Rawalpindi,Petrol Pump 9878,4811,Transportation
Internet Bill - PTCL - REF 53725665,Telecom 9988,1864,Utilities & Services
APPLE.COM/BILL ITUNES.COM IRL,Apple,154.71,Bills
Online Entertainment - Steam - REF 52144682,Streaming Service 4400,315,Entertainment & Recreation
Zakat Payment - REF 28836596,Charity 6379,11600,Charity & Donations
OGT/5ada30a5-c0e7-43d0- bdd9-66cbceda PK,External Transfer,250,Transfers
Pharmacy Payment - Imtiaz Pharmacy - Faisalabad,Pharmacy 8904,5227,Healthcare & Medical
Clinic Fee - Sufyan Humam - Multan,Diagnostic Lab 8407,18871,Healthcare & Medical
Foodpanda Order - Faisalabad,Grocery Store 3167,3839,Food & Dining
Grocery Purchase - Imtiaz - Multan,Generic Store 952,13975,Groceries
Grocery Purchase - Metro - Lahore,Delivery Service 3657,2758,Food & Dining
ICT/e4982437-b166-4b77- 8e48-b27ef994 PK,External Transfer,210,Transfers
Mobile Topup - Jazz - 03143367650,Marketplace 776,4994,Mobile & Internet
Grocery Purchase - Carrefour - Sialkot,Restaurant 5285,10374,Food & Dining
Zakat Payment - REF 59175613,Fundraiser 1182,1038,Charity & Donations
Grocery Purchase - Al-Fatah - Islamabad,Grocery Store 7282,12723,Food & Dining
Cheetay Order - Sialkot,Restaurant 7948,1706,Food & Dining
Careem Ride - Islamabad,Generic Store 873,10370,Public Transport
CWD/IBD G_13 IBD G_13 ISLAMABAD PK ISLAMABAD PAK,Ibd G_,10035,Cash Withdrawal
Online Entertainment - PSN - REF 60988978,Gym 5072,2089,Entertainment & Recreation
Passport Fee - REF 45749467,Government 3858,38149,Government & Legal
Fuel Purchase - Shell - Faisalabad,Service Provider 172,35553,Ride Sharing / Taxi
Tax Payment - FBR - REF 83173365,Government 5057,218638,Government & Legal
Travel Booking - PIA - REF 36170567,Online Merchant 382,7751,Travel (Flights / Hotels)
POS Transaction - Hyderabad - REF 72467490,Bank 6173,1985,Financial Services
Online Order - Daraz.pk - REF 42826190,Online Merchant 165,14236,Home Supplies / Household Items
Bykea Ride - Lahore,Auto Service 8795,7366,Transportation
Gift Purchase - Hyderabad - REF 72964382,Local Shop 107,6619,Gifts & Celebrations
Water Bill - WASA - REF 32799700,Water Utility 2382,5167,Utilities & Services
Student Biryani - Johar Town Quetta,Online Merchant 763,44928,Groceries
POS Transaction - Lahore - REF 82277807,Loan Provider 2114,61278,Financial Services
ICT/9caba537-9c2b-4333- aa92-b15de194 PK,External Transfer,240,Transfers
Charity Payment - Akhuwat - REF 67937598,Charity 9983,16913,Charity & Donations
POS Transaction - Hyderabad - REF 87986260,Broker 8747,75906,Financial Services
Travel Booking - PIA - REF 58477943,Online Merchant 357,1588,Travel (Flights / Hotels)
Store Purchase - DHA Peshawar - REF 63355705,E-commerce 2382,14407,Shopping & Retail
ICT/5166b2cd-7117-439b- ae93-132719a4 PK,External Transfer,1540,Transfers
POS Purchase - Metro - Peshawar,E-commerce 8079,22842,Shopping & Retail
Fuel Purchase - Total Parco - Quetta,Petrol Pump 1915,13087,Transportation
Gas Bill Payment - SSGC - REF 17008604,ISP 5252,14434,Utilities & Services
POS Purchase - Outfitters - Lahore,Electronics Store 9678,24554,Shopping & Retail
RAAST P2P ABDUR RASHEED,Abdur Rasheed,70,Transfers
Challan Payment - REF 48054044,Legal Service 2978,26681,Government & Legal
ICT/7716d599-ccbd-4412- 9f43-6d5920fd PK,External Transfer,1400,Transfers
Bykea Ride - Quetta,Transit 1326,288,Transportation
ICT/64ceb9e9-2d90-4633- 959d-0983ad1c PK,External Transfer,1,Transfers
Investment - Stocks - REF 41339920,Service Provider 996,46164,Savings / Investments
Subscription Payment - Spotify - REF 74351295,Marketplace 465,4714,Subscriptions (Streaming / Apps)
POS Transaction - Rawalpindi - REF 17232196,Loan Provider 4285,69326,Financial Services
Bank Credit - Faysal Bank - REF 59533249,Employer Payroll 2821,37732,Income
Toll Payment - M-2 - REF 64814446,Marketplace 959,43655,Fuel / Gas
K-Electric Bill Payment - REF 22060695,Water Utility 1780,4521,Utilities & Services
OGT/fcd2f434-2f69-4085- 8291-b6641762 PK,External Transfer,18,Transfers
CWD/AMEEN KHANNAPUL AMEEN KHANNAPUL,Ameen Khannapul Ameen Khannapul,2535,Cash Withdrawal
Grocery Purchase - Metro - Karachi,Generic Store 362,9799,Restaurants / Eating Out
ICT/86e0400b-4d42-40f5- 9728-f6fc02af PK,External Transfer,400,Transfers
OGT/7356d698-0fad-4f82- 9919-6cab84b5 PK,External Transfer,500,Transfers
Electronics Purchase - Haier - Lahore,Clothing Store 5813,18193,Shopping & Retail
Traffic Fine - REF 17887927,Legal Service 3941,47936,Government & Legal
Metro Ticket - Islamabad - REF 90675501,Ride-hailing 9341,6933,Transportation
RAAST P2P YAHYA KHAN,Yahya Khan,3950,Transfers
RAAST P2P MUHAMMAD JASEEM,Muhammad Jaseem,230,Transfers
Toll Payment - M-2 - REF 67084206,Transit 3900,249,Transportation
IESCO Bill Payment - REF 35440150,Telecom 8658,3110,Utilities & Services
Student Biryani - Gulshan Faisalabad,Delivery Service 9349,5819,Food & Dining
Money Transfer - LIAQUAT ZAMAN - 03482041253,Liaquat Zaman,120,Transfers
Al-Rehman Biryani - Clifton Quetta,Restaurant 7317,7200,Food & Dining
Restaurant Payment - Bahria Town Sialkot - REF 45137930,Generic Store 209,23960,Groceries
Passport Fee - REF 40408258,Government 3218,12501,Government & Legal
POS Transaction - Hyderabad - REF 69168630,Bank 6143,1685,Financial Services
Bill Payment - REF 52257418,Service Provider 855,5384,Housing / Rent
POS Transaction - Rawalpindi - REF 60643647,Bank 5110,807,Financial Services
Mobile Topup - Jazz - 03323688756,ISP 1382,3084,Utilities & Services
Online Entertainment - Google Play - REF 27765797,Streaming Service 4745,2291,Entertainment & Recreation
Donation - Saylani - REF 21308022,Fundraiser 8311,41565,Charity & Donations
CWD/PAK AUSTRIA PAK AUSTRIA HARIPUR PK,Pak Austria Pak Austria Haripur Pk,1000,Cash Withdrawal
Clinic Fee - Shafqat Khan - Quetta,Clinic 9064,3877,Healthcare & Medical
Electronics Purchase - Samsung Store - Peshawar,Retail Store 6110,19396,Shopping & Retail
POS Transaction - Quetta - REF 80362394,Bank 1479,1698,Financial Services
POS Transaction - Quetta - REF 70694325,Bank 4856,410,Financial Services
Hospital Charges - Aga Khan - REF 73595247,Clinic 5123,6264,Healthcare & Medical
Gas Bill Payment - SSGC - REF 83007456,Electric Company 3015,20272,Utilities & Services
Mobile Topup - Telenor - 03399062595,Marketplace 684,24764,Mobile & Internet
Bus Ticket - Rawalpindi - REF 53130821,Local Shop 673,49109,Public Transport
Internet Bill - Nayatel - REF 56408102,Marketplace 216,23328,Electricity / Water / Gas
Careem Ride - Peshawar,Marketplace 435,42559,Public Transport
Restaurant Payment - I-8 Peshawar - REF 43572668,Generic Store 487,26530,Groceries
Online Entertainment - PSN - REF 74425930,Cinema 3950,1906,Entertainment & Recreation
OGT/78261b67-194b-4f72- 8557-fffa7413 PK,External Transfer,87,Transfers
Gas Bill Payment - SNGPL - REF 85734793,Telecom 1099,718,Utilities & Services
Bus Ticket - Peshawar - REF 81793360,Petrol Pump 9993,13123,Transportation
OGT/18e26e52-e61c-451b- afe5-78e1a158 PK,External Transfer,600,Transfers
Hospital Charges - Liaquat National - REF 23137806,Hospital 5184,7596,Healthcare & Medical
Grocery Purchase - Metro - Hyderabad,Cafe 8525,714,Food & Dining
Electronics Purchase - Samsung Store - Islamabad,E-commerce 6864,23426,Shopping & Retail
Restaurant Payment - Defence Rawalpindi - REF 15082496,Delivery Service 2817,2300,Food & Dining
Pharmacy Payment - Imtiaz Pharmacy - Sialkot,Diagnostic Lab 8045,13721,Healthcare & Medical
Electronics Purchase - Haier - Multan,E-commerce 3454,7587,Shopping & Retail
Salary Credit - Company Payroll - REF 87518978,Employer Bonus 9721,77602,Income
Passport Fee - REF 95039289,Government 8745,235832,Government & Legal
Maintenance Charges - Bahria Town Quetta - REF 96451839,Generic Store 905,27187,Housing / Rent
Traffic Fine - REF 41120733,Legal Service 2003,16755,Government & Legal
Tuition Fee - LUMS - REF 36348648,Service Provider 159,17134,Education / Tuition
Money Transfer - EMAN FATIMA - 03332968914,Eman Fatima,450,Transfers
Challan Payment - REF 75508028,Government 5238,32734,Government & Legal
RAAST P2P MUHAMMAD RAMZAN,Muhammad Ramzan,290,Transfers
OGT/dd353762-92c3-4d2f- 9d29-2135e08c PK,External Transfer,950,Transfers
Fuel Purchase - Total Parco - Lahore,Generic Store 209,39063,Ride Sharing / Taxi
Online Order - Daraz.pk - REF 83237658,Clothing Store 3889,16538,Shopping & Retail
Online Entertainment - PSN - REF 18260888,Ticketing 5033,3685,Entertainment & Recreation
Cinema Ticket - Cinepax - Karachi,Streaming Service 2678,912,Entertainment & Recreation
Metro Ticket - Lahore - REF 90177980,Transit 7336,306,Transportation
Store Purchase - DHA Karachi - REF 81027563,Local Shop 181,9305,Shopping (Clothes / Electronics)
OGT/9d68c518-7422-44c3- b189-f23f0561 PK,External Transfer,360,Transfers
Water Bill - WASA - REF 83577472,Online Merchant 717,35702,Mobile & Internet
Bus Ticket - Karachi - REF 60580077,Transit 3480,65,Transportation
OGT/521bcaf9-ab99-4670- 94fc-b3b1a91e PK,External Transfer,150,Transfers
Metro Ticket - Islamabad - REF 14719934,Service Provider 444,30542,Ride Sharing / Taxi
Bank Credit - Bank Alfalah - REF 43864722,Client Payment 2262,45712,Income
Recreation Expense - Bahria Town Lahore - REF 41613285,Gym 4050,14724,Entertainment & Recreation
POS Transaction - Sialkot - REF 89389714,Bank 7385,861,Financial Services
Toll Payment - M-2 - REF 31956759,Local Shop 153,41722,Ride Sharing / Taxi
Zakat Payment - REF 41264524,Charity 9618,1149,Charity & Donations
POS Purchase - Khaadi - Faisalabad,Service Provider 391,565,Home Supplies / Household Items
SSGC Bill Payment - REF 42598666,ISP 1316,4209,Utilities & Services
APPLE.COM/BILL ITUNES.COM IRL,Apple,118.13,Bills
Bykea Ride - Quetta,Petrol Pump 8157,4823,Transportation
Online Entertainment - Google Play - REF 93553522,Cinema 4461,2143,Entertainment & Recreation
Cinema Ticket - Cinepax - Hyderabad,Streaming Service 4472,2095,Entertainment & Recreation
Toll Payment - M-2 - REF 12781006,Generic Store 494,35079,Ride Sharing / Taxi
Lab Test Payment - Karachi - REF 15835315,Service Provider 337,13015,Medical / Pharmacy
Cinema Ticket - Cinepax - Karachi,Local Shop 540,45948,Entertainment (Movies / Games / Events)
Cinema Ticket - Nueplex - Hyderabad,Gym 3586,3070,Entertainment & Recreation
Recreation Expense - Defence Sialkot - REF 33891345,Service Provider 735,3451,Entertainment (Movies / Games / Events)
POS Transaction - Quetta - REF 89725462,Bank 8309,1475,Financial Services
Tuition Fee - LUMS - REF 36140305,Local Shop 994,10835,Education / Tuition
Fuel Purchase - Total Parco - Peshawar,Ride-hailing 9237,5337,Transportation
Cinema Ticket - Nueplex - Hyderabad,Streaming Service 4781,1619,Entertainment & Recreation
K-Electric Bill Payment - REF 56124177,ISP 3394,9728,Utilities & Services
Online Entertainment - Steam - REF 17616656,Ticketing 1293,16932,Entertainment & Recreation
POS Transaction - Multan - REF 94263879,Bank 8616,296,Financial Services
Fuel Purchase - Total Parco - Islamabad,Transit 5553,410,Transportation
ICT/4f4dee87-0eaf-420d- b8fc-a9cd5e43 PK,External Transfer,5000,Transfers
Fuel Purchase - Total Parco - Quetta,Petrol Pump 7852,8288,Transportation
OGT/e7a7afde-9d74-4808- a5e1-afed1463 PK,External Transfer,260,Transfers
Hospital Charges - Aga Khan - REF 12011906,Clinic 7009,13742,Healthcare & Medical
Monthly Subscription - Foodpanda Pro - REF 23322655,Marketplace 364,28258,Subscriptions (Streaming / Apps)
App Store Subscription - REF 79513987,Service Provider 177,43632,Subscriptions (Streaming / Apps)
Toll Payment - M-2 - REF 78685011,Marketplace 918,37103,Fuel / Gas
Cinema Ticket - Cinepax - Sialkot,Service Provider 351,26365,Entertainment (Movies / Games / Events)
Online Order - Daraz.pk - REF 77004452,Marketplace 523,49813,Home Supplies / Household Items
Donation - Saylani - REF 29221250,Charity 4179,42528,Charity & Donations
Metro Ticket - Islamabad - REF 68553994,Ride-hailing 6056,1378,Transportation
ICT/18173873-5327-402a- 84e4-420c712e PK,External Transfer,720,Transfers
Tax Payment - FBR - REF 50659341,Government 7415,140546,Government & Legal
Clinic Fee - Ayesha Malik - Peshawar,Hospital 1209,44469,Healthcare & Medical
OGT/f2c8bbd9-a7ec-4a27- a8a8-f0f84da0 PK,External Transfer,500,Transfers
OGT/40935cf8-357f-4572- 9478-565a224b PK,External Transfer,20,Transfers
Lab Test Payment - Faisalabad - REF 79384671,Hospital 9593,3847,Healthcare & Medical
Charity Payment - Alkhidmat - REF 30833101,Fundraiser 3589,37702,Charity & Donations
Metro Ticket - Islamabad - REF 83104426,Petrol Pump 8544,1677,Transportation
Traffic Fine - REF 73713609,Government 5357,5882,Government & Legal
Donation - Edhi Foundation - REF 49208362,Charity 8944,8312,Charity & Donations
Foodpanda Order - Rawalpindi,Generic Store 518,48550,Coffee & Snacks
ICT/dc0d7b76-3375-464a- a32c-513c7a7a PK,External Transfer,5000,Transfers
ICT/eca46b8a-c2af-4357- bb4d-45544dc4 PK,External Transfer,100,Transfers
RAAST P2P ZAHID HUSSAIN KH,Zahid Hussain Kh,120,Transfers
Bus Ticket - Multan - REF 31750175,Online Merchant 453,45878,Ride Sharing / Taxi
Challan Payment - REF 84753025,Government 2790,30701,Government & Legal
Online Order - PriceOye - REF 97068849,Clothing Store 3026,17967,Shopping & Retail
OGT/26643a12-6f70-498c- b75f-ef459c2e PK,External Transfer,220,Transfers
Cinema Ticket - Nueplex - Multan,Streaming Service 2176,1229,Entertainment & Recreation
Zakat Payment - REF 92964330,Charity 5189,26274,Charity & Donations
TELENOR PAKISTAN (PV ISLAMABAD PAK,Telenor,259.7,Bills
Freelance Payment - Upwork - REF 99559666,Client Payment 6393,32541,Income
Online Entertainment - PSN - REF 38503750,Gym 8913,1675,Entertainment & Recreation
OGT/2e6ec058-8b36-4b8e- 8659-ea66d170 PK,External Transfer,80,Transfers
Fuel Purchase - Total Parco - Sialkot,Petrol Pump 3265,5850,Transportation
StormFiber Bill Payment - REF 79608815,Water Utility 1844,2454,Utilities & Services
Grocery Purchase - Imtiaz - Hyderabad,Generic Store 399,20565,Restaurants / Eating Out
Clinic Fee - Sufyan Humam - Karachi,Pharmacy 2861,536,Healthcare & Medical
Bus Ticket - Lahore - REF 37882051,Service Provider 621,8253,Public Transport
POS Purchase - Khaadi - Islamabad,Electronics Store 6063,109698,Shopping & Retail
Traffic Fine - REF 26542090,Government 2730,27377,Government & Legal
POS Transaction - Islamabad - REF 90500751,Loan Provider 7198,68268,Financial Services
Gas Bill Payment - SNGPL - REF 59299828,Water Utility 2811,4529,Utilities & Services
POS Transaction - Sialkot - REF 16967920,Marketplace 969,8451,Car Maintenance
Bank Credit - HBL - REF 16760794,Employer Bonus 9325,33499,Income
Hospital Charges - Liaquat National - REF 71474817,Pharmacy 9939,4511,Healthcare & Medical
Foodpanda Order - Hyderabad,Delivery Service 6385,1111,Food & Dining
Internet Bill - StormFiber - REF 67870627,ISP 6729,8848,Utilities & Services
Online Order - Daraz.pk - REF 80352962,Service Provider 193,48095,Home Supplies / Household Items
OGT/e2f186c8-f164-4c54- a2e2-48b39160 PK,External Transfer,30,Transfers
Clinic Fee - Ali Raza - Karachi,Pharmacy 9395,7047,Healthcare & Medical
Bus Ticket - Quetta - REF 88824743,Petrol Pump 3695,7360,Transportation
Traffic Fine - REF 94730421,Legal Service 7114,24978,Government & Legal
Zakat Payment - REF 30630845,Charity 3846,27023,Charity & Donations
Bus Ticket - Multan - REF 55490302,Generic Store 936,18311,Ride Sharing / Taxi
OGT/c00223ac-c7fd-488d- a592-b201306e PK,External Transfer,100,Transfers
Telenor Prepaid Load - 03216908479,Water Utility 8418,1655,Utilities & Services
POS Transaction - Peshawar - REF 90274339,Loan Provider 2443,40379,Financial Services
Internet Bill - StormFiber - REF 32392087,ISP 1347,13303,Utilities & Services
Internet Bill - Nayatel - REF 46037125,Water Utility 4690,5774,Utilities & Services
Electronics Purchase - Haier - Hyderabad,Local Shop 547,33222,Home Supplies / Household Items
POS Transaction - Faisalabad - REF 37108253,Bank 8176,638,Financial Services
Investment - Mutual Fund - REF 52275707,Generic Store 369,2125,Savings / Investments
Tuition Fee - FAST - REF 41903058,Service Provider 183,28807,Education / Tuition
Passport Fee - REF 89042844,Government 3223,82058,Government & Legal
Metro Ticket - Islamabad - REF 86533854,Petrol Pump 5382,3950,Transportation
ICT/87a0f914-e509-4bde- 9bed-8d7d609b PK,External Transfer,260,Transfers
Freelance Payment - Upwork - REF 82774630,Employer Payroll 6256,60849,Income
Bus Ticket - Faisalabad - REF 74866575,Service Provider 970,19515,Public Transport
Traffic Fine - REF 14521845,Legal Service 9161,21576,Government & Legal
POS Transaction - Karachi - REF 72701469,Broker 6069,80277,Financial Services
POS Purchase - Daraz.pk - Hyderabad,Local Shop 664,5438,Home Supplies / Household Items
POS Transaction - Karachi - REF 40657033,Broker 9031,102037,Financial Services
Lab Test Payment - Islamabad - REF 76995211,Diagnostic Lab 4053,18879,Healthcare & Medical
ICT/2afea6f4-e52c-4c33- ad9b-17b52c36 PK,External Transfer,5000,Transfers
Water Bill - WASA - REF 49676950,Electric Company 3216,19004,Utilities & Services
Store Purchase - Clifton Karachi - REF 77591032,Clothing Store 8039,6386,Shopping & Retail
Monthly Subscription - Careem Plus - REF 48395735,Local Shop 228,13498,Subscriptions (Streaming / Apps)
POS Transaction - Hyderabad - REF 17018613,Loan Provider 2935,79592,Financial Services
Electronics Purchase - PriceOye - Multan,Electronics Store 8204,61387,Shopping & Retail
Mobile Topup - Zong - 03187518175,ISP 6221,11156,Utilities & Services
Bonus Credit - REF 75730715,Merchant Refund 8325,8476,Income
Freelance Payment - Fiverr - REF 25358494,Merchant Refund 7146,14919,Income
POS Transaction - Quetta - REF 14909775,Broker 5435,106073,Financial Services
Fuel Purchase - PSO - Quetta,Auto Service 2478,25958,Transportation
Store Purchase - I-8 Islamabad - REF 79473168,Electronics Store 1538,34638,Shopping & Retail
Restaurant Payment - Saddar Sialkot - REF 22399933,Delivery Service 6356,4488,Food & Dining
ICT/18e14287-68cc-4fb0- b797-6c867f38 PK,External Transfer,250,Transfers
Tax Payment - FBR - REF 24433539,Government 7385,28264,Government & Legal
Online Entertainment - Google Play - REF 43636835,Local Shop 674,23031,Entertainment (Movies / Games / Events)
Toll Payment - M-2 - REF 34372194,Ride-hailing 3416,1313,Transportation
Bundu Khan - F-10 Quetta,Grocery Store 8402,6778,Food & Dining
Mobile Topup - Zong - 03263530418,Telecom 5284,603,Utilities & Services
Online Entertainment - Steam - REF 15798517,Gym 2736,4821,Entertainment & Recreation
Restaurant Payment - F-10 Lahore - REF 35388841,Marketplace 707,38158,Restaurants / Eating Out
OGT/7425423c-0b6a-4344- b778-c1b8702f PK,External Transfer,450,Transfers
POS Transaction - Lahore - REF 65210648,Bank 6140,1807,Financial Services
Tax Payment - FBR - REF 19464838,Legal Service 3799,74384,Government & Legal
RAAST P2P ATIF ULLAH KHAN,Atif Ullah Khan,420,Transfers
Insurance Premium - EFU - REF 90177598,Generic Store 313,21891,Insurance
Traffic Fine - REF 29987621,Government 8707,1550,Government & Legal
Salary Credit - Company Payroll - REF 12593286,Employer Payroll 2186,91445,Income
Recreation Expense - I-8 Lahore - REF 20470580,Online Merchant 735,15115,Entertainment (Movies / Games / Events)
Tea & Snacks - Gulshan Quetta,Restaurant 4490,9111,Food & Dining
Electronics Purchase - Haier - Lahore,E-commerce 7765,36423,Shopping & Retail
Gift Purchase - Karachi - REF 70914546,Online Merchant 111,19929,Gifts & Celebrations
Telenor Prepaid Load - 03132279987,ISP 9577,14416,Utilities & Services
Careem Ride - Lahore,Petrol Pump 9388,3009,Transportation
Electronics Purchase - Haier - Hyderabad,Online Merchant 888,2761,Shopping (Clothes / Electronics)
Cinema Ticket - Nueplex - Quetta,Gym 7421,6822,Entertainment & Recreation
Freelance Payment - Upwork - REF 15527819,Employer Bonus 9745,35439,Income
Clinic Fee - Abdullah - Quetta,Clinic 2370,6794,Healthcare & Medical
Mobile Topup - Jazz - 03191824404,Water Utility 1646,1464,Utilities & Services
Bonus Credit - REF 87871502,Employer Payroll 8238,74518,Income
Cheetay Order - Faisalabad,Restaurant 2815,5637,Food & Dining
Donation - Edhi Foundation - REF 29585610,Charity 5727,136977,Charity & Donations
Ufone Prepaid Load - 03222103642,Telecom 9259,4090,Utilities & Services
Donation - Saylani - REF 78365109,Charity 1486,122131,Charity & Donations
POS Transaction - Rawalpindi - REF 87538627,Bank 6017,1334,Financial Services
POS Purchase - Carrefour - Sialkot,Local Shop 355,48724,Home Supplies / Household Items
Salary Credit - Payroll - REF 80007526,Merchant Refund 1336,4882,Income
Insurance Premium - Adamjee - REF 94336070,Local Shop 867,36775,Insurance
Fuel Purchase - Shell - Hyderabad,Ride-hailing 8115,7771,Transportation
Donation - Shaukat Khanum - REF 13449840,Fundraiser 6884,9874,Charity & Donations
Monthly Subscription - Foodpanda Pro - REF 45394176,Local Shop 218,1421,Subscriptions (Streaming / Apps)
Bill Payment - REF 84119677,Local Shop 377,31402,Housing / Rent
Electronics Purchase - PriceOye - Hyderabad,Clothing Store 5551,9549,Shopping & Retail
Subscription Payment - Google One - REF 77061905,Local Shop 855,17000,Subscriptions (Streaming / Apps)
Salary Credit - Company Payroll - REF 82676484,Employer Bonus 1598,88755,Income
POS Purchase - Carrefour - Karachi,Marketplace 870,14836,Home Supplies / Household Items
Raast Payment - YAHYA KHAN - SBP Raast,Yahya Khan,500,Transfers
Online Order - Telemart - REF 88475050,E-commerce 6336,29438,Shopping & Retail
Investment - Stocks - REF 21093152,Marketplace 115,37751,Savings / Investments
ICT/39cf2f93-3763-41cf- a09d-e3055f87 PK,External Transfer,299,Transfers
Grocery Purchase - Al-Fatah - Rawalpindi,Online Merchant 151,39743,Coffee & Snacks
POS Transaction - Multan - REF 90625641,Bank 5246,1021,Financial Services
Bus Ticket - Hyderabad - REF 94045405,Auto Service 1063,22305,Transportation
POS Transaction - Sialkot - REF 58915455,Generic Store 392,22015,Car Maintenance
APPLE.COM/BILL ITUNES.COM IRL,Apple,127.79,Bills
Zakat Payment - REF 55202443,Fundraiser 1974,20017,Charity & Donations
Fuel Purchase - Shell - Multan,Transit 6087,173,Transportation
Bus Ticket - Islamabad - REF 79656292,Transit 1060,207,Transportation
PTCL Bill Payment - REF 17220881,Generic Store 609,44115,Mobile & Internet
Online Order - Daraz.pk - REF 90858861,Electronics Store 5487,39798,Shopping & Retail
Hospital Charges - Shaukat Khanum - REF 70329219,Diagnostic Lab 5181,18088,Healthcare & Medical
Fuel Purchase - Shell - Rawalpindi,Ride-hailing 8377,4529,Transportation
Student Biryani - Bahria Town Quetta,Grocery Store 3095,9555,Food & Dining
POS Transaction - Islamabad - REF 70275858,Bank 9334,250,Financial Services
POS Transaction - Multan - REF 64444243,Bank 4044,377,Financial Services
Donation - Edhi Foundation - REF 25898109,Charity 1597,38914,Charity & Donations
Grocery Purchase - Metro - Lahore,Cafe 6841,901,Food & Dining
Recreation Expense - Bahria Town Sialkot - REF 59163294,Online Merchant 568,24229,Entertainment (Movies / Games / Events)
App Store Subscription - REF 32849394,Generic Store 434,22107,Subscriptions (Streaming / Apps)
Fuel Purchase - PSO - Islamabad,Service Provider 225,15041,Ride Sharing / Taxi
Insurance Premium - Adamjee - REF 83984170,Generic Store 438,15697,Insurance
Fuel Purchase - Total Parco - Lahore,Ride-hailing 1858,7853,Transportation
Bank Credit - UBL - REF 21042817,Client Payment 5225,10725,Income
POS Transaction - Quetta - REF 80209548,Bank 8528,510,Financial Services
Tax Payment - FBR - REF 89045243,Government 8127,187910,Government & Legal
Tax Payment - FBR - REF 34592571,Legal Service 1179,14788,Government & Legal
Passport Fee - REF 59055744,Government 3518,4123,Government & Legal
KFC - Gulshan Karachi,Restaurant 9372,3188,Food & Dining
LESCO Bill Payment - REF 11478913,Telecom 1584,3468,Utilities & Services
Lab Test Payment - Peshawar - REF 41777023,Pharmacy 6396,5334,Healthcare & Medical
POS Purchase - Imtiaz - Lahore,Retail Store 7372,3638,Shopping & Retail
Insurance Premium - EFU - REF 24769215,Local Shop 710,16616,Insurance
OGT/caf28bb5-215d-4ee3- b85b-54ddd59e PK,External Transfer,1150,Transfers
Donation - Edhi Foundation - REF 50390300,Fundraiser 6817,35582,Charity & Donations
Clinic Fee - Abdullah - Karachi,Local Shop 419,20085,Medical / Pharmacy
Money Transfer - SHAFQAT KHAN - 03149794493,Shafqat Khan,2050,Transfers
Tea & Snacks - DHA Faisalabad,Delivery Service 7852,5914,Food & Dining
Store Purchase - I-8 Hyderabad - REF 84418045,Online Merchant 218,9099,Home Supplies / Household Items
OPTp - Clifton Multan,Service Provider 520,42076,Restaurants / Eating Out
Tuition Fee - LUMS - REF 13527232,Local Shop 708,30236,Education / Tuition
Tea & Snacks - DHA Hyderabad,Grocery Store 6201,6392,Food & Dining
Insurance Premium - EFU - REF 50777729,Generic Store 347,14686,Insurance
Store Purchase - I-8 Lahore - REF 34553009,Clothing Store 2256,11460,Shopping & Retail
POS Purchase - Khaadi - Sialkot,Electronics Store 2936,41466,Shopping & Retail
Student Biryani - DHA Multan,Grocery Store 6122,1515,Food & Dining
ICT/6a43824f-b3bb-4a7b- b9e2-6e4be1d2 PK,External Transfer,600,Transfers
Water Bill - WASA - REF 41427761,Telecom 3253,1814,Utilities & Services
NETFLIX.COM Singapore SGP,Netflix,360.33,Subscriptions
App Store Subscription - REF 69736131,Generic Store 710,34995,Subscriptions (Streaming / Apps)
Travel Booking - PIA - REF 19943834,Marketplace 206,20366,Travel (Flights / Hotels)
Travel Booking - SereneAir - REF 38271194,Generic Store 743,21655,Travel (Flights / Hotels)
Restaurant Payment - DHA Karachi - REF 58474083,Cafe 4903,205,Food & Dining
Store Purchase - G-9 Peshawar - REF 13559789,Retail Store 9125,10585,Shopping & Retail
Freelance Payment - Upwork - REF 22365276,Merchant Refund 6711,11577,Income
OGT/96bf7fdf-b40b-4610- 81bb-151b7739 PK,External Transfer,20,Transfers
RAAST P2P ABDUR RASHEED,Abdur Rasheed,200,Transfers
Freelance Payment - Upwork - REF 52678333,Client Payment 2481,18552,Income
Challan Payment - REF 44550936,Legal Service 7590,37721,Government & Legal
Investment - Mutual Fund - REF 54241927,Generic Store 772,38793,Savings / Investments
Gift Purchase - Hyderabad - REF 11762345,Local Shop 898,38808,Gifts & Celebrations
Gift Purchase - Peshawar - REF 30089378,Marketplace 925,5629,Gifts & Celebrations
App Store Subscription - REF 13786593,Marketplace 395,22221,Subscriptions (Streaming / Apps)
Clinic Fee - Sufyan Humam - Multan,Clinic 2671,14647,Healthcare & Medical
Metro Ticket - Islamabad - REF 23148322,Transit 8909,95,Transportation
Toll Payment - M-2 - REF 93510550,Ride-hailing 9180,3547,Transportation
Water Bill - WASA - REF 79180990,Online Merchant 767,29673,Electricity / Water / Gas
POS Purchase - Carrefour - Islamabad,Retail Store 1535,9651,Shopping & Retail
ICT/37ae9c0f-ba78-4746- b885-02757ae2 PK,External Transfer,200,Transfers
Electronics Purchase - Samsung Store - Islamabad,Retail Store 6740,9284,Shopping & Retail
Recreation Expense - Saddar Faisalabad - REF 28899245,Cinema 5834,4387,Entertainment & Recreation
Rent Payment - Hassan Khan - Hyderabad,Online Merchant 845,23055,Housing / Rent
Toll Payment - M-2 - REF 57279779,Marketplace 801,15135,Ride Sharing / Taxi
Careem Ride - Quetta,Petrol Pump 1229,3485,Transportation
POS Transaction - Islamabad - REF 63743005,Loan Provider 1813,27149,Financial Services
Fuel Purchase - PSO - Sialkot,Local Shop 210,22531,Ride Sharing / Taxi
Store Purchase - Clifton Hyderabad - REF 89438246,E-commerce 9524,20628,Shopping & Retail
OGT/6de87970-375f-4d88- a89e-ebacecfc PK,External Transfer,250,Transfers
Bonus Credit - REF 73665469,Employer Bonus 8021,39274,Income
Store Purchase - G-9 Lahore - REF 72451247,Retail Store 1965,16497,Shopping & Retail
Clinic Fee - Fatima Noor - Lahore,Hospital 1834,5389,Healthcare & Medical
Toll Payment - M-2 - REF 87750953,Ride-hailing 2215,3305,Transportation
OGT/a7745be3-97f4-4d82- b307-0051bc3c PK,External Transfer,150,Transfers
Travel Booking - PIA - REF 14496067,Local Shop 530,6460,Travel (Flights / Hotels)
Gas Bill Payment - SNGPL - REF 70917469,Generic Store 735,6430,Mobile & Internet
Gas Bill Payment - SNGPL - REF 13897148,Service Provider 162,4315,Electricity / Water / Gas
Tea & Snacks - I-8 Hyderabad,Grocery Store 1223,4035,Food & Dining
Insurance Premium - Jubilee - REF 80387134,Service Provider 195,3685,Insurance
Subscription Payment - YouTube Premium - REF 72103626,Local Shop 620,11229,Subscriptions (Streaming / Apps)
POS Transaction - Hyderabad - REF 82126244,Broker 3676,149497,Financial Services
Mobile Topup - Jazz - 03327722216,Telecom 6639,2068,Utilities & Services
Cinema Ticket - Cinepax - Quetta,Streaming Service 9300,2382,Entertainment & Recreation
ICT/d0d58252-e6d1-4789- 970f-f90285a9 PK,External Transfer,140,Transfers
Bank Credit - Allied Bank - REF 66028239,Employer Bonus 9430,5504,Income
ICT/dc152a25-3b1a-44c3- a4df-bef744d8 PK,External Transfer,1500,Transfers
Online Entertainment - PSN - REF 79315087,Ticketing 7809,6184,Entertainment & Recreation
Insurance Premium - Adamjee - REF 31554048,Local Shop 366,16995,Insurance
Cheetay Order - Hyderabad,Grocery Store 4089,13235,Food & Dining
POS Transaction - Hyderabad - REF 34718362,Online Merchant 496,41642,Car Maintenance
Tea & Snacks - Bahria Town Peshawar,Marketplace 385,6296,Coffee & Snacks
Pharmacy Payment - D.Watson - Peshawar,Clinic 3893,524,Healthcare & Medical
ICT/c70d56d1-57e8-4ca1- 853c-548e9a45 PK,External Transfer,1000,Transfers
Bus Ticket - Lahore - REF 63298759,Transit 5970,407,Transportation
OGT/6d5d47de-acbc-406f- b499-a335aebf PK,External Transfer,2100,Transfers
Insurance Premium - EFU - REF 81169150,Online Merchant 107,36214,Insurance
ICT/3a23263f-9654-4aab- 87d5-39a8a7f8 PK,External Transfer,2540,Transfers
POS Transaction - Islamabad - REF 64859506,Loan Provider 2821,1505,Financial Services
Passport Fee - REF 42986696,Government 5510,409,Government & Legal
POS Purchase - Outfitters - Lahore,E-commerce 2738,8909,Shopping & Retail
Gift Purchase - Karachi - REF 36047431,Service Provider 925,9692,Gifts & Celebrations
Internet Bill - Nayatel - REF 83797599,Water Utility 6234,9255,Utilities & Services
ICT/08fa8a7d-834e-4d81- 8ef9-915daf71 PK,External Transfer,1150,Transfers
Gas Bill Payment - SSGC - REF 17783093,Electric Company 1646,9875,Utilities & Services
SSGC Bill Payment - REF 96517033,Electric Company 8466,21213,Utilities & Services
Recreation Expense - F-10 Sialkot - REF 12176157,Cinema 3310,4836,Entertainment & Recreation
Donation - Shaukat Khanum - REF 54066085,Fundraiser 3337,5254,Charity & Donations
Pharmacy Payment - D.Watson - Multan,Clinic 1406,2355,Healthcare & Medical
Freelance Payment - Upwork - REF 63176624,Merchant Refund 4676,5675,Income
Water Bill - WASA - REF 54180669,ISP 5756,5997,Utilities & Services
Grocery Purchase - Al-Fatah - Sialkot,Generic Store 163,30853,Groceries
Pharmacy Payment - D.Watson - Islamabad,Clinic 8407,4392,Healthcare & Medical
Charity Payment - Akhuwat - REF 18194195,Fundraiser 6555,23171,Charity & Donations
LESCO Bill Payment - REF 71251419,Telecom 3846,4883,Utilities & Services
Insurance Premium - Adamjee - REF 51129984,Generic Store 451,27807,Insurance
Subscription Payment - Netflix - REF 90347716,Generic Store 525,15045,Subscriptions (Streaming / Apps)
Tea & Snacks - Defence Quetta,Restaurant 6406,3101,Food & Dining
Internet Bill - StormFiber - REF 99347789,Generic Store 391,26977,Mobile & Internet
Freelance Payment - Fiverr - REF 31305113,Employer Payroll 8467,98190,Income
Pharmacy Payment - Servaid - Multan,Pharmacy 2587,4690,Healthcare & Medical
Online Entertainment - Google Play - REF 20323793,Gym 4196,5567,Entertainment & Recreation
Gift Purchase - Peshawar - REF 50383060,Generic Store 430,35216,Gifts & Celebrations
Clinic Fee - Yahya - Multan,Pharmacy 8910,4645,Healthcare & Medical
Salary Credit - Company Payroll - REF 21379339,Employer Payroll 2489,161683,Income
Restaurant Payment - Gulshan Quetta - REF 66253921,Marketplace 132,373,Groceries
POS Transaction - Multan - REF 64919695,Local Shop 174,31023,Car Maintenance
POS Transaction - Multan - REF 69040883,Broker 1035,71207,Financial Services
inDrive Ride - Quetta,Auto Service 7215,3705,Transportation
Tuition Fee - NUST - REF 37963930,Online Merchant 596,13675,Education / Tuition
Bank Credit - HBL - REF 45730698,Client Payment 6645,28150,Income
POS Transaction - Faisalabad - REF 82847961,Bank 8061,1694,Financial Services
Restaurant Payment - I-8 Quetta - REF 73815725,Cafe 1763,1027,Food & Dining
ICT/7a25159f-81f4-4769- 9f37-17a73737 PK,External Transfer,1500,Transfers
Foodpanda Order - Peshawar,Service Provider 827,22060,Restaurants / Eating Out
Rent Payment - Ali Raza - Karachi,Marketplace 262,8313,Housing / Rent
StormFiber Bill Payment - REF 57338171,Electric Company 5988,8811,Utilities & Services
Zakat Payment - REF 72273413,Charity 8194,15047,Charity & Donations
Bank Transfer - YAHYA KHAN - 04450010146803660012,Yahya Khan,271.54,Transfers
Electronics Purchase - PriceOye - Lahore,Local Shop 353,16183,Shopping (Clothes / Electronics)
Bank Credit - Faysal Bank - REF 76782735,Merchant Refund 5634,12513,Income
Bykea Ride - Hyderabad,Auto Service 5472,47857,Transportation
Clinic Fee - Ahmed Ali - Rawalpindi,Service Provider 563,37849,Medical / Pharmacy
Donation - Saylani - REF 90631256,Fundraiser 4037,32959,Charity & Donations
RAAST P2P BABU AKHLAQ TUCK,Babu Akhlaq Tuck,410,Transfers
Passport Fee - REF 21741182,Government 1017,10500,Government & Legal
Bonus Credit - REF 44907177,Merchant Refund 8404,8168,Income
Metro Ticket - Lahore - REF 67708130,Petrol Pump 7746,3386,Transportation
Cinema Ticket - Nueplex - Lahore,Gym 8820,8346,Entertainment & Recreation
POS Transaction - Lahore - REF 47130147,Generic Store 977,15886,Car Maintenance
POS Purchase - Imtiaz - Islamabad,Electronics Store 6097,1768,Shopping & Retail
POS Transaction - Rawalpindi - REF 59675172,Loan Provider 7951,67075,Financial Services
OGT/8db84eaa-c8b6-498b- 9d3b-25959964 PK,External Transfer,350,Transfers
Online Order - PriceOye - REF 55968637,Online Merchant 785,15950,Shopping (Clothes / Electronics)
Hospital Charges - Shaukat Khanum - REF 49682943,Pharmacy 8551,1247,Healthcare & Medical
Lab Test Payment - Faisalabad - REF 58490459,Generic Store 789,17661,Medical / Pharmacy
Passport Fee - REF 62103490,Legal Service 8182,25936,Government & Legal
Online Entertainment - PSN - REF 80343948,Cinema 1465,4742,Entertainment & Recreation
POS Purchase - Metro - Sialkot,Online Merchant 223,16568,Shopping (Clothes / Electronics)
Clinic Fee - Sufyan Humam - Sialkot,Pharmacy 1454,5829,Healthcare & Medical
Toll Payment - M-2 - REF 47779624,Petrol Pump 7805,5866,Transportation
Gift Purchase - Quetta - REF 99204172,Online Merchant 462,10645,Gifts & Celebrations
Electronics Purchase - Haier - Rawalpindi,E-commerce 5442,21374,Shopping & Retail
OGT/eda207d6-9a43-4515- b561-e437929e PK,External Transfer,160,Transfers
Tax Payment - FBR - REF 73290245,Government 9420,30919,Government & Legal
Pharmacy Payment - Imtiaz Pharmacy - Quetta,Diagnostic Lab 2179,19408,Healthcare & Medical
Donation - Edhi Foundation - REF 76586671,Charity 3318,30983,Charity & Donations
Passport Fee - REF 14372181,Government 9650,111420,Government & Legal
Tax Payment - FBR - REF 29277243,Government 6665,39460,Government & Legal
Pharmacy Payment - Servaid - Peshawar,Pharmacy 1208,3755,Healthcare & Medical
Bus Ticket - Rawalpindi - REF 11532758,Petrol Pump 7110,799,Transportation
OGT/bb30c522-a872-4d81- b34c-75d856bc PK,External Transfer,1020,Transfers
POS Purchase - Daraz.pk - Karachi,Local Shop 269,1453,Shopping (Clothes / Electronics)
Recreation Expense - Clifton Faisalabad - REF 62994240,Gym 5773,12857,Entertainment & Recreation
Salary Credit - Payroll - REF 92054143,Client Payment 1952,68060,Income
Cafe Aylanto - Saddar Peshawar,Online Merchant 812,47448,Groceries
Tea & Snacks - I-8 Hyderabad,Cafe 3502,1430,Food & Dining
Online Entertainment - Steam - REF 75901273,Gym 6411,14719,Entertainment & Recreation
Online Entertainment - PSN - REF 83175336,Cinema 9432,2179,Entertainment & Recreation
Passport Fee - REF 26880994,Government 8398,28475,Government & Legal
POS Purchase - Gul Ahmed - Peshawar,Service Provider 559,37897,Home Supplies / Household Items
Zakat Payment - REF 74427007,Charity 7354,26209,Charity & Donations
Toll Payment - M-2 - REF 39625575,Petrol Pump 1575,7540,Transportation
Electronics Purchase - Samsung Store - Multan,Electronics Store 6633,79551,Shopping & Retail
ICT/835774dd-50e4-47d1- 8e91-8ca6a691 PK,External Transfer,333,Transfers
Jazz Prepaid Load - 03066118104,Electric Company 2871,5616,Utilities & Services
Tax Payment - FBR - REF 63759624,Government 4874,38698,Government & Legal
Bonus Credit - REF 94360336,Client Payment 9322,77022,Income
Charity Payment - Alkhidmat - REF 76659610,Charity 9471,24679,Charity & Donations
Zakat Payment - REF 16788947,Charity 7756,151753,Charity & Donations
Travel Booking - PIA - REF 14883849,Marketplace 161,34781,Travel (Flights / Hotels)
Mobile Topup - Jazz - 03152715554,Generic Store 912,8371,Mobile & Internet
Charity Payment - Alkhidmat - REF 81775845,Charity 1539,30231,Charity & Donations
Mobile Topup - Jazz - 03393997616,ISP 7930,4118,Utilities & Services
NETFLIX.COM Singapore SGP,Netflix,285.15,Subscriptions
Passport Fee - REF 36298372,Government 6535,181978,Government & Legal
Internet Bill - StormFiber - REF 92343894,Water Utility 5640,4276,Utilities & Services
RAAST P2P BABU AKHLAQ TUCK,Babu Akhlaq Tuck,480,Transfers
McDonald's - Bahria Town Sialkot,Grocery Store 3717,378,Food & Dining
Donation - Shaukat Khanum - REF 53751097,Charity 6307,8547,Charity & Donations
Tax Payment - FBR - REF 65365957,Government 4811,49546,Government & Legal
Hospital Charges - Liaquat National - REF 96700458,Diagnostic Lab 5579,15068,Healthcare & Medical
Freelance Payment - Fiverr - REF 79504070,Employer Bonus 4751,20686,Income
Clinic Fee - Hira - Quetta,Marketplace 903,45846,Medical / Pharmacy
Electronics Purchase - Haier - Rawalpindi,Service Provider 667,23283,Home Supplies / Household Items
OGT/2f07f3b1-2a9d-496c- 8eb6-8dd6048e PK,External Transfer,300,Transfers
inDrive Ride - Hyderabad,Marketplace 268,46561,Public Transport
Charity Payment - Akhuwat - REF 89220121,Charity 2949,15781,Charity & Donations
Internet Bill - StormFiber - REF 57407993,Electric Company 8855,16865,Utilities & Services
Hospital Charges - Shaukat Khanum - REF 73733002,Diagnostic Lab 6899,3977,Healthcare & Medical
Money Transfer - EMAN FATIMA - 03332968914,Eman Fatima,150,Transfers
Clinic Fee - Sufyan Humam - Sialkot,Hospital 9569,16235,Healthcare & Medical
Toll Payment - M-2 - REF 91562722,Petrol Pump 2755,4717,Transportation
Cinema Ticket - Nueplex - Rawalpindi,Ticketing 6341,4503,Entertainment & Recreation
OGT/e81cdf0a-5938-4447- 9d2a-0ae31a37 PK,External Transfer,210,Transfers
OGT/0eb39ab0-f3f0-46ab- 97f1-6f089ca3 PK,External Transfer,400,Transfers
Tax Payment - FBR - REF 45470510,Government 5202,200933,Government & Legal
Store Purchase - DHA Hyderabad - REF 94077736,E-commerce 4246,13783,Shopping & Retail
RAAST P2P AKHLAQ,Akhlaq,9400,Transfers
Travel Booking - SereneAir - REF 62950433,Marketplace 307,46026,Travel (Flights / Hotels)
Water Bill - WASA - REF 80685665,Electric Company 2981,11659,Utilities & Services
Foodpanda Order - Peshawar,Online Merchant 215,36511,Groceries
Tea & Snacks - Gulshan Faisalabad,Grocery Store 3473,1895,Food & Dining
Bus Ticket - Islamabad - REF 25885476,Ride-hailing 1315,434,Transportation
Grocery Purchase - Carrefour - Multan,Cafe 5126,1458,Food & Dining
Insurance Premium - EFU - REF 61955954,Marketplace 146,14598,Insurance
ICT/d2f4c09c-1e6a-43ed- bf44-907ee8c2 PK,External Transfer,1000,Transfers
POS Transaction - Sialkot - REF 37365517,Bank 6002,1077,Financial Services
Bill Payment - REF 54259986,Online Merchant 467,49634,Housing / Rent
Restaurant Payment - Defence Faisalabad - REF 89414544,Service Provider 185,31131,Groceries
Donation - Edhi Foundation - REF 18466011,Charity 1007,16901,Charity & Donations
GOOGLE *Google One g.co/helppay# GBR,Google One,491.01,Subscriptions
ICT/e6c5f5fe-88da-4867- bc43-207acc46 PK,External Transfer,100,Transfers
Charity Payment - Alkhidmat - REF 28859567,Charity 7066,26331,Charity & Donations
Online Entertainment - Steam - REF 49244422,Ticketing 9339,9811,Entertainment & Recreation
Donation - Shaukat Khanum - REF 76681539,Fundraiser 5267,29714,Charity & Donations
Clinic Fee - Ali Raza - Rawalpindi,Diagnostic Lab 5652,10795,Healthcare & Medical
Tax Payment - FBR - REF 21720643,Legal Service 1525,80421,Government & Legal
Charity Payment - Alkhidmat - REF 51920743,Charity 3433,24764,Charity & Donations
Online Order - Daraz.pk - REF 12936382,Online Merchant 639,31214,Shopping (Clothes / Electronics)
Cinema Ticket - Nueplex - Sialkot,Cinema 7723,3489,Entertainment & Recreation
Raast Payment - PK17SADA0000003285471294,Pk17Sada0000003285471294,210,Transfers
Cheetay Order - Peshawar,Restaurant 4765,3794,Food & Dining
Traffic Fine - REF 70919909,Government 4113,8910,Government & Legal
Traffic Fine - REF 10386632,Government 4849,49553,Government & Legal
Clinic Fee - Fatima Noor - Faisalabad,Pharmacy 9993,385,Healthcare & Medical
Electronics Purchase - Haier - Quetta,Electronics Store 6567,95071,Shopping & Retail
Pharmacy Payment - Imtiaz Pharmacy - Quetta,Hospital 1313,9708,Healthcare & Medical
Toll Payment - M-2 - REF 31138685,Generic Store 690,47281,Public Transport
Bundu Khan - Saddar Hyderabad,Online Merchant 980,16102,Groceries
Challan Payment - REF 50387421,Government 7250,28815,Government & Legal
Mobile Topup - Jazz - 03270921321,Local Shop 857,28172,Electricity / Water / Gas
StormFiber Bill Payment - REF 65303502,Telecom 6532,4698,Utilities & Services
Pharmacy Payment - Servaid - Sialkot,Diagnostic Lab 5506,6696,Healthcare & Medical
Lab Test Payment - Karachi - REF 18829567,Diagnostic Lab 7311,14012,Healthcare & Medical
Gift Purchase - Multan - REF 89770327,Service Provider 487,43250,Gifts & Celebrations
RAAST P2P MUHAMMAD NOMAN N,Muhammad Noman N,150,Transfers
POS Transaction - Multan - REF 81994097,Service Provider 993,540,Car Maintenance
Fuel Purchase - PSO - Peshawar,Auto Service 7388,34661,Transportation
Investment - Mutual Fund - REF 65041447,Marketplace 294,32849,Savings / Investments
Grocery Purchase - Metro - Sialkot,Generic Store 635,7897,Coffee & Snacks
Challan Payment - REF 92418173,Government 6045,102712,Government & Legal
Grocery Purchase - Metro - Sialkot,Marketplace 879,13776,Groceries
Water Bill - WASA - REF 54561816,Generic Store 346,7292,Mobile & Internet
Online Entertainment - Steam - REF 93872952,Generic Store 703,8988,Entertainment (Movies / Games / Events)
POS Purchase - Khaadi - Hyderabad,Local Shop 722,41012,Home Supplies / Household Items
Challan Payment - REF 77219887,Government 7343,37966,Government & Legal
Internet Bill - StormFiber - REF 74758164,Electric Company 4404,14681,Utilities & Services
Cinema Ticket - Cinepax - Karachi,Gym 3432,3591,Entertainment & Recreation
Cinema Ticket - Nueplex - Lahore,Gym 2692,1287,Entertainment & Recreation
ICT/9572d1c6-3e1d-4b77- a1e0-b2e3dcda PK,External Transfer,1150,Transfers
Recreation Expense - Saddar Lahore - REF 67887463,Gym 9058,7705,Entertainment & Recreation
Bykea Ride - Lahore,Ride-hailing 3808,3833,Transportation
Internet Bill - Nayatel - REF 39485681,Service Provider 836,38071,Electricity / Water / Gas
POS Transaction - Lahore - REF 74691196,Online Merchant 376,37657,Car Maintenance
POS Purchase - Metro - Peshawar,Electronics Store 4853,108504,Shopping & Retail
Travel Booking - SereneAir - REF 28644040,Service Provider 396,26446,Travel (Flights / Hotels)
Freelance Payment - Fiverr - REF 82256182,Employer Payroll 2418,98864,Income
OGT/fdef716d-a0bb-401a- 97dc-272c5390 PK,External Transfer,440,Transfers
Electronics Purchase - Haier - Rawalpindi,Marketplace 964,30442,Shopping (Clothes / Electronics)
Challan Payment - REF 56191964,Government 6073,83775,Government & Legal
POS Transaction - Quetta - REF 93560543,Bank 1278,1753,Financial Services
Store Purchase - Bahria Town Islamabad - REF 54535611,E-commerce 9394,32142,Shopping & Retail
Bank Credit - HBL - REF 76051973,Merchant Refund 8447,17195,Income
Recreation Expense - Saddar Hyderabad - REF 37727049,Cinema 7346,2545,Entertainment & Recreation
Bykea Ride - Sialkot,Local Shop 665,40624,Ride Sharing / Taxi
Netflix.com Los Gatos SGP,Netflix,284.1,Subscriptions
Grocery Purchase - Metro - Islamabad,Online Merchant 900,45462,Restaurants / Eating Out
Gas Bill Payment - SSGC - REF 13841729,Online Merchant 410,14155,Electricity / Water / Gas
Cheetay Order - Rawalpindi,Local Shop 145,4842,Groceries
Travel Booking - SereneAir - REF 23857835,Local Shop 498,41632,Travel (Flights / Hotels)
ICT/a2df1287-3818-4d57- ad7f-e16095a0 PK,External Transfer,200,Transfers
Gas Bill Payment - SSGC - REF 37805624,Water Utility 1699,8851,Utilities & Services
Grocery Purchase - Imtiaz - Multan,Restaurant 4703,3130,Food & Dining
Online Order - Daraz.pk - REF 46102069,Retail Store 8841,19818,Shopping & Retail
Mobile Topup - Zong - 03084676400,Water Utility 1801,7746,Utilities & Services
POS Purchase - Khaadi - Rawalpindi,Electronics Store 9687,29644,Shopping & Retail
Donation - Shaukat Khanum - REF 20199088,Fundraiser 6530,30447,Charity & Donations
Chai Shai - I-8 Multan,Cafe 1544,1200,Food & Dining
Challan Payment - REF 82703718,Government 1359,295708,Government & Legal
Gas Bill Payment - SNGPL - REF 47659433,Marketplace 234,25885,Mobile & Internet
Lab Test Payment - Rawalpindi - REF 33360671,Local Shop 865,2218,Medical / Pharmacy
Metro Ticket - Islamabad - REF 36284451,Ride-hailing 4789,1266,Transportation
Charity Payment - Akhuwat - REF 51679922,Charity 9879,109048,Charity & Donations
Restaurant Payment - Gulshan Islamabad - REF 86285870,Delivery Service 3436,389,Food & Dining
Tea & Snacks - I-8 Quetta,Local Shop 876,34194,Coffee & Snacks
Cheetay Order - Rawalpindi,Cafe 1957,208,Food & Dining
Clinic Fee - Usman Ghani - Lahore,Diagnostic Lab 3854,20788,Healthcare & Medical
Online Entertainment - PSN - REF 93001379,Gym 9480,12676,Entertainment & Recreation
POS Transaction - Sialkot - REF 85502421,Loan Provider 1403,22294,Financial Services
Water Bill - WASA - REF 15704843,ISP 1108,7884,Utilities & Services
Donation - Saylani - REF 16442220,Fundraiser 4884,47871,Charity & Donations
Bus Ticket - Islamabad - REF 11772590,Online Merchant 528,44253,Fuel / Gas
POS Purchase - Gul Ahmed - Karachi,Clothing Store 8122,12855,Shopping & Retail
Recreation Expense - I-8 Hyderabad - REF 52886084,Marketplace 774,24079,Entertainment (Movies / Games / Events)
Electronics Purchase - PriceOye - Lahore,E-commerce 5136,19747,Shopping & Retail
RAAST P2P MUHAMMAD RAMZAN,Muhammad Ramzan,140,Transfers
Store Purchase - Gulshan Multan - REF 73887618,Retail Store 1142,14297,Shopping & Retail
ICT/634237fe-1e4d-41e2- b05b-fbcf7d9a PK,External Transfer,1000,Transfers
Hospital Charges - Aga Khan - REF 10735735,Hospital 8086,27252,Healthcare & Medical
Mobile Topup - Jazz - 03299572782,ISP 3382,14698,Utilities & Services
Lab Test Payment - Faisalabad - REF 97731449,Hospital 4565,42970,Healthcare & Medical
Metro Ticket - Islamabad - REF 31266176,Service Provider 423,21508,Public Transport
Restaurant Payment - Saddar Lahore - REF 69184565,Local Shop 503,19907,Restaurants / Eating Out
POS Transaction - Multan - REF 45043935,Local Shop 172,28082,Car Maintenance
Tea & Snacks - I-8 Lahore,Cafe 5532,1298,Food & Dining
Cinema Ticket - Nueplex - Peshawar,Ticketing 3326,6250,Entertainment & Recreation
Online Entertainment - Google Play - REF 67469081,Generic Store 363,15602,Entertainment (Movies / Games / Events)
Donation - Shaukat Khanum - REF 18081883,Fundraiser 1938,26272,Charity & Donations
Passport Fee - REF 52546099,Government 9457,32854,Government & Legal
Electronics Purchase - PriceOye - Karachi,Clothing Store 6106,21846,Shopping & Retail
POS Transaction - Quetta - REF 40412296,Bank 6527,951,Financial Services
ICT/d54a2ac7-2e9c-43ad- 8018-edfeb270 PK,External Transfer,860,Transfers
Investment - Stocks - REF 44236137,Online Merchant 899,18237,Savings / Investments
Recreation Expense - Clifton Rawalpindi - REF 33152751,Streaming Service 2406,1572,Entertainment & Recreation
Metro Ticket - Lahore - REF 90157364,Ride-hailing 6293,2493,Transportation
Grocery Purchase - Imtiaz - Faisalabad,Restaurant 3845,7515,Food & Dining
Pizza Hut - Clifton Hyderabad,Service Provider 589,713,Groceries
Tea & Snacks - G-9 Rawalpindi,Delivery Service 8978,3433,Food & Dining
Tuition Fee - FAST - REF 46689341,Service Provider 477,43618,Education / Tuition
Bonus Credit - REF 30940504,Employer Bonus 2262,73716,Income
Donation - Edhi Foundation - REF 44820313,Fundraiser 6838,33411,Charity & Donations
Hospital Charges - Shaukat Khanum - REF 80642630,Diagnostic Lab 8875,17760,Healthcare & Medical
Store Purchase - Johar Town Faisalabad - REF 54795902,E-commerce 5107,18429,Shopping & Retail
Toll Payment - M-2 - REF 58826128,Ride-hailing 3975,784,Transportation
POS Transaction - Islamabad - REF 93812102,Broker 6558,163353,Financial Services
POS Transaction - Rawalpindi - REF 33954958,Bank 8032,390,Financial Services
Store Purchase - Gulshan Sialkot - REF 36858326,Retail Store 4940,8321,Shopping & Retail
Bonus Credit - REF 47883540,Employer Payroll 3044,129101,Income
Metro Ticket - Islamabad - REF 46076326,Service Provider 859,3397,Fuel / Gas
Recreation Expense - Gulshan Hyderabad - REF 25438944,Cinema 3671,2497,Entertainment & Recreation
Online Entertainment - Steam - REF 99287070,Gym 1545,12700,Entertainment & Recreation
Zong Prepaid Load - 03144179588,Online Merchant 781,10550,Mobile & Internet
Challan Payment - REF 85373564,Government 1746,43654,Government & Legal
Charity Payment - Alkhidmat - REF 75615008,Charity 5940,45700,Charity & Donations
ICT/f5e3c6e8-7e18-4368- 8865-514b6b7b PK,External Transfer,120,Transfers
Traffic Fine - REF 70613414,Legal Service 1547,54067,Government & Legal
Bundu Khan - Defence Multan,Grocery Store 2688,13022,Food & Dining
Bank Credit - Bank Alfalah - REF 74970338,Merchant Refund 1194,5834,Income
Donation - Edhi Foundation - REF 88487269,Charity 5026,89273,Charity & Donations
Metro Ticket - Islamabad - REF 92632741,Online Merchant 862,3716,Ride Sharing / Taxi
RAAST P2P ZAIN UL ABADEEN,Zain Ul Abadeen,6600,Transfers
POS Transaction - Hyderabad - REF 10534464,Loan Provider 6172,59389,Financial Services
Recreation Expense - G-9 Islamabad - REF 76816222,Streaming Service 3881,2597,Entertainment & Recreation
Gas Bill Payment - SSGC - REF 95093132,Local Shop 818,45962,Electricity / Water / Gas
Internet Bill - PTCL - REF 54892888,Online Merchant 582,37926,Mobile & Internet
OGT/e3ede2c7-3415-4470- 9857-4455b618 PK,External Transfer,10000,Transfers
Rent Payment - Aslam - Sialkot,Online Merchant 168,23530,Housing / Rent
Bykea Ride - Sialkot,Ride-hailing 1235,5607,Transportation
Online Entertainment - Google Play - REF 78068480,Gym 1816,1642,Entertainment & Recreation
Online Entertainment - PSN - REF 53721527,Streaming Service 7901,629,Entertainment & Recreation
Al-Rehman Biryani - DHA Multan,Marketplace 314,14461,Groceries
Insurance Premium - Jubilee - REF 53595167,Marketplace 937,44194,Insurance
ICT/6786ac37-cd2b-4840- aa78-a59cfd7d PK,External Transfer,5080,Transfers
OGT/5f222c88-0bf0-4019- 802f-7bd86f2c PK,External Transfer,460,Transfers
Tuition Fee - NUST - REF 25493877,Online Merchant 565,44655,Education / Tuition
Water Bill - WASA - REF 11922054,ISP 5911,7226,Utilities & Services
POS Transaction - Islamabad - REF 34515871,Broker 7803,69306,Financial Services
Insurance Premium - Jubilee - REF 24643448,Generic Store 144,24154,Insurance
Cinema Ticket - Nueplex - Karachi,Ticketing 3909,5582,Entertainment & Recreation
Salary Credit - Company Payroll - REF 61214715,Employer Payroll 8073,187845,Income
ICT/ea459fe2-379b-49ef- 8102-eb1c7f3f PK,External Transfer,3000,Transfers
Toll Payment - M-2 - REF 23581013,Auto Service 7345,31572,Transportation
POS Transaction - Hyderabad - REF 60405316,Marketplace 152,17543,Car Maintenance
ICT/948e1810-5ebe-4bd3- b559-3c366c4a PK,External Transfer,240,Transfers
Donation - Shaukat Khanum - REF 40662145,Charity 9727,131357,Charity & Donations
Internet Bill - PTCL - REF 47214530,Electric Company 7495,695,Utilities & Services
Tea & Snacks - G-9 Islamabad,Generic Store 253,6554,Groceries
Tea & Snacks - DHA Multan,Online Merchant 321,39392,Groceries
Donation - Shaukat Khanum - REF 21214269,Fundraiser 1511,28216,Charity & Donations
ICT/71fc9c22-2315-4fc4- b77d-af9bbd4b PK,External Transfer,1000,Transfers
Restaurant Payment - I-8 Hyderabad - REF 89156725,Service Provider 263,13732,Coffee & Snacks
Ufone Prepaid Load - 03177278861,ISP 9625,5436,Utilities & Services
Zakat Payment - REF 74749517,Charity 7060,7704,Charity & Donations
Online Entertainment - PSN - REF 39109838,Ticketing 4879,11424,Entertainment & Recreation
Tax Payment - FBR - REF 54062585,Legal Service 3546,43925,Government & Legal
Grocery Purchase - Carrefour - Quetta,Cafe 8550,420,Food & Dining
McDonald's - Clifton Sialkot,Delivery Service 6311,1615,Food & Dining
Maintenance Charges - I-8 Quetta - REF 73090130,Service Provider 923,48760,Housing / Rent
Bykea Ride - Multan,Transit 8972,293,Transportation
Toll Payment - M-2 - REF 25315440,Petrol Pump 5423,8411,Transportation
ICT/412234e6-30b5-4f3f- 8a81-8063ca3b PK,External Transfer,450,Transfers
Salary Credit - Company Payroll - REF 40521664,Merchant Refund 6866,2451,Income
OGT/e60bf19c-0753-4449- 8594-8602423d PK,External Transfer,95,Transfers
Money Transfer - EMAN FATIMA - 03332968914,Eman Fatima,290,Transfers
Bank Credit - Meezan Bank - REF 23738920,Employer Bonus 7171,22377,Income
Online Order - Telemart - REF 48238711,Online Merchant 329,23803,Shopping (Clothes / Electronics)
Money Transfer - ABDUR RASHEED - 03345005977,Abdur Rasheed,30,Transfers
Freelance Payment - Fiverr - REF 49363431,Employer Bonus 1789,73517,Income
Store Purchase - Bahria Town Sialkot - REF 52479369,E-commerce 6085,34081,Shopping & Retail
Restaurant Payment - Clifton Karachi - REF 49144165,Delivery Service 1361,2845,Food & Dining
Fuel Purchase - Shell - Karachi,Petrol Pump 8393,6705,Transportation
POS Transaction - Peshawar - REF 34066585,Loan Provider 5599,39391,Financial Services
Pharmacy Payment - Imtiaz Pharmacy - Faisalabad,Service Provider 828,392,Medical / Pharmacy
Zakat Payment - REF 51624914,Charity 2658,60675,Charity & Donations
inDrive Ride - Islamabad,Auto Service 7226,2339,Transportation
Charity Payment - Alkhidmat - REF 13292304,Charity 5431,2419,Charity & Donations
Careem Ride - Faisalabad,Generic Store 382,6496,Ride Sharing / Taxi
Clinic Fee - Ayesha Malik - Sialkot,Diagnostic Lab 5981,5283,Healthcare & Medical
RAAST P2P YAHYA KHAN,Yahya Khan,460,Transfers
Mobile Topup - Jazz - 03040548481,Generic Store 781,37566,Electricity / Water / Gas
Gas Bill Payment - SNGPL - REF 61339134,Service Provider 630,26753,Electricity / Water / Gas
Zakat Payment - REF 71964609,Charity 4512,64594,Charity & Donations
ICT/b41b3921-3712-4400- bda5-9b93eceb PK,External Transfer,200,Transfers
Grocery Purchase - Carrefour - Karachi,Marketplace 956,7421,Coffee & Snacks
Bus Ticket - Lahore - REF 68975510,Local Shop 651,22109,Ride Sharing / Taxi
RAAST P2P BABU AKHLAQ TUCK,Babu Akhlaq Tuck,200,Transfers
Money Transfer - EMAN FATIMA - 03332968914,Eman Fatima,800,Transfers
POS Transaction - Sialkot - REF 47829288,Broker 7839,165406,Financial Services
Telenor Prepaid Load - 03092579361,Water Utility 4869,351,Utilities & Services
POS Transaction - Hyderabad - REF 40000948,Bank 8440,740,Financial Services
Clinic Fee - Aslam - Faisalabad,Online Merchant 891,25276,Medical / Pharmacy
Tuition Fee - NUST - REF 99923678,Service Provider 578,1336,Education / Tuition
Money Transfer - ZAHIR REHMAN - 03439348723,Zahir Rehman,2050,Transfers
POS Transaction - Rawalpindi - REF 44301463,Bank 5610,1058,Financial Services
Money Transfer - ABDUR RASHEED - 03345005977,Abdur Rasheed,320,Transfers
Internet Bill - Nayatel - REF 38818412,Water Utility 8168,4381,Utilities & Services
POS Transaction - Quetta - REF 83070155,Bank 2883,1250,Financial Services
Online Order - Daraz.pk - REF 51613792,Electronics Store 1405,47256,Shopping & Retail
OGT/348da976-3b5e-4672- 9e90-3889d36c PK,External Transfer,1440,Transfers
Store Purchase - Defence Hyderabad - REF 57202017,E-commerce 7351,8376,Shopping & Retail
Cheetay Order - Lahore,Local Shop 499,5320,Coffee & Snacks
Lab Test Payment - Quetta - REF 36805125,Service Provider 132,4754,Medical / Pharmacy
ICT/cd801b58-a79c-481f- ba5e-dd50132c PK,External Transfer,1000,Transfers
OGT/ff0dcd2b-1dbb-48b7- aa7f-c6dbd7df PK,External Transfer,150,Transfers
Grocery Purchase - Imtiaz - Sialkot,Service Provider 481,15616,Restaurants / Eating Out
Grocery Purchase - Metro - Multan,Cafe 8643,538,Food & Dining
Money Transfer - EMAN FATIMA - 03332968914,Eman Fatima,1000,Transfers
Donation - Saylani - REF 13357758,Charity 8875,30638,Charity & Donations
Metro Ticket - Islamabad - REF 93399456,Transit 6005,447,Transportation
Charity Payment - Akhuwat - REF 48233611,Charity 6067,45671,Charity & Donations
Freelance Payment - Upwork - REF 27052552,Client Payment 5976,18200,Income
Travel Booking - Airblue - REF 90040316,Generic Store 783,13275,Travel (Flights / Hotels)
Charity Payment - Alkhidmat - REF 17188934,Fundraiser 9963,23412,Charity & Donations
Hospital Charges - Liaquat National - REF 28358189,Clinic 3458,3144,Healthcare & Medical
Charity Payment - Akhuwat - REF 18995597,Charity 2649,49627,Charity & Donations
Telenor Prepaid Load - 03175061094,Telecom 9730,3605,Utilities & Services
Electronics Purchase - Haier - Islamabad,Clothing Store 8511,616,Shopping & Retail
Mobile Topup - Jazz - 03376311866,Water Utility 2834,3427,Utilities & Services
Foodpanda Order - Peshawar,Generic Store 538,32927,Groceries
Recreation Expense - F-10 Karachi - REF 72861944,Gym 5523,6242,Entertainment & Recreation
Restaurant Payment - G-9 Karachi - REF 72317701,Grocery Store 2628,4734,Food & Dining
Donation - Shaukat Khanum - REF 43652778,Charity 4192,120655,Charity & Donations
Grocery Purchase - Al-Fatah - Lahore,Cafe 4678,357,Food & Dining
Recreation Expense - Clifton Islamabad - REF 85285304,Local Shop 583,16563,Entertainment (Movies / Games / Events)
SSGC Bill Payment - REF 68506951,Electric Company 5985,24625,Utilities & Services
Online Entertainment - Steam - REF 38635259,Cinema 1226,3140,Entertainment & Recreation
OGT/99a651aa-5720-4522- b351-52f1d98d PK,External Transfer,60,Transfers
Tax Payment - FBR - REF 82037566,Legal Service 3251,20747,Government & Legal
ICT/8c64e879-1657-4ef5- 926c-f14c23d1 PK,External Transfer,20000,Transfers
Tuition Fee - FAST - REF 26232213,Local Shop 698,14337,Education / Tuition
OGT/4c67f4c3-3f4d-4b83- a7d1-b2ba7726 PK,External Transfer,5100,Transfers
RAAST P2P EMAN FATIMA,Eman Fatima,5000,Transfers
ICT/7d6cc210-347f-4cd9- a713-4e977f4d PK,External Transfer,600,Transfers
Lab Test Payment - Islamabad - REF 11800905,Hospital 6971,28793,Healthcare & Medical
Traffic Fine - REF 45685377,Government 3503,14261,Government & Legal
Freelance Payment - Fiverr - REF 96378783,Employer Payroll 9122,128345,Income
Cinema Ticket - Nueplex - Rawalpindi,Cinema 4759,544,Entertainment & Recreation
Charity Payment - Akhuwat - REF 46414475,Charity 1254,89106,Charity & Donations
Bonus Credit - REF 26555617,Client Payment 2633,41981,Income
Internet Bill - PTCL - REF 54603557,Electric Company 6046,2474,Utilities & Services
OGT/4d4f5abf-70e3-489e- b077-76acb347 PK,External Transfer,1000,Transfers
Lab Test Payment - Multan - REF 10647295,Diagnostic Lab 7531,13690,Healthcare & Medical
POS Transaction - Lahore - REF 95756718,Broker 6356,61920,Financial Services
Cinema Ticket - Nueplex - Multan,Streaming Service 8291,2365,Entertainment & Recreation
KFC - Gulshan Peshawar,Grocery Store 6091,5393,Food & Dining
Salary Credit - Payroll - REF 69598369,Merchant Refund 9287,18323,Income
Insurance Premium - EFU - REF 20313219,Online Merchant 287,6203,Insurance
POS Transaction - Lahore - REF 70829544,Bank 2115,1033,Financial Services
Store Purchase - Clifton Lahore - REF 62313150,Electronics Store 7867,65181,Shopping & Retail
Tuition Fee - FAST - REF 16276151,Marketplace 962,17615,Education / Tuition
App Store Subscription - REF 21857727,Generic Store 725,14967,Subscriptions (Streaming / Apps)
POS Transaction - Faisalabad - REF 11634032,Loan Provider 9386,43201,Financial Services
Grocery Purchase - Metro - Faisalabad,Restaurant 3824,8850,Food & Dining
Money Transfer - EMAN FATIMA - 03332968914,Eman Fatima,200,Transfers
Rent Payment - Yahya - Hyderabad,Online Merchant 790,41629,Housing / Rent
Store Purchase - DHA Faisalabad - REF 73072106,Retail Store 2862,8470,Shopping & Retail
Donation - Shaukat Khanum - REF 75849102,Charity 1218,20528,Charity & Donations
Tea & Snacks - F-10 Hyderabad,Generic Store 734,31045,Coffee & Snacks
Travel Booking - Airblue - REF 25892283,Service Provider 144,18031,Travel (Flights / Hotels)
WASA Bill Payment - REF 15020320,Telecom 4952,1694,Utilities & Services
Ufone Prepaid Load - 03323929847,Electric Company 7212,18595,Utilities & Services
Restaurant Payment - Johar Town Peshawar - REF 51060635,Cafe 8788,160,Food & Dining
ICT/f7c6b1e7-10dc-4332- ab76-5b1ac6a6 PK,External Transfer,500,Transfers
Hospital Charges - Aga Khan - REF 23086300,Clinic 5414,4592,Healthcare & Medical
Donation - Shaukat Khanum - REF 41590717,Fundraiser 2216,26479,Charity & Donations
POS Transaction - Islamabad - REF 11794766,Loan Provider 6793,9616,Financial Services
Grocery Purchase - Metro - Rawalpindi,Delivery Service 1083,812,Food & Dining
Freelance Payment - Upwork - REF 77197044,Client Payment 8479,10073,Income
POS Transaction - Rawalpindi - REF 49325631,Local Shop 491,4426,Car Maintenance
Gift Purchase - Faisalabad - REF 41801381,Generic Store 698,21001,Gifts & Celebrations
Store Purchase - Bahria Town Islamabad - REF 32861480,E-commerce 9806,32114,Shopping & Retail
Freelance Payment - Upwork - REF 80658003,Merchant Refund 6288,3668,Income
Water Bill - WASA - REF 71493022,ISP 5054,7940,Utilities & Services
OGT/148397bf-6d45-4120- a3df-63d4ae53 PK,External Transfer,300,Transfers
POS Purchase - Imtiaz - Rawalpindi,Retail Store 7369,2811,Shopping & Retail
Cheetay Order - Peshawar,Delivery Service 6582,4876,Food & Dining
POS Transaction - Rawalpindi - REF 67353799,Loan Provider 5493,20153,Financial Services
Restaurant Payment - G-9 Quetta - REF 73919519,Cafe 1916,581,Food & Dining
ICT/0c0534d0-0ffc-46b6- 8976-c4306f80 PK,External Transfer,170,Transfers
Salary Credit - Payroll - REF 28183322,Client Payment 5164,67528,Income
Charity Payment - Alkhidmat - REF 24813779,Charity 6521,35291,Charity & Donations
ICT/3b888ca3-3489-4c90- a375-6235add0 PK,External Transfer,225,Transfers
Tea & Snacks - G-9 Karachi,Generic Store 611,11612,Coffee & Snacks
Bus Ticket - Faisalabad - REF 28523168,Auto Service 5351,17632,Transportation
OGT/adb6c723-7b39-46e2- bce1-5468546a PK,External Transfer,170,Transfers
Cheetay Order - Karachi,Local Shop 961,3922,Restaurants / Eating Out
POS Purchase - Metro - Quetta,Retail Store 6962,8869,Shopping & Retail
Tuition Fee - LUMS - REF 98150844,Service Provider 368,9970,Education / Tuition
Grocery Purchase - Imtiaz - Faisalabad,Restaurant 4288,1505,Food & Dining
Hospital Charges - Liaquat National - REF 61676865,Diagnostic Lab 8744,7835,Healthcare & Medical
OGT/d2a89fba-c931-40e1- af4e-8ae32e9d PK,External Transfer,2300,Transfers
Cinema Ticket - Nueplex - Peshawar,Streaming Service 2797,524,Entertainment & Recreation
Salary Credit - Company Payroll - REF 72993945,Client Payment 9626,16362,Income
Internet Bill - StormFiber - REF 13434016,Telecom 4145,384,Utilities & Services
Electronics Purchase - Samsung Store - Hyderabad,Electronics Store 1726,30175,Shopping & Retail
Mobile Topup - Zong - 03412199901,Generic Store 618,31813,Electricity / Water / Gas
Electronics Purchase - Haier - Multan,Electronics Store 1909,14957,Shopping & Retail
Water Bill - WASA - REF 46227826,Telecom 7131,115,Utilities & Services
Lab Test Payment - Faisalabad - REF 85897951,Hospital 6491,77071,Healthcare & Medical
Passport Fee - REF 55599001,Government 6211,33068,Government & Legal
Recreation Expense - Bahria Town Multan - REF 76981552,Local Shop 228,25514,Entertainment (Movies / Games / Events)
Metro Ticket - Lahore - REF 17143120,Auto Service 9163,25144,Transportation
Electronics Purchase - Haier - Hyderabad,Retail Store 5863,2736,Shopping & Retail
Cheetay Order - Karachi,Grocery Store 9194,415,Food & Dining
Bykea Ride - Karachi,Service Provider 454,20216,Fuel / Gas
POS Transaction - Islamabad - REF 45046439,Bank 1726,207,Financial Services
Online Order - Daraz.pk - REF 36156739,Retail Store 4254,5814,Shopping & Retail
Passport Fee - REF 32151458,Government 9575,47091,Government & Legal
Passport Fee - REF 16818523,Government 6675,88146,Government & Legal
Pharmacy Payment - D.Watson - Faisalabad,Hospital 3380,32022,Healthcare & Medical
Rent Payment - Bilal Ahmed - Multan,Online Merchant 638,36024,Housing / Rent
POS Purchase - Outfitters - Lahore,Retail Store 4912,3493,Shopping & Retail
Toll Payment - M-2 - REF 25438488,Petrol Pump 7346,5431,Transportation
Cinema Ticket - Nueplex - Multan,Service Provider 129,23507,Entertainment (Movies / Games / Events)
PTCL Bill Payment - REF 70739316,Water Utility 1494,398,Utilities & Services
Bonus Credit - REF 85484851,Employer Payroll 5428,143895,Income
Tea & Snacks - Bahria Town Rawalpindi,Grocery Store 4064,5886,Food & Dining
Recreation Expense - DHA Hyderabad - REF 89500813,Cinema 3630,1593,Entertainment & Recreation
Donation - Edhi Foundation - REF 70937882,Charity 6011,32603,Charity & Donations
POS Transaction - Faisalabad - REF 73696815,Local Shop 100,32344,Car Maintenance
Metro Ticket - Islamabad - REF 93218212,Petrol Pump 3502,7229,Transportation
POS Purchase - Carrefour - Multan,Clothing Store 3453,18445,Shopping & Retail
Fuel Purchase - Shell - Rawalpindi,Online Merchant 360,9692,Ride Sharing / Taxi
Tea & Snacks - Bahria Town Peshawar,Cafe 7629,1242,Food & Dining
Gift Purchase - Peshawar - REF 35575451,Local Shop 714,11827,Gifts & Celebrations
POS Transaction - Sialkot - REF 55383404,Broker 7464,178485,Financial Services
Water Bill - WASA - REF 39836181,Telecom 8646,2511,Utilities & Services
RAAST P2P MUHAMMAD ASLAM,Muhammad Aslam,110,Transfers
ICT/92154fce-38eb-4db4- abe1-26d0678d PK,External Transfer,150,Transfers
POS Transaction - Peshawar - REF 96114631,Bank 4046,627,Financial Services
Toll Payment - M-2 - REF 15010771,Auto Service 3985,24401,Transportation
POS Transaction - Faisalabad - REF 12660835,Generic Store 660,46244,Car Maintenance
inDrive Ride - Islamabad,Marketplace 663,6434,Public Transport
Online Order - Telemart - REF 37043887,E-commerce 1239,18726,Shopping & Retail
Passport Fee - REF 87607743,Legal Service 6580,95005,Government & Legal
Electronics Purchase - PriceOye - Quetta,Online Merchant 758,31915,Home Supplies / Household Items
Recreation Expense - G-9 Hyderabad - REF 15778071,Local Shop 307,10447,Entertainment (Movies / Games / Events)
Restaurant Payment - Gulshan Multan - REF 21118670,Delivery Service 2287,2884,Food & Dining
POS Purchase - Metro - Sialkot,Marketplace 114,1401,Shopping (Clothes / Electronics)
Store Purchase - I-8 Rawalpindi - REF 69454435,Retail Store 9089,19318,Shopping & Retail
Foodpanda Order - Lahore,Cafe 4546,812,Food & Dining
Cheetay Order - Faisalabad,Restaurant 8679,3584,Food & Dining
Mobile Topup - Telenor - 03088198347,Generic Store 346,36096,Electricity / Water / Gas
Pharmacy Payment - D.Watson - Rawalpindi,Diagnostic Lab 8589,8448,Healthcare & Medical
Clinic Fee - Hassan Khan - Rawalpindi,Diagnostic Lab 5975,6181,Healthcare & Medical
Online Order - Daraz.pk - REF 60832505,Retail Store 8035,15028,Shopping & Retail
OGT/73f38425-a188-4fbf- a290-aa55e6d5 PK,External Transfer,200,Transfers
Salary Credit - Payroll - REF 19305033,Client Payment 2294,74253,Income
Online Entertainment - Google Play - REF 51366441,Streaming Service 2351,1383,Entertainment & Recreation
Careem Ride - Multan,Transit 8346,307,Transportation
Raast Payment - PK38NBPA2330004257425902,Pk38Nbpa2330004257425902,160,Transfers
ICT/4079c493-e9eb-41f1- 958f-1c28a79b PK,External Transfer,1500,Transfers
Metro Ticket - Lahore - REF 33030689,Generic Store 216,43570,Fuel / Gas
Fuel Purchase - PSO - Lahore,Ride-hailing 9353,4295,Transportation
Raast Payment - YAHYA KHAN - SBP Raast,Yahya Khan,3700,Transfers
Insurance Premium - Jubilee - REF 41159876,Local Shop 669,44916,Insurance
Gift Purchase - Quetta - REF 81461896,Local Shop 459,8497,Gifts & Celebrations
Gift Purchase - Quetta - REF 15756490,Local Shop 321,13198,Gifts & Celebrations
Bank Credit - UBL - REF 68222352,Merchant Refund 3753,14488,Income
Tuition Fee - NUST - REF 78220838,Local Shop 546,41681,Education / Tuition
POS Transaction - Peshawar - REF 21928915,Service Provider 706,42896,Car Maintenance
RAAST P2P SADIQ,Sadiq,70000,Transfers
Online Order - Daraz.pk - REF 53113014,Local Shop 733,30955,Home Supplies / Household Items
Passport Fee - REF 77419592,Government 5904,18506,Government & Legal
Challan Payment - REF 99600489,Government 8944,37181,Government & Legal
Careem Ride - Quetta,Service Provider 462,12232,Ride Sharing / Taxi
Pharmacy Payment - D.Watson - Lahore,Clinic 1171,6058,Healthcare & Medical
Donation - Saylani - REF 71676217,Fundraiser 1106,26315,Charity & Donations
Toll Payment - M-2 - REF 49078088,Transit 2381,470,Transportation
RAAST P2P Raast IBAN Payme,Raast Iban Payme,20000,Transfers
inDrive Ride - Lahore,Auto Service 6655,2005,Transportation
Gas Bill Payment - SSGC - REF 37483504,Electric Company 8185,14755,Utilities & Services
Bus Ticket - Quetta - REF 98807513,Ride-hailing 1644,2701,Transportation
Pharmacy Payment - D.Watson - Rawalpindi,Hospital 4600,44061,Healthcare & Medical
Charity Payment - Alkhidmat - REF 90265452,Fundraiser 2950,44065,Charity & Donations
POS Purchase - Daraz.pk - Hyderabad,Retail Store 8944,4024,Shopping & Retail
Fuel Purchase - PSO - Karachi,Auto Service 1519,1798,Transportation
RAAST P2P MUHAMMAD ZUBAIR,Muhammad Zubair,2000,Transfers
Passport Fee - REF 17891685,Government 8191,12344,Government & Legal
Travel Booking - SereneAir - REF 12382943,Online Merchant 418,29651,Travel (Flights / Hotels)
Insurance Premium - EFU - REF 89213678,Marketplace 976,25020,Insurance
Mobile Topup - Telenor - 03225060520,Marketplace 366,9271,Electricity / Water / Gas
Monthly Subscription - Careem Plus - REF 82455202,Local Shop 204,44739,Subscriptions (Streaming / Apps)
Online Entertainment - PSN - REF 71265800,Service Provider 214,44077,Entertainment (Movies / Games / Events)
POS Purchase - Imtiaz - Multan,Service Provider 880,42106,Shopping (Clothes / Electronics)
Insurance Premium - EFU - REF 63799703,Marketplace 774,32455,Insurance
Freelance Payment - Upwork - REF 34904178,Employer Payroll 9176,110578,Income
Google One London GBR,Google One,107.39,Subscriptions
Toll Payment - M-2 - REF 31817748,Transit 3630,413,Transportation
Lab Test Payment - Rawalpindi - REF 60647789,Diagnostic Lab 7600,22096,Healthcare & Medical
Chai Shai - Saddar Rawalpindi,Delivery Service 6058,1275,Food & Dining
Electronics Purchase - Samsung Store - Quetta,Electronics Store 4535,110228,Shopping & Retail
Foodpanda Order - Lahore,Restaurant 4349,5158,Food & Dining
POS Transaction - Multan - REF 36247974,Broker 8744,6917,Financial Services
POS Transaction - Multan - REF 39655515,Bank 2074,1315,Financial Services
Monthly Subscription - Careem Plus - REF 22497360,Local Shop 809,17501,Subscriptions (Streaming / Apps)
ICT/4862e6f3-0b0f-42b7- b612-21515f49 PK,External Transfer,1000,Transfers
Mobile Topup - Zong - 03042838892,Water Utility 9679,3619,Utilities & Services
Mobile Topup - Ufone - 03066214275,Telecom 1925,324,Utilities & Services
OGT/8abe44c0-cae9-42c4- a700-354243ab PK,External Transfer,2250,Transfers
Lab Test Payment - Rawalpindi - REF 41256761,Diagnostic Lab 8491,18003,Healthcare & Medical
Mobile Topup - Jazz - 03072212035,Generic Store 472,20801,Mobile & Internet
Hospital Charges - Aga Khan - REF 33165537,Pharmacy 7738,2034,Healthcare & Medical
Electronics Purchase - Samsung Store - Karachi,Service Provider 847,8972,Home Supplies / Household Items
Freelance Payment - Upwork - REF 44584194,Employer Payroll 4486,215173,Income
Clinic Fee - Hassan Khan - Lahore,Diagnostic Lab 4551,16016,Healthcare & Medical
RAAST P2P BABU AKHLAQ TUCK,Babu Akhlaq Tuck,290,Transfers
Insurance Premium - Adamjee - REF 85527790,Online Merchant 812,34618,Insurance
Challan Payment - REF 39391258,Government 5574,44483,Government & Legal
POS Transaction - Hyderabad - REF 13073547,Bank 5692,557,Financial Services
POS Transaction - Lahore - REF 72015868,Bank 8952,1867,Financial Services
POS Transaction - Faisalabad - REF 55752678,Bank 8223,1613,Financial Services
Donation - Shaukat Khanum - REF 50874661,Charity 9454,13756,Charity & Donations
Metro Ticket - Islamabad - REF 86437716,Generic Store 438,39546,Public Transport
OGT/ee262286-2a70-426c- bc05-898a590d PK,External Transfer,320,Transfers
Gift Purchase - Peshawar - REF 42772176,Service Provider 265,44189,Gifts & Celebrations
ICT/fa0773e7-a13c-491e- 9b0e-5ef2b32b PK,External Transfer,2600,Transfers
Travel Booking - PIA - REF 17499544,Online Merchant 527,39048,Travel (Flights / Hotels)
Online Entertainment - Google Play - REF 26745134,Ticketing 7790,9202,Entertainment & Recreation
Challan Payment - REF 65999615,Government 4511,15638,Government & Legal
Salary Credit - Company Payroll - REF 38375397,Merchant Refund 5415,13488,Income
Bykea Ride - Karachi,Petrol Pump 5358,14528,Transportation
Money Transfer - ABDUR RASHEED - 03345005977,Abdur Rasheed,300,Transfers
Freelance Payment - Upwork - REF 69919769,Employer Payroll 1847,74323,Income
Fuel Purchase - Shell - Faisalabad,Auto Service 4527,17330,Transportation
Zong Prepaid Load - 03244130553,Service Provider 124,12329,Electricity / Water / Gas
SSGC Bill Payment - REF 99724788,Service Provider 746,18885,Mobile & Internet
Metro Ticket - Lahore - REF 41089724,Marketplace 497,35529,Ride Sharing / Taxi
Freelance Payment - Fiverr - REF 77444474,Employer Payroll 6086,218118,Income
Charity Payment - Akhuwat - REF 20009219,Charity 4411,96700,Charity & Donations
Grocery Purchase - Al-Fatah - Rawalpindi,Cafe 3288,543,Food & Dining
Bus Ticket - Peshawar - REF 40075725,Generic Store 637,5319,Public Transport
Tea & Snacks - Defence Faisalabad,Grocery Store 1720,5063,Food & Dining
Fuel Purchase - Shell - Rawalpindi,Auto Service 5312,43161,Transportation
POS Transaction - Hyderabad - REF 93791627,Bank 4692,1018,Financial Services
Cinema Ticket - Nueplex - Sialkot,Service Provider 254,39805,Entertainment (Movies / Games / Events)
Toll Payment - M-2 - REF 65393408,Local Shop 459,22074,Fuel / Gas
Online Entertainment - PSN - REF 17402877,Generic Store 603,28420,Entertainment (Movies / Games / Events)
Al-Rehman Biryani - G-9 Karachi,Service Provider 127,38640,Coffee & Snacks
Water Bill - WASA - REF 34954176,Water Utility 6752,7930,Utilities & Services
POS Transaction - Quetta - REF 56210796,Generic Store 782,49235,Car Maintenance
Donation - Shaukat Khanum - REF 59146319,Charity 8462,124030,Charity & Donations
Bonus Credit - REF 78131142,Employer Bonus 5776,36753,Income
Mobile Topup - Ufone - 03486160263,Telecom 2589,507,Utilities & Services
OGT/459bc927-23f1-4fa2- a2dd-9945d8fb PK,External Transfer,150,Transfers
Cinema Ticket - Nueplex - Hyderabad,Streaming Service 2631,1548,Entertainment & Recreation
ICT/eeaa2ca9-5c89-43b3- 83b9-d8ee9872 PK,External Transfer,331000,Transfers
Online Entertainment - PSN - REF 57118905,Generic Store 552,4033,Entertainment (Movies / Games / Events)
POS Transaction - Sialkot - REF 75365636,Bank 9978,601,Financial Services
Online Order - Daraz.pk - REF 44030221,Clothing Store 5155,9900,Shopping & Retail
Insurance Premium - EFU - REF 45898500,Generic Store 269,44859,Insurance
Online Entertainment - Google Play - REF 37861836,Streaming Service 4526,1389,Entertainment & Recreation
Gas Bill Payment - SNGPL - REF 11785857,Electric Company 7173,23847,Utilities & Services
POS Transaction - Lahore - REF 44912589,Broker 3688,141805,Financial Services
Donation - Saylani - REF 47064347,Fundraiser 5061,432,Charity & Donations
OGT/0c4e2256-33db-469e- 8fe8-4c64e80e PK,External Transfer,1000,Transfers
POS Transaction - Peshawar - REF 67964516,Broker 6993,157533,Financial Services
Investment - Stocks - REF 19453523,Service Provider 872,33144,Savings / Investments
POS Transaction - Quetta - REF 75773191,Bank 7166,1382,Financial Services
Bonus Credit - REF 49770564,Merchant Refund 4297,10200,Income
Bus Ticket - Lahore - REF 74294729,Marketplace 963,35274,Ride Sharing / Taxi
Salary Credit - Company Payroll - REF 93291804,Merchant Refund 8745,10165,Income
Raast Payment - YAHYA KHAN - SBP Raast,Yahya Khan,300,Transfers
POS Transaction - Quetta - REF 19251677,Service Provider 655,33770,Car Maintenance
Pharmacy Payment - Servaid - Rawalpindi,Pharmacy 9789,1122,Healthcare & Medical
Hospital Charges - Shaukat Khanum - REF 48687629,Clinic 4411,9866,Healthcare & Medical
OGT/e1342a1c-e78d-4ae9- ae12-691f5ac7 PK,External Transfer,280,Transfers
Insurance Premium - Adamjee - REF 99883091,Generic Store 498,28144,Insurance
Toll Payment - M-2 - REF 55833269,Auto Service 9119,10346,Transportation
APPLE.COM/BILL ITUNES.COM IRL,Apple,118.13,Bills
Online Order - PriceOye - REF 80940571,Electronics Store 5834,32037,Shopping & Retail
Hardee's - DHA Lahore,Cafe 5146,818,Food & Dining
Investment - Stocks - REF 38906786,Generic Store 386,35592,Savings / Investments
Online Order - Telemart - REF 35490984,Electronics Store 4860,43818,Shopping & Retail
Charity Payment - Akhuwat - REF 82138906,Fundraiser 9601,43951,Charity & Donations
Gift Purchase - Multan - REF 92252189,Marketplace 486,20057,Gifts & Celebrations
POS Transaction - Multan - REF 32664671,Bank 8826,1364,Financial Services
POS Transaction - Hyderabad - REF 70478082,Service Provider 498,19194,Car Maintenance
Store Purchase - Gulshan Sialkot - REF 23515605,Marketplace 125,44385,Home Supplies / Household Items
Cinema Ticket - Nueplex - Faisalabad,Cinema 4168,3883,Entertainment & Recreation
Fuel Purchase - PSO - Faisalabad,Auto Service 6329,35766,Transportation
Toll Payment - M-2 - REF 72126981,Local Shop 736,19921,Public Transport
Passport Fee - REF 70082696,Government 2660,27626,Government & Legal
Restaurant Payment - G-9 Quetta - REF 95641545,Grocery Store 3110,13636,Food & Dining
Water Bill - WASA - REF 43429139,Water Utility 8012,4272,Utilities & Services
POS Purchase - Carrefour - Rawalpindi,E-commerce 1497,9998,Shopping & Retail
Tax Payment - FBR - REF 83868836,Government 6994,22756,Government & Legal
ICT/dfbbbc24-555a-49ca- b3ed-285387df PK,External Transfer,4000,Transfers
Passport Fee - REF 82479194,Legal Service 1795,40687,Government & Legal
POS Transaction - Faisalabad - REF 65760341,Bank 1458,329,Financial Services
Electronics Purchase - Haier - Hyderabad,Local Shop 987,4413,Home Supplies / Household Items
Ufone Prepaid Load - 03465363389,ISP 3346,11831,Utilities & Services
Bonus Credit - REF 96648220,Merchant Refund 2382,11633,Income
Grocery Purchase - Imtiaz - Lahore,Delivery Service 8976,3482,Food & Dining
POS Purchase - Khaadi - Faisalabad,Local Shop 349,46899,Home Supplies / Household Items
Toll Payment - M-2 - REF 65979656,Transit 1912,89,Transportation
Salary Credit - Payroll - REF 60306164,Client Payment 7542,59772,Income
Grocery Purchase - Imtiaz - Hyderabad,Local Shop 505,26534,Coffee & Snacks
POS Transaction - Hyderabad - REF 89426151,Bank 4490,85,Financial Services
OGT/9c095add-547f-4fde- bedf-ea2c1809 PK,External Transfer,780,Transfers
Cheetay Order - Multan,Grocery Store 8037,9426,Food & Dining
Bus Ticket - Hyderabad - REF 76649446,Transit 9860,302,Transportation
Gift Purchase - Rawalpindi - REF 62146366,Local Shop 923,6288,Gifts & Celebrations
ICT/263540bb-599f-456d- 90b9-918f36a6 PK,External Transfer,5000,Transfers
Bonus Credit - REF 34674891,Client Payment 8717,77524,Income
Charity Payment - Akhuwat - REF 48656466,Fundraiser 6787,17789,Charity & Donations
OGT/1c9e5981-e495-409c- 8808-d327ece5 PK,External Transfer,550,Transfers
Online Entertainment - PSN - REF 75342331,Ticketing 7333,14239,Entertainment & Recreation
POS Purchase - Carrefour - Islamabad,Electronics Store 1807,14575,Shopping & Retail
Online Entertainment - Google Play - REF 92105609,Gym 3914,8174,Entertainment & Recreation
Foodpanda Order - Karachi,Grocery Store 3054,5133,Food & Dining
Bill Payment - REF 14363487,Service Provider 541,22114,Housing / Rent
Grocery Purchase - Imtiaz - Lahore,Delivery Service 8217,3380,Food & Dining
Gift Purchase - Karachi - REF 54423084,Online Merchant 332,6781,Gifts & Celebrations
Clinic Fee - Aslam - Hyderabad,Diagnostic Lab 5149,18214,Healthcare & Medical
PTCL Bill Payment - REF 64931394,Telecom 9350,3635,Utilities & Services
Traffic Fine - REF 40410163,Government 1554,11232,Government & Legal
Tax Payment - FBR - REF 78693937,Government 7169,35681,Government & Legal
Traffic Fine - REF 83195270,Government 1763,42924,Government & Legal
Online Order - Daraz.pk - REF 90969119,E-commerce 3574,20687,Shopping & Retail
Tax Payment - FBR - REF 75993537,Government 8903,39252,Government & Legal
Pharmacy Payment - D.Watson - Karachi,Service Provider 509,15792,Medical / Pharmacy
POS Transaction - Karachi - REF 21286174,Generic Store 268,6093,Car Maintenance
Gas Bill Payment - SNGPL - REF 30357669,ISP 9036,9588,Utilities & Services
Travel Booking - Airblue - REF 89941760,Online Merchant 597,9062,Travel (Flights / Hotels)
NETFLIX.COM Singapore SGP,Netflix,360.33,Subscriptions
Ufone Prepaid Load - 03039188723,Water Utility 8506,876,Utilities & Services
Online Entertainment - Google Play - REF 26598885,Streaming Service 5798,2529,Entertainment & Recreation
POS Transaction - Faisalabad - REF 19791832,Bank 5545,794,Financial Services
Online Entertainment - PSN - REF 57133796,Ticketing 1465,4546,Entertainment & Recreation
OGT/c16d44ed-b684-4e9a- bc66-e717858d PK,External Transfer,260,Transfers
POS Transaction - Lahore - REF 11269866,Loan Provider 7530,74371,Financial Services
Donation - Saylani - REF 12099731,Charity 1572,14563,Charity & Donations
ICT/bafd7bf5-9799-411e- 935e-e83b1831 PK,External Transfer,1150,Transfers
Investment - Mutual Fund - REF 44502033,Local Shop 736,26013,Savings / Investments
ICT/f66c7567-06c1-47b0- b274-4845cfaf PK,External Transfer,200,Transfers
Cinema Ticket - Nueplex - Islamabad,Marketplace 273,20864,Entertainment (Movies / Games / Events)
POS Transaction - Rawalpindi - REF 52801274,Bank 3225,447,Financial Services
OGT/de602bc9-ae39-4027- aa33-d10298c4 PK,External Transfer,600,Transfers
OGT/72f3e297-3597-4077- b7ab-04eb96f5 PK,External Transfer,450,Transfers
Bus Ticket - Quetta - REF 90504029,Ride-hailing 7368,6420,Transportation
ICT/fabacbec-8e34-41c2- ba12-2acccdd6 PK,External Transfer,700,Transfers
Cheetay Order - Faisalabad,Marketplace 526,6553,Groceries
POS Transaction - Quetta - REF 47410920,Broker 6287,12781,Financial Services
Gift Purchase - Multan - REF 92722992,Local Shop 821,22666,Gifts & Celebrations
Zakat Payment - REF 53148453,Fundraiser 1751,13398,Charity & Donations
ICT/642df38a-36de-4437- a070-a39e5bf9 PK,External Transfer,90,Transfers
OGT/ad8d5d52-927d-475d- bb7e-295570b0 PK,External Transfer,540,Transfers
Cinema Ticket - Nueplex - Faisalabad,Streaming Service 2626,308,Entertainment & Recreation
POS Transaction - Quetta - REF 75904533,Broker 1142,76067,Financial Services
Zong Prepaid Load - 03081631314,Online Merchant 744,16171,Electricity / Water / Gas
App Store Subscription - REF 81769116,Local Shop 592,35029,Subscriptions (Streaming / Apps)
Cinema Ticket - Cinepax - Hyderabad,Streaming Service 2355,1764,Entertainment & Recreation
Insurance Premium - EFU - REF 35035289,Generic Store 736,29378,Insurance
Metro Ticket - Islamabad - REF 91636184,Service Provider 281,25258,Fuel / Gas
TELENOR PAKISTAN (PV ISLAMABAD PAK,Telenor,250,Bills
Money Transfer - EMAN FATIMA - 03332968914,Eman Fatima,300,Transfers
Metro Ticket - Islamabad - REF 34570231,Online Merchant 329,1852,Ride Sharing / Taxi
Gift Purchase - Karachi - REF 21699083,Service Provider 981,12338,Gifts & Celebrations
Gift Purchase - Karachi - REF 56114232,Local Shop 498,29169,Gifts & Celebrations
Money Transfer - ANEESUR REHMAN - 03109448156,Aneesur Rehman,130,Transfers
Money Transfer - SHAHID AYYUB - 03115222090,Shahid Ayyub,60,Transfers
Metro Ticket - Islamabad - REF 53462479,Marketplace 553,39593,Ride Sharing / Taxi
Pharmacy Payment - Servaid - Hyderabad,Clinic 2321,882,Healthcare & Medical
Clinic Fee - Ali Raza - Lahore,Clinic 5459,10266,Healthcare & Medical
Toll Payment - M-2 - REF 19720039,Local Shop 763,29418,Fuel / Gas
Investment - Mutual Fund - REF 58750471,Marketplace 662,11466,Savings / Investments
Bonus Credit - REF 10293429,Employer Payroll 9040,79152,Income
Hardee's - I-8 Islamabad,Generic Store 492,41375,Restaurants / Eating Out
Lab Test Payment - Islamabad - REF 91955886,Hospital 7049,30761,Healthcare & Medical
Bykea Ride - Sialkot,Ride-hailing 7838,462,Transportation
Mobile Topup - Jazz - 03166973600,Marketplace 398,40143,Electricity / Water / Gas
RAAST P2P MUHAMMAD ASLAM,Muhammad Aslam,1920,Transfers
Store Purchase - Defence Lahore - REF 23916554,Retail Store 4610,4436,Shopping & Retail
Gift Purchase - Hyderabad - REF 66914516,Service Provider 828,46930,Gifts & Celebrations
ICT/8018a774-f267-44cb- a4db-3ae0716d PK,External Transfer,500,Transfers
Clinic Fee - Ali Raza - Quetta,Pharmacy 2511,2869,Healthcare & Medical
Online Entertainment - Steam - REF 64970138,Service Provider 787,28782,Entertainment (Movies / Games / Events)
Zakat Payment - REF 63126640,Fundraiser 6421,427,Charity & Donations
Zakat Payment - REF 38796654,Charity 3200,7022,Charity & Donations
Water Bill - WASA - REF 73104021,Telecom 9134,3011,Utilities & Services
Water Bill - WASA - REF 15501702,Local Shop 957,12159,Electricity / Water / Gas
Money Transfer - EMAN FATIMA - 03332968914,Eman Fatima,100,Transfers
Bundu Khan - Gulshan Sialkot,Local Shop 209,49589,Coffee & Snacks
Freelance Payment - Fiverr - REF 99698864,Client Payment 1498,58178,Income
Challan Payment - REF 17385832,Legal Service 9630,4693,Government & Legal
Challan Payment - REF 66835947,Legal Service 5011,88959,Government & Legal
POS Transaction - Faisalabad - REF 31480655,Loan Provider 8856,78139,Financial Services
Traffic Fine - REF 86534228,Legal Service 2833,84369,Government & Legal
Online Order - Telemart - REF 22542976,Electronics Store 1730,91466,Shopping & Retail
Insurance Premium - Jubilee - REF 89230833,Service Provider 775,1587,Insurance
Water Bill - WASA - REF 10472072,ISP 6719,2065,Utilities & Services
Cheetay Order - Multan,Generic Store 701,40068,Groceries
Traffic Fine - REF 13499551,Legal Service 2416,5515,Government & Legal
Gas Bill Payment - SNGPL - REF 43465853,Water Utility 4629,6630,Utilities & Services
OGT/bf50ea9f-ba8a-4a95- 9312-30001409 PK,External Transfer,400,Transfers
Online Order - PriceOye - REF 95006597,E-commerce 8334,4627,Shopping & Retail
Online Entertainment - Google Play - REF 54119963,Streaming Service 3483,2331,Entertainment & Recreation
OGT/715bb242-e6f7-4936- b29e-cb28a8d4 PK,External Transfer,200,Transfers
ICT/50144eb9-989a-4a90- b168-139e599e PK,External Transfer,550,Transfers
Store Purchase - I-8 Lahore - REF 50235768,Electronics Store 1569,112018,Shopping & Retail
Lab Test Payment - Faisalabad - REF 90608306,Pharmacy 2875,5078,Healthcare & Medical
Bonus Credit - REF 10268954,Employer Payroll 8636,241309,Income
Mobile Topup - Telenor - 03330646813,ISP 2522,12505,Utilities & Services
App Store Subscription - REF 69245290,Local Shop 410,7794,Subscriptions (Streaming / Apps)
Donation - Shaukat Khanum - REF 79881230,Charity 3893,36916,Charity & Donations
Bus Ticket - Peshawar - REF 43879511,Transit 2753,260,Transportation
ICT/20fc7b65-b1fe-442d- 8e2b-00bfdb79 PK,External Transfer,3131,Transfers
POS Transaction - Hyderabad - REF 86500950,Bank 8324,506,Financial Services
Online Order - Daraz.pk - REF 79519114,Generic Store 494,2685,Shopping (Clothes / Electronics)
Mobile Topup - Ufone - 03461961439,ISP 4236,11689,Utilities & Services
Bus Ticket - Faisalabad - REF 46032673,Ride-hailing 8288,3549,Transportation
Passport Fee - REF 16694124,Government 9349,831,Government & Legal
Clinic Fee - Bilal Ahmed - Islamabad,Hospital 4179,61521,Healthcare & Medical
Clinic Fee - Shafqat Khan - Karachi,Diagnostic Lab 1163,5392,Healthcare & Medical
Tuition Fee - LUMS - REF 46906382,Marketplace 329,31601,Education / Tuition
OGT/9084efa6-5847-459a- a7c9-6f838b6a PK,External Transfer,550,Transfers
POS Transaction - Rawalpindi - REF 25949141,Broker 5746,169005,Financial Services
POS Purchase - Imtiaz - Faisalabad,Electronics Store 4357,118618,Shopping & Retail
Online Entertainment - PSN - REF 74430859,Ticketing 6288,2851,Entertainment & Recreation
Metro Ticket - Islamabad - REF 41474424,Transit 1112,197,Transportation
Investment - Mutual Fund - REF 63930597,Service Provider 804,45457,Savings / Investments
POS Purchase - Daraz.pk - Islamabad,Local Shop 412,18577,Shopping (Clothes / Electronics)
Fuel Purchase - Total Parco - Multan,Local Shop 215,6008,Public Transport
ICT/493e8476-fe67-40ab- 8f70-3acec95f PK,External Transfer,400,Transfers
Lab Test Payment - Islamabad - REF 17706063,Diagnostic Lab 4393,24711,Healthcare & Medical
Careem Ride - Sialkot,Generic Store 988,22536,Fuel / Gas
OGT/485a03e4-6b14-4fd8- 85b4-a37e6cd6 PK,External Transfer,5040,Transfers
Donation - Saylani - REF 95200853,Charity 9413,115888,Charity & Donations
ICT/728f4de2-535a-4b08- b84b-ea31ae38 PK,External Transfer,1500,Transfers
Grocery Purchase - Metro - Karachi,Local Shop 472,31821,Coffee & Snacks
POS Transaction - Quetta - REF 12742961,Bank 3037,1925,Financial Services
Electronics Purchase - Samsung Store - Sialkot,Electronics Store 1360,17228,Shopping & Retail
Lab Test Payment - Karachi - REF 97005890,Hospital 9192,73323,Healthcare & Medical
Careem Ride - Sialkot,Local Shop 521,24766,Ride Sharing / Taxi
Bonus Credit - REF 15134908,Employer Payroll 4336,140077,Income
Bank Credit - UBL - REF 49610157,Client Payment 5985,27663,Income
Chai Shai - Gulshan Karachi,Service Provider 757,26743,Coffee & Snacks
App Store Subscription - REF 67065385,Marketplace 102,47848,Subscriptions (Streaming / Apps)
Clinic Fee - Aslam - Multan,Pharmacy 3219,6060,Healthcare & Medical
Electronics Purchase - Samsung Store - Islamabad,Electronics Store 9007,53486,Shopping & Retail
Recreation Expense - Defence Islamabad - REF 47696877,Ticketing 1977,15315,Entertainment & Recreation
Raast Payment - PK42SADA0000003169183946,Pk42Sada0000003169183946,300,Transfers
ICT/ec0bb5b7-fc0a-4179- 8094-30db9875 PK,External Transfer,160,Transfers
Salary Credit - Payroll - REF 82935240,Merchant Refund 5280,13792,Income
Online Entertainment - Google Play - REF 78009662,Streaming Service 1388,1965,Entertainment & Recreation
Zakat Payment - REF 59249257,Charity 5920,37305,Charity & Donations
Metro Ticket - Islamabad - REF 43006384,Local Shop 590,35099,Fuel / Gas
Recreation Expense - Defence Islamabad - REF 33896949,Gym 5609,8124,Entertainment & Recreation
APPLE.COM/BILL ITUNES.COM IRL,Apple,118.13,Bills
OGT/5f7ee07f-13d7-4ef1- a552-bdddcfbf PK,External Transfer,300,Transfers
Store Purchase - Bahria Town Peshawar - REF 20936853,Retail Store 7820,5394,Shopping & Retail
Grocery Purchase - Imtiaz - Multan,Marketplace 860,37173,Coffee & Snacks
RAAST P2P MUHAMMAD RAMZAN,Muhammad Ramzan,310,Transfers
Gas Bill Payment - SSGC - REF 34399284,Telecom 3604,1266,Utilities & Services
ICT/0e90d739-5ab7-4080- 9bbb-0802fab1 PK,External Transfer,2000,Transfers
ICT/bd559668-f3a2-4960- b2d1-9b9074c7 PK,External Transfer,16555,Transfers
Bonus Credit - REF 12399504,Employer Payroll 6982,201680,Income
Store Purchase - Johar Town Sialkot - REF 32756795,Generic Store 394,11571,Shopping (Clothes / Electronics)
OGT/797c95d9-bab5-417a- a3af-bbd155d7 PK,External Transfer,500,Transfers
Recreation Expense - Gulshan Hyderabad - REF 68482608,Local Shop 662,32799,Entertainment (Movies / Games / Events)
POS Transaction - Karachi - REF 66965001,Broker 6321,192200,Financial Services
Donation - Shaukat Khanum - REF 80449206,Charity 7821,26854,Charity & Donations
Zakat Payment - REF 30294886,Fundraiser 5660,39821,Charity & Donations
OGT/28c020ed-4f27-483b- b860-8af72653 PK,External Transfer,400,Transfers
POS Transaction - Sialkot - REF 36530746,Loan Provider 8848,64695,Financial Services
Grocery Purchase - Metro - Quetta,Grocery Store 2243,4921,Food & Dining
Electronics Purchase - Haier - Multan,Electronics Store 4883,53323,Shopping & Retail
Electronics Purchase - Samsung Store - Rawalpindi,Electronics Store 5014,87214,Shopping & Retail
Electronics Purchase - PriceOye - Sialkot,Service Provider 449,14700,Shopping (Clothes / Electronics)
Passport Fee - REF 58631372,Government 4958,4122,Government & Legal
Freelance Payment - Upwork - REF 66649460,Client Payment 1204,30072,Income
Charity Payment - Alkhidmat - REF 93261942,Fundraiser 2271,20862,Charity & Donations
Lab Test Payment - Faisalabad - REF 98678366,Online Merchant 401,22881,Medical / Pharmacy
ICT/265b76eb-a7ab-4b42- a799-463a3aae PK,External Transfer,500,Transfers
SNGPL Bill Payment - REF 23182989,ISP 7695,5888,Utilities & Services
Raast Payment - PK91NAYA1234503176001939,Pk91Naya1234503176001939,48,Transfers
RAAST P2P BABU AKHLAQ TUCK,Babu Akhlaq Tuck,140,Transfers
Electronics Purchase - Haier - Rawalpindi,Clothing Store 6078,6489,Shopping & Retail
ICT/1faf4110-40c0-4f78- 8bca-5952b22c PK,External Transfer,3000,Transfers
Bykea Ride - Lahore,Service Provider 451,38669,Public Transport
Online Entertainment - PSN - REF 94884107,Cinema 1597,307,Entertainment & Recreation
Recreation Expense - I-8 Peshawar - REF 76497863,Streaming Service 5785,2457,Entertainment & Recreation
Metro Ticket - Islamabad - REF 50549413,Transit 6832,183,Transportation
ICT/09198eca-2ea1-4d35- ae6d-6a42a007 PK,External Transfer,1000,Transfers
Metro Ticket - Islamabad - REF 14494136,Online Merchant 839,30354,Ride Sharing / Taxi
Hospital Charges - Aga Khan - REF 86481376,Generic Store 502,6532,Medical / Pharmacy
Freelance Payment - Upwork - REF 22356267,Employer Bonus 5043,79956,Income
POS Transaction - Hyderabad - REF 86962442,Loan Provider 4197,20885,Financial Services
ICT/b4662448-e41f-4160- a531-3ce4a680 PK,External Transfer,6000,Transfers
OGT/46d50c94-7006-4221- abe2-a5c737d1 PK,External Transfer,600,Transfers
Recreation Expense - Bahria Town Lahore - REF 91131584,Local Shop 829,6288,Entertainment (Movies / Games / Events)
Investment - Stocks - REF 58229753,Marketplace 925,29150,Savings / Investments
ICT/e3c41546-1958-42a4- 9a6e-64002ae7 PK,External Transfer,400,Transfers
SNGPL Bill Payment - REF 59882848,ISP 7522,2544,Utilities & Services
Lab Test Payment - Karachi - REF 56008074,Generic Store 130,33471,Medical / Pharmacy
Electronics Purchase - Haier - Rawalpindi,Electronics Store 5989,42700,Shopping & Retail
Store Purchase - Bahria Town Hyderabad - REF 47964206,Clothing Store 9346,24282,Shopping & Retail
Tea & Snacks - F-10 Sialkot,Generic Store 433,4676,Groceries
Electronics Purchase - Haier - Multan,E-commerce 8874,7590,Shopping & Retail
Clinic Fee - Fatima Noor - Multan,Hospital 2247,61740,Healthcare & Medical
Maintenance Charges - DHA Faisalabad - REF 23758739,Generic Store 352,12269,Housing / Rent
Cheetay Order - Karachi,Local Shop 104,47590,Restaurants / Eating Out
Grocery Purchase - Al-Fatah - Hyderabad,Cafe 4881,704,Food & Dining
Online Entertainment - PSN - REF 16211218,Cinema 7450,1726,Entertainment & Recreation
Zong Prepaid Load - 03138376363,Water Utility 1278,7579,Utilities & Services
Freelance Payment - Fiverr - REF 44223616,Client Payment 6293,40863,Income
Donation - Edhi Foundation - REF 50434015,Charity 8116,121097,Charity & Donations
Fuel Purchase - PSO - Faisalabad,Service Provider 272,37019,Ride Sharing / Taxi
Gas Bill Payment - SNGPL - REF 94306946,ISP 4887,9870,Utilities & Services
POS Transaction - Rawalpindi - REF 36656144,Broker 6773,38659,Financial Services
ICT/00448e25-8737-4372- 9e6d-a020465f PK,External Transfer,900,Transfers
Tea & Snacks - Johar Town Quetta,Delivery Service 3628,1397,Food & Dining
ICT/35178e27-7b69-4597- bfad-789eb3b5 PK,External Transfer,2000,Transfers
Cafe Aylanto - Johar Town Karachi,Local Shop 568,8349,Coffee & Snacks
Tea & Snacks - Defence Peshawar,Local Shop 585,40122,Restaurants / Eating Out
Grocery Purchase - Al-Fatah - Sialkot,Cafe 2694,1410,Food & Dining
Gift Purchase - Quetta - REF 43643976,Marketplace 490,10829,Gifts & Celebrations
Bank Transfer - YAHYA KHAN - 04450010146803660012,Yahya Khan,535.99,Transfers
Raast Payment - YAHYA KHAN - SBP Raast,Yahya Khan,10,Transfers
ICT/b587532c-1170-449d- b1d2-dfbf4f2c PK,External Transfer,500,Transfers
Recreation Expense - I-8 Multan - REF 65379183,Ticketing 6005,2431,Entertainment & Recreation
Internet Bill - Nayatel - REF 23178163,Marketplace 518,15673,Electricity / Water / Gas
ICT/2c857217-6e3c-46e9- bbf3-dc8e2db1 PK,External Transfer,1100,Transfers
Traffic Fine - REF 18682348,Government 4335,7173,Government & Legal
Pizza Hut - I-8 Islamabad,Service Provider 842,21621,Groceries
OGT/45953292-dfca-4e2b- aef4-1016614f PK,External Transfer,670,Transfers
Store Purchase - DHA Rawalpindi - REF 51514187,Service Provider 546,21524,Shopping (Clothes / Electronics)
Recreation Expense - Saddar Faisalabad - REF 91456088,Cinema 7735,4477,Entertainment & Recreation
Store Purchase - Johar Town Hyderabad - REF 80076042,Service Provider 970,35936,Shopping (Clothes / Electronics)
OGT/1ada814c-4fa2-4bc7- 9575-67ad6c10 PK,External Transfer,1320,Transfers
RAAST P2P SANA TARIQ,Sana Tariq,1000,Transfers
Investment - Stocks - REF 26180044,Service Provider 258,16677,Savings / Investments
Travel Booking - PIA - REF 79585334,Marketplace 864,10678,Travel (Flights / Hotels)
Salary Credit - Payroll - REF 23125269,Merchant Refund 3092,12163,Income
Water Bill - WASA - REF 52318179,Online Merchant 124,3715,Mobile & Internet
Grocery Purchase - Imtiaz - Hyderabad,Cafe 5681,1140,Food & Dining
Restaurant Payment - Gulshan Karachi - REF 23613380,Cafe 6886,1449,Food & Dining
OGT/95dffa36-5caa-4689- 889c-ddaec81e PK,External Transfer,150,Transfers
ICT/749c79a3-2bff-4377- 8852-0a7a3476 PK,External Transfer,435,Transfers
Bonus Credit - REF 92956572,Employer Payroll 3671,81798,Income
Grocery Purchase - Al-Fatah - Faisalabad,Cafe 1048,157,Food & Dining
CWD/GIK TOPI MARDAN GIK TOPI MARDAN MARDAN PK,Gik Topi Mardan Gik Topi Mardan Mardan Pk,3023.44,Cash Withdrawal
Monthly Subscription - Careem Plus - REF 68079197,Online Merchant 655,24968,Subscriptions (Streaming / Apps)
POS Transaction - Faisalabad - REF 89868769,Marketplace 587,7614,Car Maintenance
Foodpanda Order - Karachi,Online Merchant 281,27784,Restaurants / Eating Out
Raast Payment - YAHYA KHAN - SBP Raast,Yahya Khan,300,Transfers
Clinic Fee - Abdullah - Sialkot,Generic Store 956,11999,Medical / Pharmacy
Investment - Stocks - REF 54060019,Generic Store 467,36522,Savings / Investments
Tea & Snacks - Johar Town Islamabad,Delivery Service 7749,5831,Food & Dining
POS Transaction - Multan - REF 11754514,Loan Provider 4661,30248,Financial Services
Cheetay Order - Sialkot,Grocery Store 4045,13242,Food & Dining
Toll Payment - M-2 - REF 96179260,Petrol Pump 2823,8003,Transportation
Insurance Premium - EFU - REF 23715801,Local Shop 687,3550,Insurance
Store Purchase - G-9 Peshawar - REF 12106217,Clothing Store 9240,2196,Shopping & Retail
Cafe Aylanto - Clifton Karachi,Local Shop 634,6688,Coffee & Snacks
Gas Bill Payment - SSGC - REF 21416911,ISP 5669,13515,Utilities & Services
Recreation Expense - Saddar Multan - REF 93290896,Cinema 6528,3522,Entertainment & Recreation
POS Transaction - Rawalpindi - REF 14161849,Bank 6434,1370,Financial Services
Freelance Payment - Upwork - REF 51056042,Employer Bonus 9347,58892,Income
Challan Payment - REF 84874249,Government 1957,10299,Government & Legal
Electronics Purchase - Haier - Rawalpindi,E-commerce 4677,26769,Shopping & Retail
POS Transaction - Quetta - REF 21008101,Loan Provider 2119,69183,Financial Services
Investment - Stocks - REF 66984606,Generic Store 223,34259,Savings / Investments
POS Purchase - Khaadi - Peshawar,E-commerce 7507,20176,Shopping & Retail
Metro Ticket - Lahore - REF 42696363,Generic Store 856,19882,Ride Sharing / Taxi
Passport Fee - REF 78416403,Legal Service 5882,78889,Government & Legal
Donation - Shaukat Khanum - REF 70666624,Charity 2996,16615,Charity & Donations
Salary Credit - Company Payroll - REF 82868698,Employer Payroll 2053,202911,Income
Internet Bill - Nayatel - REF 64178433,ISP 6071,5143,Utilities & Services
Zakat Payment - REF 46827031,Charity 2459,130367,Charity & Donations
POS Transaction - Rawalpindi - REF 68012614,Local Shop 406,31987,Car Maintenance
Zakat Payment - REF 89681779,Charity 3245,86935,Charity & Donations
Salary Credit - Payroll - REF 55627853,Employer Bonus 7125,54020,Income
OGT/6cd5af2e-425a-4f0e- bbaf-c6236eb1 PK,External Transfer,4000,Transfers
PUR/APPLE.COM/BILL Hollyhill Estate CORK UNKNOWN IR IRL,Apple.Com/Bill Hollyhill Estate Cork Unknown Ir Irl,154.71,Bills
Online Entertainment - Steam - REF 65647279,Ticketing 8734,14658,Entertainment & Recreation
Pharmacy Payment - Servaid - Karachi,Diagnostic Lab 9295,4506,Healthcare & Medical
Recreation Expense - Defence Multan - REF 21410544,Cinema 4833,4609,Entertainment & Recreation
Tax Payment - FBR - REF 29951890,Government 2960,24565,Government & Legal
Telenor Prepaid Load - 03084846200,Marketplace 300,6629,Mobile & Internet
POS Transaction - Rawalpindi - REF 85125718,Online Merchant 630,30971,Car Maintenance
Electronics Purchase - PriceOye - Rawalpindi,Generic Store 319,21140,Shopping (Clothes / Electronics)
Tea & Snacks - Clifton Karachi,Service Provider 323,16721,Coffee & Snacks
Mobile Topup - Zong - 03371621373,ISP 7685,12572,Utilities & Services
Charity Payment - Akhuwat - REF 17839215,Fundraiser 3982,29067,Charity & Donations
POS Transaction - Lahore - REF 16790154,Loan Provider 8452,5671,Financial Services
Electronics Purchase - Samsung Store - Karachi,Clothing Store 5478,14927,Shopping & Retail
Salary Credit - Company Payroll - REF 37691889,Employer Payroll 3105,37632,Income
Gas Bill Payment - SSGC - REF 18211242,Service Provider 574,14002,Electricity / Water / Gas
Salary Credit - Company Payroll - REF 59942486,Employer Bonus 2613,75940,Income
Tea & Snacks - DHA Multan,Service Provider 165,14478,Groceries
Water Bill - WASA - REF 57096000,Local Shop 500,4524,Mobile & Internet
Toll Payment - M-2 - REF 36433279,Transit 6930,173,Transportation
Metro Ticket - Islamabad - REF 79168718,Transit 9562,205,Transportation
Clinic Fee - Sufyan Humam - Quetta,Clinic 2969,4653,Healthcare & Medical
Restaurant Payment - Johar Town Karachi - REF 41081849,Service Provider 878,43073,Coffee & Snacks
Bill Payment - REF 38409997,Generic Store 400,1233,Housing / Rent
Hospital Charges - Aga Khan - REF 10333926,Pharmacy 4926,877,Healthcare & Medical
Online Entertainment - Google Play - REF 86343357,Cinema 7512,337,Entertainment & Recreation
Bank Credit - UBL - REF 78888477,Client Payment 7500,62867,Income
Maintenance Charges - I-8 Hyderabad - REF 65141179,Generic Store 768,34184,Housing / Rent
Student Biryani - I-8 Hyderabad,Service Provider 220,41320,Groceries
RAAST P2P ABDUR RASHEED,Abdur Rasheed,70,Transfers
Toll Payment - M-2 - REF 19311340,Petrol Pump 5484,9453,Transportation
POS Purchase - Daraz.pk - Lahore,Generic Store 592,36174,Home Supplies / Household Items
Toll Payment - M-2 - REF 33711354,Online Merchant 402,11846,Ride Sharing / Taxi
OGT/64af0da1-03b3-4ac5- b51f-b6df8db0 PK,External Transfer,205,Transfers
Zakat Payment - REF 92797822,Charity 5013,3644,Charity & Donations
Insurance Premium - EFU - REF 31082812,Online Merchant 133,40804,Insurance
Recreation Expense - Bahria Town Karachi - REF 68426628,Streaming Service 2946,2214,Entertainment & Recreation
Restaurant Payment - DHA Karachi - REF 31555173,Cafe 8212,1474,Food & Dining
Monthly Subscription - Foodpanda Pro - REF 78141057,Online Merchant 571,28180,Subscriptions (Streaming / Apps)
Gift Purchase - Hyderabad - REF 21735745,Local Shop 472,47931,Gifts & Celebrations
Bonus Credit - REF 28442888,Client Payment 7964,11693,Income
Restaurant Payment - DHA Hyderabad - REF 35825286,Generic Store 745,42332,Groceries
Online Entertainment - PSN - REF 27960704,Cinema 5537,511,Entertainment & Recreation
OGT/d6456971-4b50-4edc- b164-139fb8fd PK,External Transfer,250,Transfers
OGT/d08edc37-c15e-4bda- a93f-e6568d65 PK,External Transfer,200,Transfers
Bonus Credit - REF 34689172,Employer Bonus 8493,20265,Income
Recreation Expense - Clifton Quetta - REF 70249299,Cinema 9365,1080,Entertainment & Recreation
Money Transfer - ALI JAN - 03334852549,Ali Jan,140,Transfers
Charity Payment - Alkhidmat - REF 23944779,Fundraiser 2413,34487,Charity & Donations
POS Purchase - Gul Ahmed - Hyderabad,Electronics Store 9768,50373,Shopping & Retail
ICT/a81687cb-20cc-48c5- 9a1c-87e2fa2c PK,External Transfer,3000,Transfers
Bus Ticket - Faisalabad - REF 31602806,Online Merchant 773,35751,Fuel / Gas
OGT/167069e4-0d07-4aae- 81d4-46e3a0f9 PK,External Transfer,210,Transfers
Insurance Premium - Adamjee - REF 23794523,Marketplace 450,40308,Insurance
Salary Credit - Company Payroll - REF 18048079,Employer Payroll 1930,179095,Income
Grocery Purchase - Al-Fatah - Lahore,Grocery Store 4705,14578,Food & Dining
Insurance Premium - EFU - REF 97011017,Service Provider 569,28053,Insurance
Mobile Topup - Ufone - 03341420656,Service Provider 169,30080,Electricity / Water / Gas
POS Transaction - Lahore - REF 80178862,Online Merchant 648,31616,Car Maintenance
Grocery Purchase - Metro - Faisalabad,Delivery Service 5318,5511,Food & Dining
Tea & Snacks - F-10 Quetta,Restaurant 5223,5913,Food & Dining
Bank Transfer - MUHAMMAD ZUBAIR - 03260112055649,Muhammad Zubair,500.99,Transfers
Metro Ticket - Islamabad - REF 14806933,Auto Service 8651,3704,Transportation
Investment - Mutual Fund - REF 22384428,Online Merchant 730,43006,Savings / Investments
inDrive Ride - Sialkot,Ride-hailing 8158,6664,Transportation
Maintenance Charges - DHA Islamabad - REF 76188032,Marketplace 398,27295,Housing / Rent
Clinic Fee - Hira - Quetta,Hospital 2556,6697,Healthcare & Medical
Tuition Fee - LUMS - REF 88161940,Online Merchant 442,3120,Education / Tuition
OGT/c5d35d3f-f786-4337- b284-43b8082d PK,External Transfer,450,Transfers
Internet Bill - PTCL - REF 76992451,Electric Company 5546,16973,Utilities & Services
Clinic Fee - Ahmed Ali - Quetta,Clinic 8870,8828,Healthcare & Medical
Freelance Payment - Fiverr - REF 49461906,Merchant Refund 7862,16379,Income
Lab Test Payment - Rawalpindi - REF 78722337,Pharmacy 3899,2759,Healthcare & Medical
RAAST P2P USMAN GHANI,Usman Ghani,12000,Transfers
Investment - Mutual Fund - REF 78624906,Generic Store 518,25690,Savings / Investments
Restaurant Payment - DHA Lahore - REF 43416409,Grocery Store 3865,2397,Food & Dining
Pharmacy Payment - Imtiaz Pharmacy - Hyderabad,Generic Store 592,21240,Medical / Pharmacy
Raast Payment - PK31ASCM0000070320209638,Pk31Ascm0000070320209638,550,Transfers
Charity Payment - Alkhidmat - REF 30901986,Charity 1823,12513,Charity & Donations
Zakat Payment - REF 35773842,Fundraiser 2758,11226,Charity & Donations
OGT/2a149949-bc37-4268- 936b-ee9b9caa PK,External Transfer,4500,Transfers
OGT/c567b064-78fa-4814- b999-b1bdcca9 PK,External Transfer,500,Transfers
Recreation Expense - Bahria Town Rawalpindi - REF 24680807,Gym 4314,14142,Entertainment & Recreation
Zakat Payment - REF 35331009,Charity 6027,95497,Charity & Donations
POS Transaction - Islamabad - REF 48530610,Broker 3439,18170,Financial Services
Foodpanda Order - Quetta,Cafe 7590,835,Food & Dining
Online Entertainment - PSN - REF 60518059,Streaming Service 6091,1943,Entertainment & Recreation
Pizza Hut - F-10 Peshawar,Marketplace 876,1547,Groceries
OGT/6e50a77f-e9aa-4ee4- 9445-c4f12833 PK,External Transfer,600,Transfers
Rent Payment - Ali Raza - Sialkot,Local Shop 807,2176,Housing / Rent
POS Transaction - Islamabad - REF 84672320,Loan Provider 3318,77721,Financial Services
ICT/413b7134-9d0d-4b1e- 94af-286d9702 PK,External Transfer,500,Transfers
Traffic Fine - REF 75280888,Legal Service 9305,27559,Government & Legal
App Store Subscription - REF 73967352,Generic Store 634,29852,Subscriptions (Streaming / Apps)
Toll Payment - M-2 - REF 52007793,Online Merchant 273,49095,Public Transport
Chai Shai - Gulshan Islamabad,Service Provider 552,27088,Restaurants / Eating Out
Mobile Topup - Telenor - 03471016481,Marketplace 708,23347,Electricity / Water / Gas
Metro Ticket - Lahore - REF 99593134,Generic Store 233,9836,Public Transport
ICT/3a28d812-e9b2-4b4b- 9d7e-2cb4673b PK,External Transfer,178,Transfers
Insurance Premium - EFU - REF 82793063,Marketplace 160,1425,Insurance
Store Purchase - Defence Peshawar - REF 62499264,Service Provider 967,25892,Shopping (Clothes / Electronics)
OGT/f6b7ef7c-388b-4f9f- bd71-a3749d75 PK,External Transfer,3000,Transfers
App Store Subscription - REF 58886791,Marketplace 176,35962,Subscriptions (Streaming / Apps)
POS Transaction - Multan - REF 35255963,Broker 5748,195367,Financial Services
Money Transfer - EMAN FATIMA - 03332968914,Eman Fatima,110,Transfers
Restaurant Payment - Gulshan Quetta - REF 84165375,Restaurant 7297,6589,Food & Dining
Chai Shai - Johar Town Sialkot,Local Shop 383,22171,Groceries
Recreation Expense - F-10 Lahore - REF 61024996,Gym 1842,10684,Entertainment & Recreation
Recreation Expense - I-8 Quetta - REF 37034798,Cinema 3562,4549,Entertainment & Recreation
Store Purchase - Johar Town Sialkot - REF 31062165,Retail Store 2470,11721,Shopping & Retail
Metro Ticket - Lahore - REF 51696378,Ride-hailing 5023,4126,Transportation
Restaurant Payment - Clifton Sialkot - REF 59353893,Cafe 6151,1329,Food & Dining
Traffic Fine - REF 97635249,Legal Service 6595,50917,Government & Legal
Online Order - Telemart - REF 28280839,Online Merchant 288,37201,Home Supplies / Household Items
Salary Credit - Company Payroll - REF 31766577,Employer Payroll 2077,215910,Income
Tea & Snacks - Clifton Faisalabad,Generic Store 114,13610,Groceries
Hospital Charges - Liaquat National - REF 65749775,Clinic 9849,10906,Healthcare & Medical
Grocery Purchase - Al-Fatah - Quetta,Restaurant 1756,462,Food & Dining
Zakat Payment - REF 22910989,Fundraiser 2517,49511,Charity & Donations
ICT/4ca0a8d1-348b-46ea- 961c-24c5fc60 PK,External Transfer,2000,Transfers
Electronics Purchase - Samsung Store - Multan,Marketplace 923,30167,Shopping (Clothes / Electronics)
Zakat Payment - REF 18238272,Charity 3231,16322,Charity & Donations
Fuel Purchase - PSO - Karachi,Generic Store 869,38548,Public Transport
Maintenance Charges - Bahria Town Multan - REF 52990465,Marketplace 122,35798,Housing / Rent
Internet Bill - StormFiber - REF 41321959,Generic Store 349,35472,Mobile & Internet
ICT/6983fffd-6001-4880- bfb2-5b0a7dc8 PK,External Transfer,2000,Transfers
Bus Ticket - Islamabad - REF 93085579,Transit 5721,200,Transportation
OGT/258b6328-d9f0-4099- a99f-4c1f09d2 PK,External Transfer,230,Transfers
Clinic Fee - Muhammad Usman - Hyderabad,Hospital 9313,18430,Healthcare & Medical
Foodpanda Order - Rawalpindi,Cafe 8086,482,Food & Dining
ICT/98ef113c-9fec-4059- 99d8-8e4a3f82 PK,External Transfer,2500,Transfers
Traffic Fine - REF 87119903,Legal Service 3785,76424,Government & Legal
Clinic Fee - Hassan Khan - Rawalpindi,Pharmacy 8002,1466,Healthcare & Medical
Cinema Ticket - Cinepax - Quetta,Cinema 3386,2474,Entertainment & Recreation
POS Transaction - Peshawar - REF 70989685,Marketplace 341,1983,Car Maintenance
Lab Test Payment - Lahore - REF 33855776,Clinic 2295,4377,Healthcare & Medical
Gift Purchase - Islamabad - REF 32552099,Marketplace 792,25957,Gifts & Celebrations
Online Order - Telemart - REF 12182787,Retail Store 6928,6037,Shopping & Retail
Tea & Snacks - G-9 Faisalabad,Online Merchant 144,453,Groceries
Bus Ticket - Quetta - REF 24793803,Online Merchant 518,22663,Public Transport
Insurance Premium - EFU - REF 91728755,Marketplace 875,35406,Insurance
Clinic Fee - Ayesha Malik - Rawalpindi,Hospital 5407,56963,Healthcare & Medical
Mobile Topup - Jazz - 03470538950,Electric Company 9296,17112,Utilities & Services
Online Order - Telemart - REF 78108610,Clothing Store 3382,8885,Shopping & Retail
App Store Subscription - REF 10676714,Local Shop 347,34692,Subscriptions (Streaming / Apps)
POS Transaction - Peshawar - REF 46895012,Broker 4568,138241,Financial Services
Bus Ticket - Karachi - REF 14547837,Service Provider 316,45503,Ride Sharing / Taxi
Restaurant Payment - I-8 Karachi - REF 48057821,Delivery Service 1995,1175,Food & Dining
Restaurant Payment - I-8 Sialkot - REF 10639456,Service Provider 382,3420,Restaurants / Eating Out
Zakat Payment - REF 97523228,Charity 4780,28172,Charity & Donations
Bank Credit - UBL - REF 82232885,Merchant Refund 6544,10507,Income
POS Transaction - Faisalabad - REF 86197593,Loan Provider 1690,29044,Financial Services
Gift Purchase - Lahore - REF 57678973,Generic Store 260,13324,Gifts & Celebrations
Electronics Purchase - PriceOye - Quetta,Marketplace 647,42453,Shopping (Clothes / Electronics)
Internet Bill - StormFiber - REF 19041722,Electric Company 2398,3014,Utilities & Services
Online Order - Telemart - REF 98395846,E-commerce 1442,22651,Shopping & Retail
Electronics Purchase - Samsung Store - Rawalpindi,Clothing Store 5696,3740,Shopping & Retail
ICT/85b11f02-f50d-43e1- 8315-62032ce7 PK,External Transfer,1300,Transfers
inDrive Ride - Quetta,Ride-hailing 9699,6392,Transportation
Online Order - Daraz.pk - REF 41336501,Clothing Store 7014,15853,Shopping & Retail
Bank Credit - UBL - REF 89949944,Employer Bonus 3617,65309,Income
ICT/db5d8d84-6a53-4155- 801d-9da4de5e PK,External Transfer,5120,Transfers
Fuel Purchase - Total Parco - Multan,Generic Store 290,29947,Fuel / Gas
Store Purchase - G-9 Sialkot - REF 64963133,Generic Store 526,40694,Home Supplies / Household Items
ICT/83d17af9-1112-49e1- 9944-1c0da090 PK,External Transfer,19000,Transfers
SSGC Bill Payment - REF 41888744,Water Utility 6394,2205,Utilities & Services
Bus Ticket - Quetta - REF 30007197,Generic Store 709,49310,Fuel / Gas
Mobile Topup - Jazz - 03310028974,Electric Company 2154,15262,Utilities & Services
Online Order - PriceOye - REF 11757738,Generic Store 837,21169,Shopping (Clothes / Electronics)
Charity Payment - Alkhidmat - REF 52778056,Fundraiser 9219,23532,Charity & Donations
Bank Credit - JS Bank - REF 32765371,Merchant Refund 2096,19393,Income
Charity Payment - Akhuwat - REF 97065057,Charity 2114,41762,Charity & Donations
Tea & Snacks - Gulshan Islamabad,Delivery Service 8055,3395,Food & Dining
Zakat Payment - REF 98973933,Fundraiser 4976,40158,Charity & Donations
Recreation Expense - Bahria Town Sialkot - REF 57590754,Gym 2026,13576,Entertainment & Recreation
Bank Credit - Bank Alfalah - REF 67857678,Merchant Refund 4465,15726,Income
Challan Payment - REF 99722494,Government 9320,252022,Government & Legal
Bank Credit - Bank Alfalah - REF 27919272,Employer Bonus 4449,75062,Income
Metro Ticket - Lahore - REF 82395019,Local Shop 864,38753,Fuel / Gas
Donation - Saylani - REF 97453877,Charity 2052,23844,Charity & Donations
Money Transfer - EMAN FATIMA - 03332968914,Eman Fatima,1000,Transfers
Passport Fee - REF 81104832,Government 8518,7557,Government & Legal
APPLE.COM/BILL ITUNES.COM IRL,Apple,118.13,Bills
Careem Ride - Rawalpindi,Ride-hailing 7542,7527,Transportation
Pharmacy Payment - Imtiaz Pharmacy - Hyderabad,Hospital 2185,30187,Healthcare & Medical
Chai Shai - Defence Peshawar,Cafe 9059,1095,Food & Dining
Passport Fee - REF 66486381,Government 7125,120515,Government & Legal
OPTp - Saddar Hyderabad,Online Merchant 768,27022,Restaurants / Eating Out
RAAST P2P MALIK MUHAMMAD Y,Malik Muhammad Y,30,Transfers
POS Transaction - Quetta - REF 87557179,Bank 9920,335,Financial Services
OGT/2f5826de-75af-47d1- ac15-2f2e1414 PK,External Transfer,50,Transfers
ICT/f347a6a2-18b6-448c- aa46-574c2a6f PK,External Transfer,370,Transfers
Donation - Shaukat Khanum - REF 48000817,Charity 8044,1376,Charity & Donations
ICT/432770a6-11e0-4765- 9f72-bb59b19c PK,External Transfer,1500,Transfers
Tea & Snacks - I-8 Peshawar,Service Provider 859,35433,Coffee & Snacks
Freelance Payment - Fiverr - REF 20419152,Employer Bonus 8464,32353,Income
Travel Booking - Airblue - REF 96277644,Local Shop 463,46977,Travel (Flights / Hotels)
Mobile Topup - Ufone - 03373924470,Local Shop 154,48178,Mobile & Internet
POS Transaction - Faisalabad - REF 25929892,Broker 1371,95826,Financial Services
Grocery Purchase - Metro - Islamabad,Restaurant 1500,9916,Food & Dining
Travel Booking - Airblue - REF 33997713,Service Provider 771,25520,Travel (Flights / Hotels)
Bykea Ride - Karachi,Petrol Pump 8702,14375,Transportation
POS Purchase - Metro - Rawalpindi,Marketplace 329,39928,Home Supplies / Household Items
Travel Booking - Airblue - REF 88334334,Generic Store 733,41242,Travel (Flights / Hotels)
Careem Ride - Rawalpindi,Marketplace 883,48861,Public Transport
Fuel Purchase - Shell - Hyderabad,Ride-hailing 8537,3151,Transportation
Toll Payment - M-2 - REF 82500899,Ride-hailing 5564,3037,Transportation
Toll Payment - M-2 - REF 61493886,Ride-hailing 6843,5985,Transportation
Pharmacy Payment - Servaid - Hyderabad,Diagnostic Lab 9031,7810,Healthcare & Medical
ICT/d16025ff-6aaa-481c- bec7-5c8e02f0 PK,External Transfer,300,Transfers
Water Bill - WASA - REF 46380916,Online Merchant 587,12727,Electricity / Water / Gas
Salary Credit - Payroll - REF 49848458,Client Payment 4362,35766,Income
POS Transaction - Islamabad - REF 58278756,Bank 7605,79,Financial Services
Bykea Ride - Multan,Marketplace 268,26420,Ride Sharing / Taxi
Insurance Premium - EFU - REF 55192780,Generic Store 959,36501,Insurance
Bank Credit - Faysal Bank - REF 20259740,Merchant Refund 4367,2554,Income
Recreation Expense - Saddar Lahore - REF 63758177,Gym 4534,14597,Entertainment & Recreation
Internet Bill - Nayatel - REF 82633808,Marketplace 838,7096,Mobile & Internet
Hospital Charges - Aga Khan - REF 40169149,Clinic 6595,2898,Healthcare & Medical
Online Order - Daraz.pk - REF 62507324,Clothing Store 8907,22075,Shopping & Retail
Metro Ticket - Lahore - REF 58270335,Local Shop 286,5322,Fuel / Gas
Recreation Expense - Bahria Town Quetta - REF 69142454,Gym 3329,14636,Entertainment & Recreation
Investment - Mutual Fund - REF 17998905,Online Merchant 576,1567,Savings / Investments
Charity Payment - Akhuwat - REF 88831531,Fundraiser 2997,12088,Charity & Donations
POS Transaction - Islamabad - REF 92214072,Generic Store 416,24153,Car Maintenance
Lab Test Payment - Sialkot - REF 17756985,Service Provider 270,5883,Medical / Pharmacy
Pharmacy Payment - Servaid - Quetta,Hospital 1112,75525,Healthcare & Medical
Tax Payment - FBR - REF 95396376,Government 7348,191456,Government & Legal
OGT/f9a49e55-0cc3-4172- 94b3-2e22c7fc PK,External Transfer,240,Transfers
Zakat Payment - REF 17456954,Fundraiser 5060,43052,Charity & Donations
Grocery Purchase - Metro - Rawalpindi,Generic Store 860,30923,Coffee & Snacks
Store Purchase - G-9 Rawalpindi - REF 65968001,Local Shop 194,18780,Home Supplies / Household Items
Cafe Aylanto - Gulshan Karachi,Marketplace 433,41776,Coffee & Snacks
Lab Test Payment - Sialkot - REF 52074535,Service Provider 135,28271,Medical / Pharmacy
Travel Booking - SereneAir - REF 83161681,Online Merchant 741,9444,Travel (Flights / Hotels)
Recreation Expense - I-8 Quetta - REF 74225452,Streaming Service 2818,910,Entertainment & Recreation
Zakat Payment - REF 96861804,Charity 8936,143754,Charity & Donations
Careem Ride - Multan,Petrol Pump 3088,9452,Transportation
Online Order - PriceOye - REF 44265659,Clothing Store 2547,19565,Shopping & Retail
Online Entertainment - Google Play - REF 99507073,Generic Store 710,16967,Entertainment (Movies / Games / Events)
Foodpanda Order - Karachi,Cafe 4131,858,Food & Dining
Zong Prepaid Load - 03051189036,Online Merchant 598,28985,Electricity / Water / Gas
Fuel Purchase - PSO - Islamabad,Marketplace 787,11735,Fuel / Gas
Tax Payment - FBR - REF 73448748,Government 4131,178588,Government & Legal
POS Transaction - Peshawar - REF 14148708,Broker 4802,30698,Financial Services
Challan Payment - REF 70959935,Legal Service 2157,33747,Government & Legal
Metro Ticket - Islamabad - REF 42314556,Service Provider 360,33930,Ride Sharing / Taxi
POS Transaction - Multan - REF 74971052,Broker 2100,185888,Financial Services
Online Entertainment - Steam - REF 49149212,Streaming Service 9707,1641,Entertainment & Recreation
Hospital Charges - Shaukat Khanum - REF 51264156,Clinic 9924,2259,Healthcare & Medical
Charity Payment - Akhuwat - REF 99284265,Fundraiser 5035,3473,Charity & Donations
Bank Credit - UBL - REF 20741368,Employer Payroll 6317,164740,Income
Store Purchase - Saddar Faisalabad - REF 69569663,Electronics Store 6521,57110,Shopping & Retail
Zakat Payment - REF 51406412,Fundraiser 9972,21491,Charity & Donations
Toll Payment - M-2 - REF 91540261,Marketplace 442,40284,Public Transport
Clinic Fee - Bilal Ahmed - Sialkot,Diagnostic Lab 9652,9503,Healthcare & Medical
Donation - Shaukat Khanum - REF 27720742,Charity 4693,168618,Charity & Donations
Bus Ticket - Karachi - REF 61413308,Generic Store 928,32418,Fuel / Gas
Hospital Charges - Aga Khan - REF 42691765,Diagnostic Lab 9313,23898,Healthcare & Medical
Bonus Credit - REF 60834032,Employer Bonus 8062,65259,Income
Money Transfer - EMAN FATIMA - 03332968914,Eman Fatima,490,Transfers
POS Transaction - Faisalabad - REF 31992223,Bank 4932,50,Financial Services
Careem Ride - Lahore,Marketplace 214,17460,Public Transport
Donation - Saylani - REF 50731034,Charity 1906,182347,Charity & Donations
Cinema Ticket - Cinepax - Multan,Local Shop 405,38416,Entertainment (Movies / Games / Events)
Careem Ride - Sialkot,Auto Service 7001,9124,Transportation
ICT/dc47db8e-1cb2-4ac3- aeac-a0e6046e PK,External Transfer,39000,Transfers
Store Purchase - I-8 Islamabad - REF 73787233,Clothing Store 8440,13392,Shopping & Retail
Zakat Payment - REF 22821057,Charity 7199,125048,Charity & Donations
Tuition Fee - FAST - REF 82525571,Marketplace 122,11991,Education / Tuition
ICT/2a32c0fd-bf5a-4351- 863a-1d9c8240 PK,External Transfer,4000,Transfers
Tea & Snacks - F-10 Karachi,Delivery Service 8317,4485,Food & Dining
Toll Payment - M-2 - REF 98261901,Transit 1515,372,Transportation
OGT/e636cfd7-d880-424a- a614-8b18931e PK,External Transfer,1700,Transfers
Careem Ride - Lahore,Marketplace 482,46753,Public Transport
Donation - Saylani - REF 70217397,Charity 9225,136377,Charity & Donations
POS Transaction - Lahore - REF 89512294,Loan Provider 2737,30688,Financial Services
OGT/4b598599-8f20-48c5- 926c-69afe8f6 PK,External Transfer,600,Transfers
Hospital Charges - Shaukat Khanum - REF 41585914,Pharmacy 5046,7907,Healthcare & Medical
Tax Payment - FBR - REF 37044347,Government 4150,83880,Government & Legal
Recreation Expense - G-9 Lahore - REF 22673803,Local Shop 169,20842,Entertainment (Movies / Games / Events)
Salary Credit - Payroll - REF 49319573,Merchant Refund 3829,10738,Income
WASA Bill Payment - REF 86257827,Electric Company 5587,18207,Utilities & Services
POS Transaction - Islamabad - REF 85724909,Broker 1425,23590,Financial Services
Grocery Purchase - Carrefour - Rawalpindi,Restaurant 2114,355,Food & Dining
Grocery Purchase - Metro - Sialkot,Delivery Service 4896,5628,Food & Dining
RAAST P2P MUHAMMAD ASLAM,Muhammad Aslam,200,Transfers
Tax Payment - FBR - REF 80628460,Government 9009,23953,Government & Legal
ICT/efbf92fa-794f-4cc7- a98e-20833a54 PK,External Transfer,1500,Transfers
Pharmacy Payment - D.Watson - Rawalpindi,Clinic 2822,11253,Healthcare & Medical
ICT/47f44330-9eba-4d20- 8e8b-7c1be7dd PK,External Transfer,600,Transfers
Online Entertainment - Steam - REF 18795252,Gym 1848,7899,Entertainment & Recreation
OGT/a50555ef-1ca1-408b- a4d5-e5454eb0 PK,External Transfer,1000,Transfers
OGT/b7d67080-da76-48eb- 9000-7592ff4e PK,External Transfer,60,Transfers
POS Transaction - Karachi - REF 52550769,Loan Provider 8524,23672,Financial Services
Investment - Mutual Fund - REF 68777107,Marketplace 666,33133,Savings / Investments
Online Order - PriceOye - REF 74059327,E-commerce 5147,14544,Shopping & Retail
Telenor Prepaid Load - 03392269151,Water Utility 4343,1815,Utilities & Services
Pharmacy Payment - D.Watson - Sialkot,Local Shop 184,46360,Medical / Pharmacy
Foodpanda Order - Faisalabad,Grocery Store 8531,11715,Food & Dining
Tax Payment - FBR - REF 52185984,Government 7051,10525,Government & Legal
Toll Payment - M-2 - REF 23453713,Generic Store 754,48764,Ride Sharing / Taxi
KFC - G-9 Rawalpindi,Delivery Service 3666,3938,Food & Dining
Bank Credit - JS Bank - REF 60439176,Employer Payroll 2590,150320,Income
Gift Purchase - Sialkot - REF 69566554,Marketplace 706,33633,Gifts & Celebrations
ICT/8c877ef9-39ee-4014- bef1-c9dca686 PK,External Transfer,600,Transfers
Restaurant Payment - DHA Peshawar - REF 92509128,Restaurant 1159,6791,Food & Dining
Bank Credit - Standard Chartered - REF 33135582,Client Payment 6733,70845,Income
POS Transaction - Peshawar - REF 29404384,Bank 6915,723,Financial Services
Freelance Payment - Upwork - REF 23502990,Employer Payroll 7720,192056,Income
OGT/beab911f-0bc2-4140- b999-3363f67c PK,External Transfer,130,Transfers
Pharmacy Payment - Imtiaz Pharmacy - Islamabad,Clinic 8789,10643,Healthcare & Medical
Lab Test Payment - Sialkot - REF 33100859,Clinic 2164,2996,Healthcare & Medical
Grocery Purchase - Imtiaz - Faisalabad,Generic Store 376,34259,Coffee & Snacks
Passport Fee - REF 16776053,Government 4881,7604,Government & Legal
OGT/d5c891fe-6374-4602- ad80-a383ed06 PK,External Transfer,150,Transfers
Store Purchase - I-8 Quetta - REF 15318583,Retail Store 3051,5038,Shopping & Retail
Freelance Payment - Upwork - REF 78454541,Employer Bonus 2751,77191,Income
OGT/d6d676c3-80bb-4f4f- 80ac-821ebbbc PK,External Transfer,80,Transfers
Careem Ride - Peshawar,Transit 6044,304,Transportation
ICT/2b001e27-f1b3-4e1a- b0e4-db839c42 PK,External Transfer,200,Transfers
Store Purchase - DHA Peshawar - REF 92651592,Electronics Store 7844,87591,Shopping & Retail
ICT/2c06e179-941e-441f- a251-22147ca8 PK,External Transfer,1790,Transfers
Fuel Purchase - Total Parco - Multan,Auto Service 9890,6644,Transportation
Bykea Ride - Islamabad,Transit 6395,262,Transportation
POS Purchase - Metro - Hyderabad,Retail Store 9780,5868,Shopping & Retail
POS Transaction - Karachi - REF 85211185,Broker 9881,47793,Financial Services
Salary Credit - Payroll - REF 66997187,Client Payment 8870,58995,Income
Toll Payment - M-2 - REF 67727501,Ride-hailing 5757,2952,Transportation
App Store Subscription - REF 14529494,Generic Store 427,25411,Subscriptions (Streaming / Apps)
Mobile Topup - Telenor - 03038610582,Water Utility 2528,2389,Utilities & Services
Charity Payment - Akhuwat - REF 24463480,Fundraiser 1008,26946,Charity & Donations
Zakat Payment - REF 92130618,Charity 8736,42504,Charity & Donations
Online Entertainment - Google Play - REF 60612500,Online Merchant 381,45380,Entertainment (Movies / Games / Events)
Zakat Payment - REF 36596429,Charity 6348,103120,Charity & Donations
Store Purchase - Defence Rawalpindi - REF 30670020,Clothing Store 5033,5549,Shopping & Retail
POS Transaction - Islamabad - REF 43563615,Generic Store 796,1958,Car Maintenance
OGT/25333e58-83ee-4a7e- 96ee-d787f059 PK,External Transfer,150,Transfers
Grocery Purchase - Metro - Rawalpindi,Online Merchant 927,1899,Groceries
Bus Ticket - Lahore - REF 95448071,Local Shop 648,37301,Fuel / Gas
Passport Fee - REF 19224582,Government 3294,11162,Government & Legal
Clinic Fee - Ahmed Ali - Karachi,Diagnostic Lab 8141,16223,Healthcare & Medical
Metro Ticket - Islamabad - REF 81636174,Online Merchant 256,9350,Ride Sharing / Taxi
Electronics Purchase - Samsung Store - Islamabad,Clothing Store 4804,3064,Shopping & Retail
Recreation Expense - Clifton Rawalpindi - REF 86908622,Streaming Service 8363,912,Entertainment & Recreation
RAAST P2P MUHAMMAD ZUBAIR,Muhammad Zubair,700,Transfers
Tuition Fee - LUMS - REF 22432241,Local Shop 990,1743,Education / Tuition
Charity Payment - Akhuwat - REF 10119445,Fundraiser 8374,20143,Charity & Donations
POS Transaction - Multan - REF 67327555,Broker 1234,76785,Financial Services
Lab Test Payment - Peshawar - REF 45744277,Pharmacy 9526,3017,Healthcare & Medical
Passport Fee - REF 23402568,Legal Service 9773,73123,Government & Legal
Lab Test Payment - Karachi - REF 43524859,Diagnostic Lab 6550,18780,Healthcare & Medical
Tax Payment - FBR - REF 42036537,Government 6039,15882,Government & Legal
Telenor Prepaid Load - 03489538997,Service Provider 273,3411,Mobile & Internet
POS Purchase - Carrefour - Rawalpindi,Retail Store 5910,6214,Shopping & Retail
Online Order - Daraz.pk - REF 69223258,Clothing Store 3883,4917,Shopping & Retail
Online Entertainment - Google Play - REF 42064757,Gym 4319,7564,Entertainment & Recreation
Grocery Purchase - Carrefour - Peshawar,Delivery Service 2124,948,Food & Dining
Bykea Ride - Hyderabad,Service Provider 852,45589,Public Transport
OGT/c04e60d3-b455-4e72- 90aa-9887b2b2 PK,External Transfer,1190,Transfers
Tea & Snacks - G-9 Lahore,Cafe 7403,1317,Food & Dining
RAAST P2P MUSA MART,Musa Mart,330,Transfers
Donation - Edhi Foundation - REF 33372584,Charity 2491,45187,Charity & Donations
Freelance Payment - Fiverr - REF 76951064,Merchant Refund 5981,11394,Income
Bus Ticket - Rawalpindi - REF 83766707,Online Merchant 278,18759,Ride Sharing / Taxi
NETFLIX.COM Singapore SGP,Netflix,307.08,Subscriptions
Challan Payment - REF 81440694,Government 3900,14240,Government & Legal
ICT/d232e88a-19b5-4565- 8fdf-2865b9df PK,External Transfer,50,Transfers
inDrive Ride - Rawalpindi,Transit 1931,136,Transportation
Online Entertainment - PSN - REF 48120272,Marketplace 539,25977,Entertainment (Movies / Games / Events)
RAAST P2P SUFYAN HUMAM MUS,Sufyan Humam Mus,100000,Transfers
Charity Payment - Akhuwat - REF 36512465,Fundraiser 7274,17252,Charity & Donations
Cinema Ticket - Cinepax - Rawalpindi,Gym 5521,11225,Entertainment & Recreation
Donation - Saylani - REF 40407914,Charity 6346,128219,Charity & Donations
Cinema Ticket - Cinepax - Multan,Gym 6162,2864,Entertainment & Recreation
Foodpanda Order - Sialkot,Marketplace 651,49120,Coffee & Snacks
Tea & Snacks - Clifton Rawalpindi,Grocery Store 6711,6132,Food & Dining
Zakat Payment - REF 22674363,Fundraiser 1386,34669,Charity & Donations
GOOGLE *Google One g.co/helppay# GBR,Google One,491.01,Subscriptions
Recreation Expense - F-10 Multan - REF 30930142,Cinema 5174,3723,Entertainment & Recreation
Money Transfer - IBRAR AHMAD - 03440026850,Ibrar Ahmad,30,Transfers
Water Bill - WASA - REF 76752610,Marketplace 505,27376,Mobile & Internet
Travel Booking - SereneAir - REF 69295405,Local Shop 940,40698,Travel (Flights / Hotels)
Grocery Purchase - Metro - Karachi,Marketplace 269,40846,Coffee & Snacks
Metro Ticket - Lahore - REF 92024962,Auto Service 9385,28657,Transportation
Maintenance Charges - Defence Faisalabad - REF 36334056,Generic Store 539,25467,Housing / Rent
Gift Purchase - Hyderabad - REF 68565187,Online Merchant 838,45857,Gifts & Celebrations
Donation - Saylani - REF 99337988,Fundraiser 5082,23333,Charity & Donations
Gas Bill Payment - SSGC - REF 97799358,Marketplace 815,25942,Mobile & Internet
Bank Credit - Allied Bank - REF 37202435,Merchant Refund 8726,8774,Income
Donation - Saylani - REF 20469690,Charity 9993,38929,Charity & Donations
Insurance Premium - Adamjee - REF 34517834,Local Shop 898,35595,Insurance
Recreation Expense - Clifton Lahore - REF 19976529,Gym 4139,6607,Entertainment & Recreation
Charity Payment - Akhuwat - REF 44309481,Charity 6719,115597,Charity & Donations
OGT/2455e2a3-4ed7-4a9e- bc18-b2789ab5 PK,External Transfer,60,Transfers
Toll Payment - M-2 - REF 36077659,Auto Service 2244,44016,Transportation
Pharmacy Payment - Servaid - Hyderabad,Diagnostic Lab 4596,13372,Healthcare & Medical
Restaurant Payment - G-9 Karachi - REF 44400968,Generic Store 475,41831,Restaurants / Eating Out
Traffic Fine - REF 39099973,Government 2949,3846,Government & Legal
Bus Ticket - Faisalabad - REF 16666949,Transit 8621,140,Transportation
POS Transaction - Rawalpindi - REF 43704864,Bank 7887,1515,Financial Services
Rent Payment - Ahmed Ali - Peshawar,Service Provider 425,47988,Housing / Rent
Challan Payment - REF 13212247,Government 2237,42060,Government & Legal
POS Transaction - Lahore - REF 28930743,Bank 4751,1024,Financial Services
POS Transaction - Rawalpindi - REF 36652972,Bank 5248,226,Financial Services
Store Purchase - Clifton Multan - REF 60516052,E-commerce 8536,30543,Shopping & Retail
ICT/fc5894c7-fce7-434b- 8dac-f8dad99a PK,External Transfer,5000,Transfers
Passport Fee - REF 24621133,Government 2700,139213,Government & Legal
Gas Bill Payment - SSGC - REF 94304059,ISP 5740,2085,Utilities & Services
Charity Payment - Alkhidmat - REF 92110303,Charity 7846,141377,Charity & Donations
Tea & Snacks - F-10 Lahore,Restaurant 3501,5162,Food & Dining
POS Transaction - Quetta - REF 78146349,Marketplace 926,45314,Car Maintenance
Raast Payment - YAHYA KHAN - SBP Raast,Yahya Khan,1500,Transfers
Mobile Topup - Zong - 03485430976,Telecom 2668,951,Utilities & Services
Jazz Prepaid Load - 03076838384,Service Provider 589,49336,Mobile & Internet
ICT/c16bcb2c-51ff-45e3- 8fb9-4aa2361c PK,External Transfer,1000,Transfers
Careem Ride - Sialkot,Petrol Pump 7663,4084,Transportation
Electronics Purchase - Haier - Karachi,E-commerce 3976,37471,Shopping & Retail
Hospital Charges - Shaukat Khanum - REF 39890549,Local Shop 969,28955,Medical / Pharmacy
Store Purchase - Clifton Islamabad - REF 53408319,Retail Store 5284,16652,Shopping & Retail
Pharmacy Payment - Imtiaz Pharmacy - Hyderabad,Clinic 3161,10648,Healthcare & Medical
Mobile Topup - Telenor - 03024970234,Water Utility 3381,5748,Utilities & Services
Traffic Fine - REF 45781150,Government 3633,19548,Government & Legal
POS Transaction - Quetta - REF 61099004,Marketplace 299,35614,Car Maintenance
Metro Ticket - Islamabad - REF 67022096,Marketplace 187,14274,Ride Sharing / Taxi
POS Transaction - Multan - REF 81731834,Loan Provider 9101,13104,Financial Services
Pharmacy Payment - D.Watson - Multan,Marketplace 140,25260,Medical / Pharmacy
Maintenance Charges - I-8 Peshawar - REF 13469863,Generic Store 396,33063,Housing / Rent
Gas Bill Payment - SNGPL - REF 45519006,Water Utility 4614,1543,Utilities & Services
Salary Credit - Company Payroll - REF 34065195,Employer Bonus 4337,56946,Income
Online Entertainment - PSN - REF 11826237,Gym 3513,5932,Entertainment & Recreation
Zakat Payment - REF 71108188,Fundraiser 7881,33715,Charity & Donations
Bus Ticket - Lahore - REF 15314574,Ride-hailing 9766,2077,Transportation
Hospital Charges - Shaukat Khanum - REF 77717082,Clinic 9212,14762,Healthcare & Medical
Metro Ticket - Lahore - REF 16745541,Online Merchant 575,9533,Ride Sharing / Taxi
POS Transaction - Karachi - REF 18998248,Bank 1910,1567,Financial Services
Electronics Purchase - PriceOye - Quetta,Electronics Store 4767,35319,Shopping & Retail
Bus Ticket - Multan - REF 83999677,Petrol Pump 1032,1742,Transportation
Insurance Premium - Jubilee - REF 91612377,Local Shop 338,18474,Insurance
OGT/7ec7da34-45bf-45f4- 9fbf-9f3b71e2 PK,External Transfer,130,Transfers
Donation - Edhi Foundation - REF 33719859,Charity 4364,16044,Charity & Donations
Tuition Fee - LUMS - REF 57746810,Marketplace 699,26166,Education / Tuition
Grocery Purchase - Imtiaz - Islamabad,Delivery Service 9255,5990,Food & Dining
Lab Test Payment - Lahore - REF 31843747,Clinic 1846,14123,Healthcare & Medical
Online Entertainment - PSN - REF 82697377,Service Provider 642,44413,Entertainment (Movies / Games / Events)
RAAST P2P MUHAMMAD ASLAM,Muhammad Aslam,320,Transfers
Bus Ticket - Quetta - REF 32460914,Online Merchant 811,9549,Public Transport
inDrive Ride - Hyderabad,Auto Service 6066,45241,Transportation
Store Purchase - DHA Lahore - REF 39904704,E-commerce 7799,30400,Shopping & Retail
ICT/2afa52d9-4198-4548- b149-38df80cd PK,External Transfer,2000,Transfers
Salary Credit - Payroll - REF 98421633,Employer Bonus 9439,46911,Income
Monthly Subscription - Foodpanda Pro - REF 96347653,Generic Store 601,45077,Subscriptions (Streaming / Apps)
Water Bill - WASA - REF 17222135,Marketplace 940,25335,Mobile & Internet
Insurance Premium - EFU - REF 12474594,Service Provider 336,41390,Insurance
Grocery Purchase - Imtiaz - Multan,Service Provider 978,41828,Coffee & Snacks
Tea & Snacks - Saddar Hyderabad,Generic Store 423,48081,Coffee & Snacks
Tea & Snacks - Johar Town Multan,Delivery Service 8674,2665,Food & Dining
Bykea Ride - Multan,Petrol Pump 7131,9365,Transportation
Online Entertainment - PSN - REF 63674226,Cinema 1348,3078,Entertainment & Recreation
Google One London GBR,Google One,449.95,Subscriptions
OGT/954258ec-4f00-40a9- 95d3-722a25ab PK,External Transfer,7000,Transfers
Fuel Purchase - Shell - Lahore,Auto Service 3862,43165,Transportation
POS Purchase - Imtiaz - Quetta,E-commerce 5641,15527,Shopping & Retail
Recreation Expense - Saddar Multan - REF 86545848,Ticketing 2673,5545,Entertainment & Recreation
POS Transaction - Karachi - REF 11904226,Bank 9936,147,Financial Services
Recreation Expense - Johar Town Karachi - REF 16491561,Cinema 1355,3563,Entertainment & Recreation
Lab Test Payment - Quetta - REF 86965082,Clinic 6970,3742,Healthcare & Medical
Pharmacy Payment - Servaid - Quetta,Pharmacy 9575,6199,Healthcare & Medical
Chai Shai - F-10 Karachi,Local Shop 563,34067,Groceries
Investment - Mutual Fund - REF 59008549,Local Shop 473,31671,Savings / Investments
Insurance Premium - EFU - REF 30520103,Generic Store 864,46579,Insurance
Insurance Premium - EFU - REF 99734643,Online Merchant 779,42231,Insurance
Grocery Purchase - Metro - Lahore,Local Shop 750,24715,Restaurants / Eating Out
OGT/11f32b21-bdfe-48dc- 9bc5-86bdb004 PK,External Transfer,200,Transfers
Rent Payment - Yahya - Rawalpindi,Marketplace 363,21772,Housing / Rent
Electronics Purchase - Haier - Quetta,E-commerce 1629,6217,Shopping & Retail
Bus Ticket - Multan - REF 20367363,Service Provider 101,49602,Fuel / Gas
IESCO Bill Payment - REF 25517630,Online Merchant 818,11019,Mobile & Internet
Store Purchase - I-8 Multan - REF 46863327,E-commerce 1892,35726,Shopping & Retail
Lab Test Payment - Multan - REF 62017684,Clinic 4603,14579,Healthcare & Medical
Online Order - Telemart - REF 24687471,Generic Store 747,21601,Home Supplies / Household Items
Restaurant Payment - Johar Town Hyderabad - REF 91373135,Cafe 3138,494,Food & Dining
Water Bill - WASA - REF 85962299,Water Utility 3702,5728,Utilities & Services
Bill Payment - REF 96358303,Online Merchant 932,21351,Housing / Rent
Money Transfer - UMAR RAFEEQ KHATTAK - 03115103625,Umar Rafeeq Khattak,500,Transfers
Hospital Charges - Shaukat Khanum - REF 29514065,Generic Store 813,16880,Medical / Pharmacy
OGT/31fa8dbe-37af-4e9d- 90d0-fc8a8f49 PK,External Transfer,530,Transfers
Online Order - Daraz.pk - REF 62597354,Local Shop 817,4751,Home Supplies / Household Items
Traffic Fine - REF 88387923,Government 1036,38661,Government & Legal
Tuition Fee - FAST - REF 64123131,Generic Store 480,27868,Education / Tuition
POS Transaction - Karachi - REF 68008747,Local Shop 712,7586,Car Maintenance
OGT/7a22cf78-f893-4df2- af8f-558169a3 PK,External Transfer,130,Transfers
POS Transaction - Multan - REF 90231283,Loan Provider 9553,62037,Financial Services
Electronics Purchase - PriceOye - Multan,Clothing Store 7123,23425,Shopping & Retail
Charity Payment - Akhuwat - REF 54376360,Charity 7650,46449,Charity & Donations
POS Transaction - Faisalabad - REF 87873150,Bank 5173,420,Financial Services
Store Purchase - Bahria Town Islamabad - REF 25229698,Electronics Store 9314,13366,Shopping & Retail
Pharmacy Payment - Servaid - Sialkot,Generic Store 501,40067,Medical / Pharmacy
Gift Purchase - Rawalpindi - REF 19725052,Local Shop 222,23860,Gifts & Celebrations
POS Transaction - Quetta - REF 44797348,Broker 1630,121870,Financial Services
Water Bill - WASA - REF 78034102,Water Utility 3292,1450,Utilities & Services
POS Transaction - Karachi - REF 80180001,Online Merchant 260,2223,Car Maintenance
Insurance Premium - Jubilee - REF 93088181,Online Merchant 312,48838,Insurance
K-Electric Bill Payment - REF 64409586,Electric Company 5314,11164,Utilities & Services
ICT/ab071963-25e7-42ac- 9636-60245159 PK,External Transfer,500,Transfers
Recreation Expense - G-9 Hyderabad - REF 86113351,Local Shop 750,49728,Entertainment (Movies / Games / Events)
Zakat Payment - REF 20112985,Charity 1518,118793,Charity & Donations
Online Entertainment - PSN - REF 40306242,Gym 4409,1235,Entertainment & Recreation
Zakat Payment - REF 32671821,Fundraiser 2979,12408,Charity & Donations
Restaurant Payment - DHA Peshawar - REF 17242130,Service Provider 328,31856,Groceries
Toll Payment - M-2 - REF 14729191,Online Merchant 511,39914,Fuel / Gas
Ufone Prepaid Load - 03493188380,Water Utility 1703,7957,Utilities & Services
Lab Test Payment - Rawalpindi - REF 74011640,Online Merchant 606,19225,Medical / Pharmacy
Charity Payment - Alkhidmat - REF 56871207,Charity 1439,7794,Charity & Donations
Metro Ticket - Islamabad - REF 36797979,Transit 1991,379,Transportation
Clinic Fee - Bilal Ahmed - Karachi,Local Shop 471,24217,Medical / Pharmacy
POS Purchase - Carrefour - Multan,Electronics Store 9069,59831,Shopping & Retail
Pharmacy Payment - Servaid - Sialkot,Pharmacy 8991,779,Healthcare & Medical
Hospital Charges - Aga Khan - REF 69660838,Pharmacy 6273,3802,Healthcare & Medical
Online Entertainment - Google Play - REF 13583054,Ticketing 8158,6058,Entertainment & Recreation
Toll Payment - M-2 - REF 54488902,Service Provider 797,30454,Ride Sharing / Taxi
Recreation Expense - Gulshan Rawalpindi - REF 44909486,Streaming Service 9042,2625,Entertainment & Recreation
Hospital Charges - Liaquat National - REF 14102685,Local Shop 284,29716,Medical / Pharmacy
POS Transaction - Peshawar - REF 18236137,Broker 1148,105795,Financial Services
Freelance Payment - Fiverr - REF 50091725,Client Payment 9815,22991,Income
OGT/1a465af1-8b9a-44e8- 926d-0ce653fa PK,External Transfer,150,Transfers
Traffic Fine - REF 71620814,Government 5772,11910,Government & Legal
Metro Ticket - Lahore - REF 29802542,Petrol Pump 8947,8660,Transportation
Raast Payment - PK30NBPA2239004139737101,Pk30Nbpa2239004139737101,180,Transfers
Restaurant Payment - Bahria Town Islamabad - REF 90966775,Restaurant 7283,10805,Food & Dining
Metro Ticket - Lahore - REF 30852676,Auto Service 6436,40213,Transportation
IESCO Bill Payment - REF 35212253,Water Utility 8223,5527,Utilities & Services
Bykea Ride - Hyderabad,Service Provider 751,22359,Public Transport
Online Entertainment - Google Play - REF 47734214,Gym 5568,1417,Entertainment & Recreation
Metro Ticket - Lahore - REF 64313244,Service Provider 252,35437,Ride Sharing / Taxi
POS Transaction - Rawalpindi - REF 14829209,Bank 8988,1675,Financial Services
POS Transaction - Hyderabad - REF 29058433,Bank 4618,321,Financial Services
Gift Purchase - Rawalpindi - REF 89298337,Local Shop 892,5633,Gifts & Celebrations
POS Transaction - Lahore - REF 77727647,Bank 8880,137,Financial Services
Clinic Fee - Abdullah - Karachi,Clinic 1462,3544,Healthcare & Medical
Restaurant Payment - Johar Town Faisalabad - REF 22607160,Local Shop 441,9227,Groceries
ICT/6e24944a-163a-44fd- 8002-96d1af39 PK,External Transfer,210,Transfers
Passport Fee - REF 79274747,Government 5707,35664,Government & Legal
Water Bill - WASA - REF 78720058,Local Shop 201,12931,Mobile & Internet
Fuel Purchase - Shell - Peshawar,Online Merchant 552,33651,Ride Sharing / Taxi
Hospital Charges - Shaukat Khanum - REF 22711485,Clinic 7525,10058,Healthcare & Medical
Salary Credit - Company Payroll - REF 76561134,Client Payment 2705,64676,Income
Toll Payment - M-2 - REF 18094231,Ride-hailing 7047,5337,Transportation
Zakat Payment - REF 68430258,Charity 5006,25328,Charity & Donations
ICT/b0253e61-7f8d-4f5f- b776-ba0e693d PK,External Transfer,750,Transfers
Metro Ticket - Islamabad - REF 14855146,Online Merchant 803,29120,Ride Sharing / Taxi
Recreation Expense - G-9 Faisalabad - REF 85857500,Online Merchant 649,27880,Entertainment (Movies / Games / Events)
Cafe Aylanto - Clifton Sialkot,Restaurant 8591,10135,Food & Dining
OGT/f70a5939-d4d3-40e9- a414-90416f42 PK,External Transfer,50,Transfers
Cinema Ticket - Cinepax - Lahore,Cinema 7762,3610,Entertainment & Recreation
Restaurant Payment - Gulshan Hyderabad - REF 30949210,Grocery Store 4006,8566,Food & Dining
Pharmacy Payment - Servaid - Rawalpindi,Clinic 2240,6447,Healthcare & Medical
Tea & Snacks - I-8 Islamabad,Marketplace 340,39400,Restaurants / Eating Out
RAAST P2P ABDUR RASHEED,Abdur Rasheed,220,Transfers
OPTp - DHA Rawalpindi,Local Shop 225,18880,Groceries
Recreation Expense - Clifton Peshawar - REF 85950720,Gym 7964,1466,Entertainment & Recreation
Toll Payment - M-2 - REF 50885204,Petrol Pump 7364,9239,Transportation
Raast Payment - YAHYA KHAN - SBP Raast,Yahya Khan,10000,Transfers
Cheetay Order - Sialkot,Online Merchant 683,22189,Groceries
Mobile Topup - Telenor - 03090046047,Telecom 8515,3716,Utilities & Services
Bus Ticket - Multan - REF 53700281,Ride-hailing 5642,3416,Transportation
Bykea Ride - Peshawar,Marketplace 354,23830,Public Transport
Salary Credit - Company Payroll - REF 74795828,Client Payment 2179,66947,Income
Donation - Shaukat Khanum - REF 43713524,Charity 7932,37684,Charity & Donations
Store Purchase - Saddar Peshawar - REF 72479415,Retail Store 5191,4300,Shopping & Retail
Zakat Payment - REF 55107752,Charity 9777,10609,Charity & Donations
Tuition Fee - NUST - REF 49403226,Local Shop 867,13725,Education / Tuition
Hospital Charges - Shaukat Khanum - REF 89318857,Clinic 2006,7063,Healthcare & Medical
Investment - Mutual Fund - REF 62817721,Marketplace 251,47979,Savings / Investments
OGT/1d38e6ac-53cf-46b9- abaa-63fc6979 PK,External Transfer,190,Transfers
Online Order - Telemart - REF 71018246,Service Provider 873,898,Shopping (Clothes / Electronics)
ICT/7806685c-f8bd-46b9- b7db-a719787c PK,External Transfer,3000,Transfers
Travel Booking - SereneAir - REF 80240886,Marketplace 935,34324,Travel (Flights / Hotels)
Pizza Hut - Clifton Karachi,Local Shop 897,43330,Restaurants / Eating Out
Gas Bill Payment - SSGC - REF 76582419,Water Utility 3728,2481,Utilities & Services
SSGC Bill Payment - REF 31661119,Water Utility 3608,2712,Utilities & Services
Cinema Ticket - Cinepax - Multan,Ticketing 9575,16119,Entertainment & Recreation
Challan Payment - REF 96990057,Government 3811,4021,Government & Legal
Lab Test Payment - Sialkot - REF 48042594,Clinic 8192,8449,Healthcare & Medical
Investment - Stocks - REF 93970102,Service Provider 359,44531,Savings / Investments
Metro Ticket - Islamabad - REF 47813078,Marketplace 360,49042,Fuel / Gas
POS Transaction - Islamabad - REF 71002367,Bank 4620,220,Financial Services
Freelance Payment - Upwork - REF 33523700,Employer Payroll 8808,235310,Income
Zakat Payment - REF 91430765,Fundraiser 5087,39585,Charity & Donations
SNGPL Bill Payment - REF 71833775,ISP 7406,13810,Utilities & Services
Lab Test Payment - Faisalabad - REF 40149760,Pharmacy 1890,1746,Healthcare & Medical
ICT/fc26e94b-80b4-49f8- ae6a-ca2e0fe1 PK,External Transfer,900,Transfers
ICT/9eec687c-36fd-4207- 8fd4-40dbf89a PK,External Transfer,1000,Transfers
Mobile Topup - Zong - 03129140741,Electric Company 8878,15582,Utilities & Services
ICT/7d27b4fd-3174-4a3a- 8365-08564cc7 PK,External Transfer,10000,Transfers
Pharmacy Payment - Imtiaz Pharmacy - Lahore,Hospital 1825,66525,Healthcare & Medical
Salary Credit - Company Payroll - REF 51152608,Merchant Refund 9599,6412,Income
Online Entertainment - Steam - REF 15488285,Gym 8583,2440,Entertainment & Recreation
ICT/c91c29e8-ec9b-4f91- 8d8d-73a71bd9 PK,External Transfer,500,Transfers
Challan Payment - REF 78469106,Legal Service 8533,56768,Government & Legal
Grocery Purchase - Al-Fatah - Peshawar,Cafe 3146,1451,Food & Dining
ICT/9c4c9853-5b64-4fd5- 9715-079de82a PK,External Transfer,250,Transfers
POS Purchase - Carrefour - Rawalpindi,Generic Store 963,26432,Home Supplies / Household Items
Gas Bill Payment - SSGC - REF 86632856,Generic Store 760,3464,Electricity / Water / Gas
Water Bill - WASA - REF 87907181,Local Shop 992,9247,Mobile & Internet
OGT/0b3b4f57-efe6-4950- bb19-a131cb86 PK,External Transfer,199,Transfers
Bonus Credit - REF 75669512,Client Payment 1850,71473,Income
RAAST P2P QAMAR AYOUB,Qamar Ayoub,600,Transfers
Donation - Saylani - REF 45628546,Fundraiser 2025,11397,Charity & Donations
POS Transaction - Peshawar - REF 27627579,Bank 9055,617,Financial Services
OGT/55ca801f-8a55-42ad- 925b-8440bcf6 PK,External Transfer,800,Transfers
ICT/52bfb610-c98b-4449- 8656-a396b811 PK,External Transfer,1000,Transfers
Bykea Ride - Rawalpindi,Ride-hailing 8813,4957,Transportation
Recreation Expense - Bahria Town Quetta - REF 30468470,Ticketing 3516,5743,Entertainment & Recreation
Restaurant Payment - Johar Town Faisalabad - REF 45754799,Generic Store 922,46056,Groceries
Mobile Topup - Zong - 03243346679,Service Provider 646,30768,Electricity / Water / Gas
Internet Bill - StormFiber - REF 75625414,Telecom 9154,4605,Utilities & Services
Online Entertainment - PSN - REF 40493990,Ticketing 1200,6830,Entertainment & Recreation
Gift Purchase - Quetta - REF 26398304,Marketplace 778,10671,Gifts & Celebrations
Pharmacy Payment - Imtiaz Pharmacy - Peshawar,Hospital 3207,16448,Healthcare & Medical
Pharmacy Payment - D.Watson - Lahore,Clinic 4811,2758,Healthcare & Medical
POS Transaction - Lahore - REF 19149982,Bank 2777,484,Financial Services
Bill Payment - REF 39080587,Local Shop 729,22925,Housing / Rent
Salary Credit - Company Payroll - REF 36518418,Employer Bonus 2169,48979,Income
Hospital Charges - Shaukat Khanum - REF 85098566,Clinic 9986,7034,Healthcare & Medical
POS Purchase - Imtiaz - Peshawar,Retail Store 7394,7609,Shopping & Retail
Rent Payment - Shafqat Khan - Faisalabad,Service Provider 523,35287,Housing / Rent
POS Purchase - Gul Ahmed - Peshawar,E-commerce 8161,36940,Shopping & Retail
Subscription Payment - YouTube Premium - REF 46739617,Generic Store 728,25199,Subscriptions (Streaming / Apps)
Rent Payment - Muhammad Usman - Karachi,Service Provider 563,45286,Housing / Rent
Charity Payment - Alkhidmat - REF 85074255,Fundraiser 3991,45942,Charity & Donations
Zakat Payment - REF 55416302,Charity 3203,93738,Charity & Donations
Lab Test Payment - Lahore - REF 60927851,Marketplace 875,19555,Medical / Pharmacy
CWD/PAK AUSTRIA PAK AUSTRIA HARIPUR PK,Pak Austria Pak Austria Haripur Pk,1023.44,Cash Withdrawal
ICT/30a444a4-4070-4670- aabe-a57948c9 PK,External Transfer,300,Transfers
OGT/c188d3d4-b819-4704- 83b5-1e24a347 PK,External Transfer,1700,Transfers
Tax Payment - FBR - REF 12632683,Government 6534,25977,Government & Legal
Salary Credit - Company Payroll - REF 10817750,Employer Bonus 7451,29808,Income
POS Transaction - Rawalpindi - REF 40551871,Bank 6367,937,Financial Services
Charity Payment - Akhuwat - REF 89705580,Charity 7111,33779,Charity & Donations
POS Transaction - Quetta - REF 37683709,Bank 3246,636,Financial Services
Salary Credit - Payroll - REF 47494191,Employer Payroll 2236,189152,Income
Mobile Topup - Jazz - 03499730624,Marketplace 371,23681,Electricity / Water / Gas
POS Transaction - Multan - REF 78258934,Generic Store 778,12392,Car Maintenance
CWD/CHAKDARA CHAKDARA SWAT PK SWAT PAK,Chakdara Chakdara Swat Pk Swat Pak,5035,Cash Withdrawal
Electronics Purchase - Haier - Islamabad,Online Merchant 324,43068,Shopping (Clothes / Electronics)
Clinic Fee - Yahya - Islamabad,Clinic 2780,12173,Healthcare & Medical
Lab Test Payment - Karachi - REF 94746926,Diagnostic Lab 6689,11515,Healthcare & Medical
Charity Payment - Alkhidmat - REF 42418865,Charity 7989,4777,Charity & Donations
Store Purchase - Clifton Lahore - REF 44278410,Clothing Store 1851,13538,Shopping & Retail
Rent Payment - Usman Ghani - Faisalabad,Generic Store 848,31525,Housing / Rent
OGT/d626718a-7e0c-4d80- 9bc0-b4f81a36 PK,External Transfer,20,Transfers
POS Transaction - Rawalpindi - REF 96115263,Online Merchant 914,47229,Car Maintenance
Raast Payment - PK54SADA0000003349843320,Pk54Sada0000003349843320,300,Transfers
Online Order - Daraz.pk - REF 64814969,Local Shop 216,6559,Home Supplies / Household Items
Mobile Topup - Zong - 03431109674,Local Shop 449,37500,Electricity / Water / Gas
OGT/3e00b3a8-d162-4f5b- a895-8a20a57e PK,External Transfer,2150,Transfers
Gift Purchase - Rawalpindi - REF 65882955,Service Provider 515,14259,Gifts & Celebrations
Cinema Ticket - Cinepax - Peshawar,Ticketing 2782,2885,Entertainment & Recreation
POS Purchase - Carrefour - Lahore,Service Provider 490,4163,Home Supplies / Household Items
Metro Ticket - Lahore - REF 89890601,Petrol Pump 8439,12197,Transportation
Money Transfer - MUHAMMAD TAHIR AZEEM - 03455908476,Muhammad Tahir Azeem,207,Transfers
Passport Fee - REF 75652726,Government 3354,24160,Government & Legal
Bus Ticket - Sialkot - REF 65131724,Online Merchant 967,28127,Ride Sharing / Taxi
Mobile Topup - Ufone - 03288910547,ISP 9952,11673,Utilities & Services
Store Purchase - Johar Town Faisalabad - REF 87628184,Online Merchant 343,6561,Home Supplies / Household Items
Mobile Topup - Telenor - 03152521511,Generic Store 966,47192,Electricity / Water / Gas
Tuition Fee - LUMS - REF 37746208,Service Provider 252,42332,Education / Tuition
Donation - Shaukat Khanum - REF 21523921,Fundraiser 1652,1535,Charity & Donations
Bus Ticket - Sialkot - REF 89798156,Transit 2389,416,Transportation
Bykea Ride - Peshawar,Online Merchant 359,20990,Fuel / Gas
Recreation Expense - F-10 Karachi - REF 82497916,Cinema 6074,1960,Entertainment & Recreation
Traffic Fine - REF 31813596,Government 1222,145287,Government & Legal
RAAST P2P MUHAMMAD ASLAM,Muhammad Aslam,200,Transfers
Recreation Expense - Saddar Islamabad - REF 72159097,Cinema 7564,4792,Entertainment & Recreation
OGT/e03279de-2df2-4cd4- b401-feeefa79 PK,External Transfer,500,Transfers
inDrive Ride - Multan,Ride-hailing 1241,4940,Transportation
Online Entertainment - Google Play - REF 37950206,Marketplace 910,14061,Entertainment (Movies / Games / Events)
McDonald's - Bahria Town Quetta,Grocery Store 3593,2479,Food & Dining
Mobile Topup - Telenor - 03246608231,Water Utility 9750,2852,Utilities & Services
RAAST P2P HAMAD KHAN,Hamad Khan,146000,Transfers
ICT/d069619f-82a2-4dd6- 9513-232672a7 PK,External Transfer,100,Transfers
POS Transaction - Faisalabad - REF 90861647,Marketplace 892,3979,Car Maintenance
OGT/ec671306-ee6a-46c2- a22f-f7cdeba0 PK,External Transfer,1270,Transfers
Zakat Payment - REF 91451837,Charity 9243,34352,Charity & Donations
ICT/cc8a9c63-1644-497f- 94b8-558ef1c4 PK,External Transfer,1000,Transfers
Store Purchase - Bahria Town Sialkot - REF 10661232,Online Merchant 495,46783,Shopping (Clothes / Electronics)
Clinic Fee - Ayesha Malik - Multan,Service Provider 506,36897,Medical / Pharmacy
Online Order - Daraz.pk - REF 85887992,Service Provider 190,37870,Shopping (Clothes / Electronics)
Bonus Credit - REF 75141753,Merchant Refund 5014,10013,Income
POS Transaction - Karachi - REF 24623207,Broker 6328,170020,Financial Services
POS Transaction - Karachi - REF 37508183,Bank 4564,680,Financial Services
Zakat Payment - REF 60938416,Fundraiser 1546,24973,Charity & Donations
Challan Payment - REF 93941241,Legal Service 4093,1301,Government & Legal
Jazz Prepaid Load - 03462798666,Water Utility 5173,4214,Utilities & Services
Zakat Payment - REF 83667888,Charity 1067,27777,Charity & Donations
Lab Test Payment - Lahore - REF 61329097,Pharmacy 7882,2639,Healthcare & Medical
Water Bill - WASA - REF 16873457,Online Merchant 899,24477,Electricity / Water / Gas
Bykea Ride - Hyderabad,Ride-hailing 9317,5598,Transportation
Investment - Mutual Fund - REF 44365393,Generic Store 655,31099,Savings / Investments
Clinic Fee - Ayesha Malik - Lahore,Diagnostic Lab 5880,10542,Healthcare & Medical
RAAST P2P MUHAMMAD KASHIF,Muhammad Kashif,160,Transfers
POS Transaction - Multan - REF 68745307,Loan Provider 7285,41185,Financial Services
Online Order - Daraz.pk - REF 25066847,Service Provider 716,49284,Home Supplies / Household Items
POS Purchase - Outfitters - Sialkot,E-commerce 7628,2111,Shopping & Retail
Gas Bill Payment - SNGPL - REF 58445500,Telecom 9187,3288,Utilities & Services
Gift Purchase - Peshawar - REF 45304408,Generic Store 887,41320,Gifts & Celebrations
Clinic Fee - Aslam - Hyderabad,Hospital 8685,68091,Healthcare & Medical
Donation - Saylani - REF 45995336,Charity 6933,50315,Charity & Donations
Zakat Payment - REF 61985789,Charity 3961,62124,Charity & Donations
Gift Purchase - Hyderabad - REF 43687904,Service Provider 810,47308,Gifts & Celebrations
Cinema Ticket - Cinepax - Islamabad,Streaming Service 9747,824,Entertainment & Recreation
Recreation Expense - I-8 Islamabad - REF 21952120,Cinema 1937,3651,Entertainment & Recreation
Gas Bill Payment - SSGC - REF 20539199,Telecom 2696,4004,Utilities & Services
ICT/c21b21bf-e5f1-4b76- acf5-f730a40a PK,External Transfer,1000,Transfers
Charity Payment - Alkhidmat - REF 37830997,Fundraiser 2364,10049,Charity & Donations
Recreation Expense - F-10 Islamabad - REF 23747058,Streaming Service 6380,1210,Entertainment & Recreation
Tax Payment - FBR - REF 51526151,Government 3240,30482,Government & Legal
Fuel Purchase - Total Parco - Peshawar,Service Provider 152,31506,Ride Sharing / Taxi
POS Purchase - Daraz.pk - Lahore,Electronics Store 2152,56950,Shopping & Retail
Restaurant Payment - Saddar Sialkot - REF 89054362,Restaurant 1944,6349,Food & Dining
Tea & Snacks - Gulshan Quetta,Restaurant 6767,11131,Food & Dining
Toll Payment - M-2 - REF 44771157,Ride-hailing 4060,1664,Transportation
OGT/48da22cd-ac06-4b47- abd1-b6ef2aa6 PK,External Transfer,60,Transfers
Passport Fee - REF 57607495,Government 9419,22120,Government & Legal
OGT/0de0fec9-aaa0-4159- bc11-6623398f PK,External Transfer,1000,Transfers
Bill Payment - REF 27992780,Local Shop 216,34355,Housing / Rent
Challan Payment - REF 40944986,Government 7761,8074,Government & Legal
Tuition Fee - LUMS - REF 41072347,Generic Store 802,7250,Education / Tuition
Cinema Ticket - Nueplex - Islamabad,Ticketing 4546,6812,Entertainment & Recreation
Lab Test Payment - Lahore - REF 41040253,Diagnostic Lab 3652,3995,Healthcare & Medical
Cinema Ticket - Cinepax - Islamabad,Local Shop 287,6026,Entertainment (Movies / Games / Events)
Bank Credit - MCB - REF 63408302,Employer Bonus 6705,19079,Income
Challan Payment - REF 64111376,Government 9569,111404,Government & Legal
OPTp - Saddar Sialkot,Cafe 2353,408,Food & Dining
Cinema Ticket - Nueplex - Rawalpindi,Streaming Service 9361,1027,Entertainment & Recreation
Internet Bill - PTCL - REF 20336233,Marketplace 453,28433,Mobile & Internet
Maintenance Charges - I-8 Peshawar - REF 35491597,Online Merchant 650,29586,Housing / Rent
Recreation Expense - F-10 Faisalabad - REF 17770010,Gym 9526,10167,Entertainment & Recreation
POS Transaction - Islamabad - REF 49023348,Loan Provider 6088,33320,Financial Services
Careem Ride - Hyderabad,Service Provider 206,48835,Fuel / Gas
Chai Shai - DHA Quetta,Local Shop 854,7728,Coffee & Snacks
ICT/cdd46548-7dfd-453f- 9072-fcf9e5c3 PK,External Transfer,500,Transfers
POS Transaction - Hyderabad - REF 33300165,Marketplace 276,45304,Car Maintenance
Tuition Fee - NUST - REF 18657697,Online Merchant 552,26344,Education / Tuition
Insurance Premium - EFU - REF 33564626,Generic Store 506,34723,Insurance
Fuel Purchase - Total Parco - Hyderabad,Service Provider 301,44744,Ride Sharing / Taxi
Tuition Fee - LUMS - REF 12561715,Online Merchant 941,43549,Education / Tuition
PTCL Bill Payment - REF 55283795,Telecom 8629,436,Utilities & Services
OGT/4ef5239d-54eb-4dd5- 8c0b-b827feae PK,External Transfer,57,Transfers
Fuel Purchase - PSO - Quetta,Transit 9499,473,Transportation
Freelance Payment - Upwork - REF 10079431,Employer Bonus 8043,49375,Income
Restaurant Payment - Clifton Hyderabad - REF 42529547,Restaurant 4253,1229,Food & Dining
ICT/6a101882-6619-4d8a- 9edf-a732dfa5 PK,External Transfer,120,Transfers
OGT/cff19fe0-9e38-4a2e- a798-17add7b2 PK,External Transfer,350,Transfers
Passport Fee - REF 61261889,Government 3503,15038,Government & Legal
Ufone Prepaid Load - 03412851715,ISP 5492,8337,Utilities & Services
Store Purchase - Bahria Town Faisalabad - REF 30983995,Electronics Store 9211,44357,Shopping & Retail
Challan Payment - REF 72012805,Legal Service 1704,62026,Government & Legal
WASA Bill Payment - REF 24651342,Online Merchant 553,13567,Electricity / Water / Gas
OGT/b6b5c79d-0ea4-4e54- b5fc-1b51f8ee PK,External Transfer,2000,Transfers
Online Entertainment - Google Play - REF 68689126,Ticketing 8581,12021,Entertainment & Recreation
RAAST P2P BABU AKHLAQ TUCK,Babu Akhlaq Tuck,80,Transfers
Metro Ticket - Islamabad - REF 32666845,Local Shop 468,38985,Ride Sharing / Taxi
Toll Payment - M-2 - REF 51118302,Petrol Pump 7298,7555,Transportation
McDonald's - Bahria Town Lahore,Grocery Store 6710,14455,Food & Dining
Fuel Purchase - PSO - Quetta,Marketplace 292,22422,Public Transport
POS Transaction - Multan - REF 72819132,Bank 6237,653,Financial Services
Freelance Payment - Fiverr - REF 70856721,Employer Payroll 9016,216042,Income
Cheetay Order - Quetta,Generic Store 835,40863,Coffee & Snacks
Travel Booking - Airblue - REF 43025927,Generic Store 862,38937,Travel (Flights / Hotels)
POS Transaction - Quetta - REF 84790652,Bank 2493,346,Financial Services
Store Purchase - Saddar Islamabad - REF 20542422,Local Shop 698,39438,Home Supplies / Household Items
Store Purchase - Johar Town Islamabad - REF 80280822,Local Shop 113,13747,Home Supplies / Household Items
POS Transaction - Multan - REF 99353719,Marketplace 154,30730,Car Maintenance
Store Purchase - Bahria Town Karachi - REF 60187655,E-commerce 8794,32002,Shopping & Retail
Online Entertainment - Google Play - REF 55425286,Gym 7488,6366,Entertainment & Recreation
TELENOR PAKISTAN (PV ISLAMABAD PAK,Telenor,212.8,Bills
Subscription Payment - Google One - REF 39229375,Generic Store 534,20878,Subscriptions (Streaming / Apps)
Investment - Mutual Fund - REF 47928681,Marketplace 551,15859,Savings / Investments
Gas Bill Payment - SSGC - REF 54572348,ISP 7968,1732,Utilities & Services
POS Transaction - Peshawar - REF 81305518,Bank 4777,1040,Financial Services
Freelance Payment - Upwork - REF 98425126,Employer Bonus 5993,18420,Income
POS Transaction - Sialkot - REF 94854221,Service Provider 684,45498,Car Maintenance
Lab Test Payment - Quetta - REF 68142729,Online Merchant 217,14903,Medical / Pharmacy
LESCO Bill Payment - REF 53170138,Telecom 1641,1964,Utilities & Services
Online Order - PriceOye - REF 63355504,Service Provider 228,9569,Shopping (Clothes / Electronics)
Cinema Ticket - Nueplex - Multan,Local Shop 868,15640,Entertainment (Movies / Games / Events)
RAAST P2P YAHYA KHAN,Yahya Khan,10,Transfers
Bus Ticket - Islamabad - REF 38590830,Service Provider 746,23108,Fuel / Gas
Hospital Charges - Aga Khan - REF 69934065,Diagnostic Lab 5150,7987,Healthcare & Medical
Online Entertainment - PSN - REF 86846793,Local Shop 683,21826,Entertainment (Movies / Games / Events)
Store Purchase - Defence Quetta - REF 38139259,Local Shop 854,46238,Home Supplies / Household Items
ICT/6f4b0678-6d22-46e8- a9db-7c66d77d PK,External Transfer,200,Transfers
Cinema Ticket - Cinepax - Faisalabad,Ticketing 6641,6491,Entertainment & Recreation
Gas Bill Payment - SSGC - REF 57188815,Electric Company 8634,6580,Utilities & Services
ICT/7c308eec-6fe7-4d94- bc10-3e9506cd PK,External Transfer,1800,Transfers
Challan Payment - REF 66699976,Legal Service 5270,3480,Government & Legal
RAAST P2P MUHAMMAD BILAL,Muhammad Bilal,4500,Transfers
Money Transfer - ABDUR RASHEED - 03345005977,Abdur Rasheed,150,Transfers
Pharmacy Payment - Servaid - Hyderabad,Hospital 4749,75046,Healthcare & Medical
Online Order - Telemart - REF 22836867,Clothing Store 5968,19205,Shopping & Retail
Tea & Snacks - Gulshan Rawalpindi,Local Shop 962,10465,Coffee & Snacks
Recreation Expense - DHA Karachi - REF 58723527,Cinema 4855,3759,Entertainment & Recreation
RAAST P2P ABDUR RASHEED,Abdur Rasheed,80,Transfers
POS Transaction - Faisalabad - REF 36901295,Bank 5969,1488,Financial Services
Bus Ticket - Islamabad - REF 39105555,Generic Store 245,8849,Fuel / Gas
Fuel Purchase - Shell - Faisalabad,Auto Service 9432,31436,Transportation
Investment - Mutual Fund - REF 34360859,Local Shop 911,27664,Savings / Investments
POS Transaction - Quetta - REF 20858705,Local Shop 563,33464,Car Maintenance
POS Transaction - Rawalpindi - REF 76747225,Online Merchant 689,44599,Car Maintenance
Monthly Subscription - Foodpanda Pro - REF 14324005,Marketplace 490,39892,Subscriptions (Streaming / Apps)
Passport Fee - REF 75148983,Government 5276,29498,Government & Legal
Bank Credit - Allied Bank - REF 85745870,Employer Payroll 3130,225606,Income
Rent Payment - Usman Ghani - Multan,Service Provider 281,36108,Housing / Rent
Tea & Snacks - I-8 Karachi,Restaurant 5644,3387,Food & Dining
OGT/3a7c8e7b-8bbb-4490- bc14-f6706411 PK,External Transfer,50,Transfers
ICT/27306abc-fbf7-4fd4- b1a2-7ec6f299 PK,External Transfer,1000,Transfers
Donation - Edhi Foundation - REF 24731791,Charity 9577,187712,Charity & Donations
Grocery Purchase - Metro - Quetta,Marketplace 962,8552,Groceries
Freelance Payment - Upwork - REF 14148169,Employer Payroll 5445,69480,Income
POS Transaction - Sialkot - REF 94575172,Bank 5331,540,Financial Services
Toll Payment - M-2 - REF 81318010,Generic Store 458,34988,Fuel / Gas
Raast Payment - YAHYA KHAN - SBP Raast,Yahya Khan,460,Transfers
Online Entertainment - Google Play - REF 80951557,Marketplace 740,2603,Entertainment (Movies / Games / Events)
Recreation Expense - Defence Multan - REF 59446436,Gym 3162,11633,Entertainment & Recreation
Recreation Expense - Gulshan Lahore - REF 35191439,Gym 7875,2416,Entertainment & Recreation
Travel Booking - SereneAir - REF 53638378,Marketplace 530,1292,Travel (Flights / Hotels)
Toll Payment - M-2 - REF 54078671,Ride-hailing 8080,699,Transportation
Pharmacy Payment - Servaid - Multan,Clinic 8182,12988,Healthcare & Medical
K-Electric Bill Payment - REF 65275039,Service Provider 926,30700,Mobile & Internet
Bus Ticket - Lahore - REF 37741163,Marketplace 920,39929,Ride Sharing / Taxi
App Store Subscription - REF 75018584,Online Merchant 728,12107,Subscriptions (Streaming / Apps)
Challan Payment - REF 10386309,Government 3581,34128,Government & Legal
Water Bill - WASA - REF 30826496,Electric Company 3048,2275,Utilities & Services
POS Transaction - Sialkot - REF 20300819,Local Shop 260,29740,Car Maintenance
POS Transaction - Islamabad - REF 72065309,Broker 3225,15647,Financial Services
Zakat Payment - REF 43616514,Charity 9438,1275,Charity & Donations
Lab Test Payment - Peshawar - REF 81243773,Pharmacy 2907,6654,Healthcare & Medical
Charity Payment - Akhuwat - REF 92968887,Fundraiser 1877,24496,Charity & Donations
Pharmacy Payment - Servaid - Peshawar,Generic Store 782,12088,Medical / Pharmacy
McDonald's - F-10 Peshawar,Local Shop 922,11052,Restaurants / Eating Out
Donation - Shaukat Khanum - REF 46832500,Fundraiser 3405,38703,Charity & Donations
OGT/fd356cc7-79e0-42f9- baed-a3d69920 PK,External Transfer,180,Transfers
Metro Ticket - Lahore - REF 25996675,Auto Service 6484,45863,Transportation
POS Transaction - Sialkot - REF 51618440,Broker 7225,12061,Financial Services
Charity Payment - Alkhidmat - REF 29662639,Fundraiser 4455,6393,Charity & Donations
Lab Test Payment - Karachi - REF 12397368,Pharmacy 6350,3688,Healthcare & Medical
Metro Ticket - Lahore - REF 38114226,Service Provider 674,21730,Ride Sharing / Taxi
Mobile Topup - Ufone - 03174482839,Service Provider 186,43467,Electricity / Water / Gas
POS Purchase - Carrefour - Rawalpindi,Generic Store 335,2315,Shopping (Clothes / Electronics)
Cheetay Order - Sialkot,Cafe 1332,472,Food & Dining
OGT/6382dfbe-49e5-4b95- bdd3-2d33c304 PK,External Transfer,100,Transfers
Electronics Purchase - Haier - Quetta,E-commerce 6271,19122,Shopping & Retail
Mobile Topup - Jazz - 03310962968,ISP 7884,13283,Utilities & Services
Online Order - Telemart - REF 43934164,E-commerce 1696,29037,Shopping & Retail
Freelance Payment - Upwork - REF 49717153,Employer Payroll 3562,64289,Income
Challan Payment - REF 23408472,Government 6649,125478,Government & Legal
Hospital Charges - Shaukat Khanum - REF 74227600,Local Shop 793,46125,Medical / Pharmacy
Challan Payment - REF 75818042,Government 8666,12366,Government & Legal
Toll Payment - M-2 - REF 49255661,Petrol Pump 7299,8436,Transportation
Challan Payment - REF 61434656,Legal Service 3292,42445,Government & Legal
Careem Ride - Lahore,Local Shop 332,6377,Fuel / Gas
Foodpanda Order - Multan,Cafe 5439,1127,Food & Dining
Recreation Expense - DHA Karachi - REF 98073911,Streaming Service 2924,1017,Entertainment & Recreation
Subscription Payment - YouTube Premium - REF 18888908,Marketplace 484,41098,Subscriptions (Streaming / Apps)
Hospital Charges - Shaukat Khanum - REF 21983286,Pharmacy 4910,6639,Healthcare & Medical
Toll Payment - M-2 - REF 88991492,Generic Store 522,41518,Fuel / Gas
Tea & Snacks - DHA Lahore,Grocery Store 7680,14764,Food & Dining
Toll Payment - M-2 - REF 99625887,Generic Store 180,36220,Public Transport
Tuition Fee - NUST - REF 28304283,Generic Store 731,11713,Education / Tuition
RAAST P2P MUHAMMAD QASIM K,Muhammad Qasim K,200,Transfers
Salary Credit - Company Payroll - REF 20403064,Employer Bonus 7141,27758,Income
Charity Payment - Akhuwat - REF 87602141,Fundraiser 5939,48183,Charity & Donations
POS Transaction - Karachi - REF 13023479,Marketplace 971,6608,Car Maintenance
Metro Ticket - Islamabad - REF 73906780,Auto Service 3230,22679,Transportation
Gas Bill Payment - SNGPL - REF 48627948,Generic Store 562,8296,Electricity / Water / Gas
Cinema Ticket - Nueplex - Hyderabad,Cinema 6659,3112,Entertainment & Recreation
Subscription Payment - YouTube Premium - REF 10922338,Generic Store 158,42529,Subscriptions (Streaming / Apps)
KFC - G-9 Karachi,Local Shop 944,4794,Coffee & Snacks
Traffic Fine - REF 49252080,Legal Service 8731,43305,Government & Legal
Lab Test Payment - Sialkot - REF 10060691,Diagnostic Lab 7745,18863,Healthcare & Medical
Bonus Credit - REF 38905207,Merchant Refund 7040,4323,Income
Cinema Ticket - Cinepax - Quetta,Cinema 4167,3904,Entertainment & Recreation
Restaurant Payment - Saddar Peshawar - REF 56787948,Restaurant 7603,9912,Food & Dining
PUR/Google One 5 New Street Square London EC4A 3TW GB GBR,Google One,491.01,Subscriptions
Metro Ticket - Islamabad - REF 45711391,Petrol Pump 7823,11347,Transportation
POS Transaction - Rawalpindi - REF 65241863,Bank 8933,1252,Financial Services
App Store Subscription - REF 63668394,Marketplace 815,6943,Subscriptions (Streaming / Apps)
POS Purchase - Metro - Quetta,Retail Store 3436,15166,Shopping & Retail
Donation - Saylani - REF 58010801,Charity 5255,10423,Charity & Donations
Charity Payment - Akhuwat - REF 72271618,Charity 1882,37669,Charity & Donations
OGT/984dbe02-1b34-4154- 83c1-2c51392b PK,External Transfer,660,Transfers
Insurance Premium - Adamjee - REF 55399203,Generic Store 754,30876,Insurance
KFC - F-10 Hyderabad,Grocery Store 9288,2098,Food & Dining
ICT/e898b64a-7911-48c3- 9166-2e946ec7 PK,External Transfer,450,Transfers
POS Transaction - Rawalpindi - REF 48268318,Bank 9916,1076,Financial Services
Hospital Charges - Shaukat Khanum - REF 32916660,Diagnostic Lab 2375,21109,Healthcare & Medical
Internet Bill - Nayatel - REF 33599161,Online Merchant 996,13714,Electricity / Water / Gas
Bonus Credit - REF 12675108,Merchant Refund 1223,10083,Income
Online Entertainment - Google Play - REF 63057286,Online Merchant 479,49825,Entertainment (Movies / Games / Events)
Gift Purchase - Faisalabad - REF 79063939,Generic Store 414,13719,Gifts & Celebrations
Toll Payment - M-2 - REF 76778178,Transit 6747,428,Transportation
Investment - Stocks - REF 64634378,Marketplace 352,23682,Savings / Investments
Traffic Fine - REF 12738315,Government 9655,5406,Government & Legal
OGT/fb65c535-f3b9-491f- a1a3-0b81ffc3 PK,External Transfer,1000,Transfers
Investment - Stocks - REF 16624289,Online Merchant 890,25676,Savings / Investments
Fuel Purchase - Total Parco - Lahore,Ride-hailing 8105,3876,Transportation
Tea & Snacks - I-8 Karachi,Restaurant 4299,8782,Food & Dining
OGT/9fd165db-36b2-4cdc- 996e-41d9fbc9 PK,External Transfer,50,Transfers
Freelance Payment - Fiverr - REF 32281291,Employer Bonus 7822,20696,Income
ICT/3e32430b-8ca1-4b52- ad8c-b095eb20 PK,External Transfer,80,Transfers
POS Purchase - Metro - Islamabad,Online Merchant 915,22455,Shopping (Clothes / Electronics)
OGT/1a04b2ea-f30d-4c53- bd84-b67b4063 PK,External Transfer,500,Transfers
Online Entertainment - Google Play - REF 21928272,Cinema 9739,4939,Entertainment & Recreation
POS Transaction - Sialkot - REF 57250762,Loan Provider 5424,15472,Financial Services
ICT/1c28599a-81d3-4444- 8c34-218ab9c5 PK,External Transfer,500,Transfers
Recreation Expense - Clifton Peshawar - REF 96481727,Gym 6458,4168,Entertainment & Recreation
POS Transaction - Hyderabad - REF 52520342,Bank 6872,1182,Financial Services
OGT/ab770017-a422-405c- a4ee-25eef411 PK,External Transfer,2020,Transfers
Tea & Snacks - Saddar Peshawar,Cafe 6151,278,Food & Dining
Jazz Prepaid Load - 03418906040,ISP 7627,11728,Utilities & Services
Recreation Expense - Gulshan Hyderabad - REF 77657302,Streaming Service 5522,2299,Entertainment & Recreation
Internet Bill - PTCL - REF 16483865,Water Utility 6492,4619,Utilities & Services
Zakat Payment - REF 60812975,Charity 7399,75463,Charity & Donations
RAAST P2P EHTISHAM JAMEEL,Ehtisham Jameel,500,Transfers
Salary Credit - Company Payroll - REF 23016383,Employer Bonus 9628,96195,Income
POS Purchase - Metro - Hyderabad,Local Shop 428,17699,Shopping (Clothes / Electronics)
Hospital Charges - Shaukat Khanum - REF 35033563,Service Provider 197,20724,Medical / Pharmacy
OGT/f5d37bba-bee2-4d6f- b4d0-806fb42c PK,External Transfer,200,Transfers
Zakat Payment - REF 30859849,Charity 6136,5724,Charity & Donations
Tea & Snacks - G-9 Hyderabad,Generic Store 794,42321,Groceries
POS Transaction - Rawalpindi - REF 56523844,Broker 2355,87905,Financial Services
POS Transaction - Islamabad - REF 86824772,Bank 3458,254,Financial Services
Bill Payment - REF 53902422,Online Merchant 838,3009,Housing / Rent
POS Purchase - Imtiaz - Faisalabad,Electronics Store 1215,8861,Shopping & Retail
Store Purchase - Johar Town Islamabad - REF 71137197,Clothing Store 6640,9661,Shopping & Retail
Toll Payment - M-2 - REF 46258795,Ride-hailing 5252,2554,Transportation
Passport Fee - REF 43007000,Legal Service 3612,28908,Government & Legal
POS Purchase - Carrefour - Quetta,E-commerce 4246,13949,Shopping & Retail
Hospital Charges - Liaquat National - REF 34916961,Hospital 1149,74085,Healthcare & Medical
Charity Payment - Alkhidmat - REF 54652503,Fundraiser 4881,14007,Charity & Donations
Tea & Snacks - Defence Sialkot,Grocery Store 1437,7343,Food & Dining
Raast Payment - PK32JCMA0010103105452638,Pk32Jcma0010103105452638,20,Transfers
ICT/b11c4e3d-47e8-4db8- b08d-69ddedaa PK,External Transfer,620,Transfers
POS Purchase - Khaadi - Karachi,E-commerce 2939,21438,Shopping & Retail
Zakat Payment - REF 86460968,Charity 4896,19098,Charity & Donations
Lab Test Payment - Rawalpindi - REF 63996180,Hospital 2070,77024,Healthcare & Medical
POS Purchase - Metro - Rawalpindi,Clothing Store 4665,12552,Shopping & Retail
Restaurant Payment - F-10 Hyderabad - REF 34116014,Marketplace 796,10492,Groceries
ICT/adb313e1-7b3d-4221- 900e-8b07f38b PK,External Transfer,9165,Transfers
Online Order - PriceOye - REF 61348194,Retail Store 7210,8842,Shopping & Retail
Clinic Fee - Usman Ghani - Karachi,Diagnostic Lab 2385,23691,Healthcare & Medical
Restaurant Payment - Johar Town Rawalpindi - REF 67351045,Marketplace 101,16144,Coffee & Snacks
Electronics Purchase - Haier - Peshawar,Clothing Store 2704,19887,Shopping & Retail
Bus Ticket - Faisalabad - REF 78381444,Ride-hailing 8686,3446,Transportation
KFC - F-10 Peshawar,Generic Store 332,1338,Restaurants / Eating Out
Tea & Snacks - Defence Multan,Restaurant 5867,6186,Food & Dining
Restaurant Payment - F-10 Sialkot - REF 24200033,Restaurant 9163,3156,Food & Dining
Mobile Topup - Jazz - 03393716747,Water Utility 8706,6565,Utilities & Services
Donation - Edhi Foundation - REF 28753850,Charity 4387,35976,Charity & Donations
Online Entertainment - Steam - REF 39730651,Cinema 1795,2419,Entertainment & Recreation
OGT/49f1f0f5-6def-43c7- 8681-2bf69cf6 PK,External Transfer,399,Transfers
Clinic Fee - Usman Ghani - Quetta,Pharmacy 3739,7542,Healthcare & Medical
Freelance Payment - Fiverr - REF 57834843,Merchant Refund 4333,18130,Income
OGT/e9f9aef2-c45f-4920- aea4-941ddc70 PK,External Transfer,200,Transfers
Cinema Ticket - Nueplex - Sialkot,Cinema 7873,1461,Entertainment & Recreation
Money Transfer - MUHAMMAD JASEEM MUSSA - 03186060442,Muhammad Jaseem Mussa,350,Transfers
POS Transaction - Sialkot - REF 98387036,Broker 2995,37256,Financial Services
Mobile Topup - Ufone - 03053586627,Water Utility 6241,6496,Utilities & Services
ICT/9d987ffc-851d-4871- 9598-cffcedab PK,External Transfer,7000,Transfers
Store Purchase - F-10 Faisalabad - REF 43878568,Local Shop 749,41004,Shopping (Clothes / Electronics)
Traffic Fine - REF 94669531,Government 3694,14315,Government & Legal
POS Transaction - Peshawar - REF 33799023,Local Shop 369,46055,Car Maintenance
Pharmacy Payment - Servaid - Multan,Clinic 6576,6316,Healthcare & Medical
Fuel Purchase - PSO - Multan,Ride-hailing 7264,1436,Transportation
Telenor Prepaid Load - 03257428997,Electric Company 3485,24029,Utilities & Services
OGT/eb59757f-c270-4d49- b487-52214dff PK,External Transfer,170,Transfers
Lab Test Payment - Quetta - REF 78612029,Service Provider 375,18748,Medical / Pharmacy
OGT/a8570822-7156-4490- b7ba-5c3e0d23 PK,External Transfer,1900,Transfers
OGT/c1739cdc-5f48-4fb0- 896f-71a9e9ed PK,External Transfer,700,Transfers
POS Transaction - Islamabad - REF 86149218,Broker 4312,161818,Financial Services
RAAST P2P USMAN GHANI,Usman Ghani,12000,Transfers
OGT/dca1f71b-1651-4766- 97d3-50dceb54 PK,External Transfer,60,Transfers
Bank Credit - HBL - REF 38522876,Merchant Refund 2257,1410,Income
Zakat Payment - REF 53551387,Fundraiser 3470,6146,Charity & Donations
Zakat Payment - REF 65299914,Charity 5459,43261,Charity & Donations
Careem Ride - Karachi,Petrol Pump 2033,2414,Transportation
Freelance Payment - Fiverr - REF 63165714,Employer Payroll 8500,50530,Income
CWD/JINNAH RD. ABBOTABAD JINNAH RD. ABBOTABAD,Jinnah Rd. Abbotabad Jinnah Rd. Abbotabad,3023.44,Cash Withdrawal
Online Entertainment - Steam - REF 48138072,Streaming Service 5505,375,Entertainment & Recreation
Lab Test Payment - Peshawar - REF 58804623,Pharmacy 9840,4989,Healthcare & Medical
Rent Payment - Bilal Ahmed - Karachi,Service Provider 672,7073,Housing / Rent
POS Transaction - Rawalpindi - REF 81570272,Loan Provider 2556,36099,Financial Services
Donation - Edhi Foundation - REF 63548847,Fundraiser 6691,23868,Charity & Donations
Travel Booking - SereneAir - REF 75982052,Service Provider 944,16222,Travel (Flights / Hotels)
Restaurant Payment - DHA Sialkot - REF 21999949,Marketplace 577,25898,Restaurants / Eating Out
Freelance Payment - Fiverr - REF 58483723,Merchant Refund 3434,12763,Income
Restaurant Payment - DHA Faisalabad - REF 77364350,Restaurant 9901,11069,Food & Dining
Toll Payment - M-2 - REF 74918269,Auto Service 7396,9110,Transportation
Tea & Snacks - Johar Town Karachi,Cafe 5572,300,Food & Dining
POS Purchase - Metro - Rawalpindi,Clothing Store 9424,16775,Shopping & Retail
OPTp - G-9 Quetta,Grocery Store 7326,2720,Food & Dining
Investment - Stocks - REF 78561731,Online Merchant 518,2072,Savings / Investments
Fuel Purchase - Total Parco - Karachi,Local Shop 982,964,Public Transport
Restaurant Payment - DHA Quetta - REF 21913012,Delivery Service 2464,2910,Food & Dining
Ufone Prepaid Load - 03324528131,ISP 8638,822,Utilities & Services
POS Transaction - Rawalpindi - REF 98412835,Broker 5447,27906,Financial Services
Recreation Expense - Johar Town Faisalabad - REF 66046764,Gym 4835,11751,Entertainment & Recreation
OGT/2ed6a23c-ae6c-40df- 939d-25b4c959 PK,External Transfer,150,Transfers
Ufone Prepaid Load - 03355859579,Electric Company 1165,9297,Utilities & Services
POS Transaction - Hyderabad - REF 72669160,Bank 3130,810,Financial Services
ICT/72fb1617-a19f-428e- 937f-f109385d PK,External Transfer,500,Transfers
Grocery Purchase - Metro - Karachi,Marketplace 295,47462,Groceries
POS Transaction - Islamabad - REF 39417215,Loan Provider 6042,57416,Financial Services
Metro Ticket - Lahore - REF 59622830,Ride-hailing 4749,6816,Transportation
Zong Prepaid Load - 03257954890,Electric Company 7567,24829,Utilities & Services
Grocery Purchase - Al-Fatah - Islamabad,Restaurant 6571,6539,Food & Dining
RAAST P2P MUHAMMAD KASHIF,Muhammad Kashif,50,Transfers
Store Purchase - F-10 Hyderabad - REF 56773069,Retail Store 4130,2813,Shopping & Retail
Investment - Mutual Fund - REF 80810449,Generic Store 635,23752,Savings / Investments
ICT/576aeed0-d34a-483f- 8fb6-76da3a94 PK,External Transfer,90,Transfers
Restaurant Payment - I-8 Karachi - REF 28617805,Grocery Store 5297,13210,Food & Dining
Monthly Subscription - Foodpanda Pro - REF 89550552,Local Shop 367,47717,Subscriptions (Streaming / Apps)
Store Purchase - I-8 Hyderabad - REF 33227053,Service Provider 898,42623,Shopping (Clothes / Electronics)
Gift Purchase - Lahore - REF 36625453,Online Merchant 492,42448,Gifts & Celebrations
Bus Ticket - Multan - REF 76187280,Service Provider 346,6016,Ride Sharing / Taxi
Gas Bill Payment - SNGPL - REF 21321772,Service Provider 605,21062,Mobile & Internet
Passport Fee - REF 93768740,Government 8234,22384,Government & Legal
Raast Payment - PK30NBPA2239004139737101,Pk30Nbpa2239004139737101,230,Transfers
Bonus Credit - REF 34201193,Employer Bonus 9878,66932,Income
Charity Payment - Akhuwat - REF 36963846,Fundraiser 2557,29838,Charity & Donations
Donation - Edhi Foundation - REF 47155312,Charity 7847,163949,Charity & Donations
Subscription Payment - YouTube Premium - REF 89757649,Local Shop 386,22358,Subscriptions (Streaming / Apps)
OGT/5a3872c6-db5c-4229- a300-947f893f PK,External Transfer,2680,Transfers
OGT/91fb4910-da9d-449c- a0a1-80799cac PK,External Transfer,500,Transfers
Tea & Snacks - Bahria Town Hyderabad,Delivery Service 2737,602,Food & Dining
Clinic Fee - Ahmed Ali - Islamabad,Pharmacy 8525,7819,Healthcare & Medical
Cinema Ticket - Cinepax - Karachi,Ticketing 8964,7384,Entertainment & Recreation
App Store Subscription - REF 23118099,Service Provider 431,6543,Subscriptions (Streaming / Apps)
POS Transaction - Quetta - REF 33136595,Bank 1646,258,Financial Services
Tax Payment - FBR - REF 39519392,Government 3436,14446,Government & Legal
Store Purchase - G-9 Sialkot - REF 27456236,E-commerce 9779,38134,Shopping & Retail
Hospital Charges - Aga Khan - REF 88904904,Diagnostic Lab 7071,7603,Healthcare & Medical
Zakat Payment - REF 62875485,Fundraiser 3428,25316,Charity & Donations
POS Purchase - Khaadi - Peshawar,Online Merchant 962,31621,Home Supplies / Household Items
OPTp - Saddar Islamabad,Marketplace 544,336,Coffee & Snacks
OGT/7a6b9ff5-e1b4-4cc6- ba70-16622733 PK,External Transfer,200,Transfers
Donation - Edhi Foundation - REF 59776778,Charity 9532,153983,Charity & Donations
Bonus Credit - REF 87093852,Client Payment 4577,11065,Income
Gift Purchase - Karachi - REF 42771913,Online Merchant 132,33039,Gifts & Celebrations
CWD/PAK AUSTRIA PAK AUSTRIA HARIPUR PK,Pak Austria Pak Austria Haripur Pk,3023.44,Cash Withdrawal
Tax Payment - FBR - REF 99118430,Legal Service 4562,55380,Government & Legal
Cinema Ticket - Cinepax - Faisalabad,Online Merchant 520,27053,Entertainment (Movies / Games / Events)
Challan Payment - REF 49529684,Government 5590,11925,Government & Legal
Internet Bill - Nayatel - REF 79077122,Electric Company 3975,10890,Utilities & Services
POS Transaction - Karachi - REF 31474131,Bank 8376,1612,Financial Services
Metro Ticket - Lahore - REF 88467717,Auto Service 7226,4289,Transportation
Online Entertainment - PSN - REF 66584597,Streaming Service 6382,1090,Entertainment & Recreation
Store Purchase - I-8 Faisalabad - REF 73018730,Clothing Store 3460,10032,Shopping & Retail
K-Electric Bill Payment - REF 88865906,Water Utility 5707,2754,Utilities & Services
Money Transfer - ABDUR RASHEED - 03345005977,Abdur Rasheed,500,Transfers
Challan Payment - REF 65143594,Government 5596,40276,Government & Legal
Fuel Purchase - Total Parco - Quetta,Generic Store 564,5387,Fuel / Gas
Mobile Topup - Jazz - 03382973060,ISP 6243,7825,Utilities & Services
POS Transaction - Karachi - REF 98746919,Marketplace 757,26051,Car Maintenance
Nayatel Bill Payment - REF 19091417,ISP 6417,9810,Utilities & Services
POS Transaction - Faisalabad - REF 67166966,Local Shop 938,16189,Car Maintenance
Pharmacy Payment - Imtiaz Pharmacy - Hyderabad,Pharmacy 7102,907,Healthcare & Medical
POS Transaction - Multan - REF 41143590,Loan Provider 7719,10117,Financial Services
Clinic Fee - Ali Raza - Rawalpindi,Clinic 7770,5246,Healthcare & Medical
Cheetay Order - Multan,Cafe 8956,446,Food & Dining
Tea & Snacks - Bahria Town Multan,Service Provider 917,49234,Coffee & Snacks
Lab Test Payment - Sialkot - REF 98276221,Hospital 9036,19313,Healthcare & Medical
POS Purchase - Metro - Sialkot,Clothing Store 3963,19437,Shopping & Retail
Jazz Prepaid Load - 03339646097,Service Provider 403,454,Electricity / Water / Gas
POS Transaction - Karachi - REF 67934250,Broker 8729,160410,Financial Services
OGT/39a626bd-7e8c-4ef5- 829a-94e2d5c5 PK,External Transfer,50,Transfers
Store Purchase - G-9 Quetta - REF 61374769,Online Merchant 822,3014,Home Supplies / Household Items
ICT/f376b66c-426a-443e- be41-37cdf443 PK,External Transfer,2000,Transfers
Electronics Purchase - Haier - Karachi,Service Provider 517,13975,Shopping (Clothes / Electronics)
IESCO Bill Payment - REF 24529776,Marketplace 833,49550,Mobile & Internet
Online Order - PriceOye - REF 41830110,Clothing Store 2587,4951,Shopping & Retail
Jazz Prepaid Load - 03223593711,Telecom 7636,4994,Utilities & Services
Bank Credit - Faysal Bank - REF 77774876,Client Payment 8708,39740,Income
Careem Ride - Peshawar,Ride-hailing 3800,6375,Transportation
Cinema Ticket - Cinepax - Rawalpindi,Streaming Service 8698,1416,Entertainment & Recreation
Tax Payment - FBR - REF 13164231,Government 7355,201799,Government & Legal
Online Order - Telemart - REF 39966864,Marketplace 484,4030,Home Supplies / Household Items
Bank Credit - MCB - REF 47560299,Merchant Refund 6671,13737,Income
Toll Payment - M-2 - REF 80976874,Auto Service 4192,13074,Transportation
Traffic Fine - REF 92916230,Government 9331,161042,Government & Legal
POS Transaction - Multan - REF 45470356,Bank 8266,1388,Financial Services
ICT/0e861212-5737-49e0- 8166-614f4da4 PK,External Transfer,500,Transfers
POS Transaction - Hyderabad - REF 88019979,Bank 8937,1156,Financial Services
Gift Purchase - Hyderabad - REF 12619814,Online Merchant 929,32212,Gifts & Celebrations
Electronics Purchase - Haier - Peshawar,Clothing Store 6904,12092,Shopping & Retail
ICT/becba9b2-bb19-428a- 995c-346a1d96 PK,External Transfer,320,Transfers
Restaurant Payment - Bahria Town Faisalabad - REF 17090556,Service Provider 760,29801,Restaurants / Eating Out
Online Order - Telemart - REF 49558042,Electronics Store 1871,23102,Shopping & Retail
App Store Subscription - REF 54665584,Local Shop 597,20741,Subscriptions (Streaming / Apps)
RAAST P2P EMAN FATIMA,Eman Fatima,5000,Transfers
Clinic Fee - Sufyan Humam - Sialkot,Clinic 8176,7090,Healthcare & Medical
Online Entertainment - PSN - REF 53687942,Generic Store 937,22589,Entertainment (Movies / Games / Events)
Electronics Purchase - Haier - Sialkot,E-commerce 2696,23097,Shopping & Retail
Zakat Payment - REF 46902063,Charity 6607,173764,Charity & Donations
Charity Payment - Akhuwat - REF 35087496,Fundraiser 2141,35413,Charity & Donations
POS Transaction - Hyderabad - REF 11765507,Bank 8187,1849,Financial Services
POS Purchase - Carrefour - Sialkot,Electronics Store 1996,68024,Shopping & Retail
OGT/1ad1c9b8-4a9e-4f2a- 82bf-68cf1688 PK,External Transfer,60,Transfers
Store Purchase - F-10 Multan - REF 23750710,Retail Store 2037,1302,Shopping & Retail
Donation - Edhi Foundation - REF 50479960,Fundraiser 6874,21953,Charity & Donations
Tax Payment - FBR - REF 63765656,Government 5172,263720,Government & Legal
Store Purchase - G-9 Islamabad - REF 72708526,Retail Store 4586,1504,Shopping & Retail
RAAST P2P MUHAMMAD ALI KHA,Muhammad Ali Kha,1500,Transfers
Online Order - PriceOye - REF 80288278,E-commerce 9952,11293,Shopping & Retail
Investment - Stocks - REF 62696076,Service Provider 243,3306,Savings / Investments
OGT/ba7a75e4-4694-43d6- b692-eacfc868 PK,External Transfer,300,Transfers
Tuition Fee - NUST - REF 57065996,Service Provider 709,5858,Education / Tuition
POS Transaction - Faisalabad - REF 91173662,Generic Store 372,46255,Car Maintenance
Bus Ticket - Hyderabad - REF 63784074,Auto Service 7462,48435,Transportation
Tea & Snacks - F-10 Quetta,Online Merchant 389,29913,Coffee & Snacks
Cheetay Order - Hyderabad,Marketplace 532,38537,Groceries
POS Transaction - Faisalabad - REF 98181474,Bank 6684,1277,Financial Services
Clinic Fee - Bilal Ahmed - Sialkot,Hospital 9134,62737,Healthcare & Medical
Online Entertainment - Steam - REF 46042248,Local Shop 817,29820,Entertainment (Movies / Games / Events)
Donation - Saylani - REF 94359610,Charity 4162,11104,Charity & Donations
Recreation Expense - G-9 Lahore - REF 71438282,Gym 4407,13775,Entertainment & Recreation
Online Entertainment - Steam - REF 10470569,Streaming Service 9362,483,Entertainment & Recreation
Travel Booking - Airblue - REF 85603870,Online Merchant 770,28834,Travel (Flights / Hotels)
POS Transaction - Islamabad - REF 84580785,Generic Store 331,4841,Car Maintenance
Gas Bill Payment - SNGPL - REF 85853309,Online Merchant 418,30583,Electricity / Water / Gas
Passport Fee - REF 87428352,Legal Service 8824,56940,Government & Legal
Fuel Purchase - PSO - Karachi,Transit 6032,416,Transportation
Careem Ride - Faisalabad,Auto Service 7046,22834,Transportation
Tea & Snacks - G-9 Rawalpindi,Local Shop 609,464,Restaurants / Eating Out
POS Transaction - Karachi - REF 16842515,Bank 9385,1189,Financial Services
Hospital Charges - Aga Khan - REF 96553104,Hospital 8617,15871,Healthcare & Medical
Bonus Credit - REF 23797615,Client Payment 3230,44826,Income
Telenor Prepaid Load - 03328166105,ISP 5021,11394,Utilities & Services
Mobile Topup - Ufone - 03220215542,Water Utility 1856,1697,Utilities & Services
Internet Bill - Nayatel - REF 33922765,Telecom 9309,1291,Utilities & Services
Insurance Premium - Adamjee - REF 57051677,Generic Store 461,9705,Insurance
Toll Payment - M-2 - REF 13564367,Ride-hailing 6306,1269,Transportation
Water Bill - WASA - REF 25155974,Water Utility 3075,1784,Utilities & Services
Online Entertainment - PSN - REF 18861259,Service Provider 117,49455,Entertainment (Movies / Games / Events)
Zakat Payment - REF 62618662,Charity 4345,104800,Charity & Donations
Bonus Credit - REF 41278092,Employer Payroll 8217,100553,Income
Salary Credit - Company Payroll - REF 48141788,Merchant Refund 8155,19934,Income
Mobile Topup - Telenor - 03148565378,Telecom 4134,2317,Utilities & Services
Mobile Topup - Zong - 03120426245,Telecom 5525,1612,Utilities & Services
Grocery Purchase - Al-Fatah - Islamabad,Delivery Service 1926,4514,Food & Dining
Gas Bill Payment - SSGC - REF 85639547,Online Merchant 690,658,Mobile & Internet
Traffic Fine - REF 39205848,Legal Service 1279,55968,Government & Legal
Foodpanda Order - Quetta,Delivery Service 5574,2931,Food & Dining
Bus Ticket - Peshawar - REF 31503160,Service Provider 773,13959,Fuel / Gas
Lab Test Payment - Karachi - REF 59924300,Clinic 1020,11433,Healthcare & Medical
Pharmacy Payment - D.Watson - Islamabad,Marketplace 409,15804,Medical / Pharmacy
Bus Ticket - Islamabad - REF 48623857,Auto Service 5350,9389,Transportation
Lab Test Payment - Sialkot - REF 53351999,Marketplace 898,37450,Medical / Pharmacy
Bonus Credit - REF 32273667,Employer Bonus 2502,35515,Income
Recreation Expense - F-10 Hyderabad - REF 36726804,Cinema 3371,2052,Entertainment & Recreation
Water Bill - WASA - REF 38253797,ISP 1244,6411,Utilities & Services
Clinic Fee - Hassan Khan - Karachi,Marketplace 404,17150,Medical / Pharmacy
OGT/9ba745be-f44c-4ac5- bd9d-c600e5cd PK,External Transfer,500,Transfers
Charity Payment - Alkhidmat - REF 93669787,Fundraiser 4733,20861,Charity & Donations
Raast Payment - PK33SADA0000003469900986,Pk33Sada0000003469900986,580,Transfers
Mobile Topup - Zong - 03398630158,ISP 8089,7990,Utilities & Services
Bonus Credit - REF 17402924,Employer Bonus 6363,20767,Income
Cinema Ticket - Nueplex - Peshawar,Gym 2573,14580,Entertainment & Recreation
Toll Payment - M-2 - REF 43088572,Local Shop 297,45901,Ride Sharing / Taxi
Online Entertainment - Google Play - REF 14831050,Gym 5108,5701,Entertainment & Recreation
Passport Fee - REF 30761592,Legal Service 8658,67794,Government & Legal
Freelance Payment - Upwork - REF 22425334,Employer Payroll 5703,179441,Income
Salary Credit - Company Payroll - REF 31530025,Client Payment 1760,48559,Income
Grocery Purchase - Imtiaz - Lahore,Delivery Service 1110,3404,Food & Dining
POS Purchase - Imtiaz - Hyderabad,Electronics Store 9644,111662,Shopping & Retail
Water Bill - WASA - REF 56238466,Electric Company 8444,13434,Utilities & Services
Online Order - PriceOye - REF 98610413,Marketplace 969,24270,Shopping (Clothes / Electronics)
inDrive Ride - Multan,Transit 3593,224,Transportation
Gift Purchase - Multan - REF 65268307,Marketplace 923,20445,Gifts & Celebrations
Metro Ticket - Islamabad - REF 34179043,Online Merchant 992,36517,Ride Sharing / Taxi
Grocery Purchase - Imtiaz - Hyderabad,Local Shop 930,25777,Coffee & Snacks
Electronics Purchase - PriceOye - Hyderabad,Retail Store 2145,7834,Shopping & Retail
Passport Fee - REF 46678030,Government 2290,21578,Government & Legal
Cheetay Order - Islamabad,Service Provider 355,38921,Groceries
OGT/50378fae-402d-4c96- a042-a8f1239d PK,External Transfer,600,Transfers
Tax Payment - FBR - REF 79124412,Government 6165,21199,Government & Legal
Gift Purchase - Lahore - REF 41809598,Generic Store 631,5801,Gifts & Celebrations
ICT/5de41d32-0c93-44fc- 924e-7ce5f6c3 PK,External Transfer,3500,Transfers
Clinic Fee - Aslam - Faisalabad,Online Merchant 351,21343,Medical / Pharmacy
OGT/82e08d86-acf4-4e2e- 88c8-2ef109bc PK,External Transfer,47,Transfers
Tax Payment - FBR - REF 31600014,Government 2150,26480,Government & Legal
Tax Payment - FBR - REF 36214987,Government 8643,4504,Government & Legal
Cinema Ticket - Nueplex - Islamabad,Cinema 3356,3574,Entertainment & Recreation
Insurance Premium - EFU - REF 22472975,Online Merchant 880,41639,Insurance
DARAZ.PK KARACHI PAK,Daraz,380,Shopping
Insurance Premium - EFU - REF 43514357,Local Shop 987,40043,Insurance
Freelance Payment - Upwork - REF 98648389,Merchant Refund 2571,4057,Income
WASA Bill Payment - REF 96624373,Electric Company 4706,4538,Utilities & Services
OGT/9e36a765-e835-4eb1- a1a6-6a9d02e3 PK,External Transfer,2000,Transfers
Bus Ticket - Sialkot - REF 10624011,Online Merchant 951,35753,Fuel / Gas
Charity Payment - Akhuwat - REF 81689469,Charity 7226,38113,Charity & Donations
Gift Purchase - Sialkot - REF 65707467,Service Provider 823,12594,Gifts & Celebrations
Raast Payment - YAHYA KHAN - SBP Raast,Yahya Khan,3950,Transfers
ICT/0ee8d703-549f-4572- 808d-6e9cb33e PK,External Transfer,6000,Transfers
Foodpanda Order - Multan,Marketplace 127,19068,Coffee & Snacks
Donation - Edhi Foundation - REF 27712998,Charity 3070,19198,Charity & Donations
Tea & Snacks - G-9 Faisalabad,Grocery Store 3902,3589,Food & Dining
Passport Fee - REF 27026873,Government 4944,71973,Government & Legal
Traffic Fine - REF 31088369,Legal Service 8949,74679,Government & Legal
Money Transfer - ABDUL QAYYUM - 03121729349,Abdul Qayyum,360,Transfers
Tuition Fee - FAST - REF 59539814,Online Merchant 701,12141,Education / Tuition
Cinema Ticket - Nueplex - Lahore,Ticketing 5340,5515,Entertainment & Recreation
Challan Payment - REF 29625371,Government 6401,71572,Government & Legal
Bill Payment - REF 32526078,Online Merchant 607,33523,Housing / Rent
OGT/bf6091aa-4f2f-44e7- 921c-1ba0ed7e PK,External Transfer,170,Transfers
Internet Bill - StormFiber - REF 90998785,Telecom 7199,2317,Utilities & Services
POS Purchase - Gul Ahmed - Peshawar,Retail Store 4523,4139,Shopping & Retail
Ufone Prepaid Load - 03131092425,ISP 2917,12696,Utilities & Services
Clinic Fee - Muhammad Usman - Sialkot,Online Merchant 573,8226,Medical / Pharmacy
Gas Bill Payment - SSGC - REF 60326120,Generic Store 133,25410,Electricity / Water / Gas
Netflix.com Los Gatos SGP,Netflix,268.47,Subscriptions
POS Transaction - Hyderabad - REF 17969602,Broker 2905,128844,Financial Services
POS Transaction - Karachi - REF 61937705,Generic Store 695,37014,Car Maintenance
POS Transaction - Quetta - REF 88715106,Marketplace 965,25704,Car Maintenance
POS Transaction - Faisalabad - REF 15960866,Broker 4232,169021,Financial Services
KFC - DHA Islamabad,Cafe 1381,155,Food & Dining
Grocery Purchase - Imtiaz - Hyderabad,Marketplace 101,14234,Restaurants / Eating Out
Electronics Purchase - Haier - Faisalabad,E-commerce 6559,34562,Shopping & Retail
Grocery Purchase - Al-Fatah - Rawalpindi,Service Provider 386,47771,Restaurants / Eating Out
Careem Ride - Lahore,Transit 2205,499,Transportation
OGT/d350d630-12b5-4eef- a438-8e687f49 PK,External Transfer,370,Transfers
POS Purchase - Khaadi - Multan,Marketplace 696,24217,Home Supplies / Household Items
ICT/e9cf9cb9-2278-4137- bea5-aea5594f PK,External Transfer,160,Transfers
Gas Bill Payment - SSGC - REF 87017792,Local Shop 286,45670,Mobile & Internet
OPTp - Clifton Multan,Cafe 3742,276,Food & Dining
inDrive Ride - Peshawar,Marketplace 613,8468,Fuel / Gas
Tax Payment - FBR - REF 60418003,Government 5484,46976,Government & Legal
Travel Booking - SereneAir - REF 62217391,Marketplace 933,14022,Travel (Flights / Hotels)
OGT/9254a8c5-9c40-4e0d- 91a7-4bc63ebe PK,External Transfer,5000,Transfers
Tea & Snacks - Saddar Lahore,Restaurant 5782,10222,Food & Dining
Donation - Shaukat Khanum - REF 21474033,Charity 9002,15941,Charity & Donations
Raast Payment - PK37SADA0000003409095882,Pk37Sada0000003409095882,100,Transfers
Online Entertainment - Steam - REF 14568564,Cinema 6223,4211,Entertainment & Recreation
Challan Payment - REF 15258543,Government 3196,26746,Government & Legal
SNGPL Bill Payment - REF 36141065,Electric Company 9864,11500,Utilities & Services
Electronics Purchase - Haier - Rawalpindi,Clothing Store 9603,2943,Shopping & Retail
Water Bill - WASA - REF 37095551,Service Provider 952,12513,Electricity / Water / Gas
RAAST P2P MUHAMMAD ASLAM,Muhammad Aslam,80,Transfers
Metro Ticket - Lahore - REF 84727471,Petrol Pump 5889,1519,Transportation
Lab Test Payment - Hyderabad - REF 84481984,Hospital 8163,4743,Healthcare & Medical
OGT/7983444a-d203-4bc9- b513-e8394e0c PK,External Transfer,400,Transfers
Charity Payment - Alkhidmat - REF 26340093,Charity 2382,46510,Charity & Donations
Bykea Ride - Rawalpindi,Auto Service 1363,2829,Transportation
inDrive Ride - Faisalabad,Marketplace 301,20203,Ride Sharing / Taxi
DARAZ.PK KARACHI PAK,Daraz,1228,Shopping
Tea & Snacks - Johar Town Islamabad,Restaurant 7955,10792,Food & Dining
Bus Ticket - Rawalpindi - REF 44415665,Marketplace 127,29507,Public Transport
OGT/b81bc81a-2c43-4969- 99a3-2c83993e PK,External Transfer,1600,Transfers
POS Transaction - Sialkot - REF 55631057,Local Shop 475,31944,Car Maintenance
ICT/3f2c178c-79cb-4b30- a915-b4ac97e1 PK,External Transfer,200,Transfers
ICT/98b7e83f-5c58-4bf4- b97b-e0af6da8 PK,External Transfer,300,Transfers
ICT/09ef1002-ce70-42b1- 954b-35ed9e34 PK,External Transfer,30,Transfers
POS Transaction - Quetta - REF 87530138,Generic Store 473,23817,Car Maintenance
Bonus Credit - REF 69148658,Merchant Refund 8025,5687,Income
Telenor Prepaid Load - 03395621427,Local Shop 829,1782,Electricity / Water / Gas
Tea & Snacks - Bahria Town Sialkot,Delivery Service 1763,4172,Food & Dining
ICT/770a80da-9194-491c- 905d-233c1b88 PK,External Transfer,500,Transfers
Fuel Purchase - PSO - Sialkot,Auto Service 8746,14525,Transportation
POS Purchase - Carrefour - Karachi,Online Merchant 289,16773,Shopping (Clothes / Electronics)
Investment - Mutual Fund - REF 96531361,Generic Store 596,14007,Savings / Investments
Metro Ticket - Islamabad - REF 23204507,Marketplace 224,29470,Fuel / Gas
OGT/dba879a4-11bd-4ade- 880c-1955c7ba PK,External Transfer,100,Transfers
Mobile Topup - Ufone - 03094523866,ISP 2381,6618,Utilities & Services
Freelance Payment - Fiverr - REF 50689161,Employer Bonus 8435,39549,Income
Cinema Ticket - Cinepax - Karachi,Streaming Service 5198,1543,Entertainment & Recreation
Bank Credit - Meezan Bank - REF 35606032,Employer Payroll 8014,157460,Income
Challan Payment - REF 45451912,Government 9560,15688,Government & Legal
Gas Bill Payment - SNGPL - REF 41958739,Online Merchant 157,18688,Electricity / Water / Gas
Charity Payment - Akhuwat - REF 13279579,Charity 8978,41728,Charity & Donations
POS Transaction - Lahore - REF 58029887,Bank 7651,1187,Financial Services
POS Purchase - Outfitters - Multan,Online Merchant 389,46267,Shopping (Clothes / Electronics)
Lab Test Payment - Sialkot - REF 26109418,Pharmacy 7237,5428,Healthcare & Medical
Recreation Expense - DHA Multan - REF 58311026,Gym 2115,8748,Entertainment & Recreation
POS Transaction - Faisalabad - REF 46549542,Generic Store 783,48050,Car Maintenance
Hospital Charges - Liaquat National - REF 87768021,Clinic 6496,9486,Healthcare & Medical
Store Purchase - Clifton Islamabad - REF 90375787,Electronics Store 5467,29498,Shopping & Retail
POS Transaction - Peshawar - REF 36194120,Bank 9481,1877,Financial Services
Online Entertainment - Google Play - REF 43530821,Online Merchant 137,41095,Entertainment (Movies / Games / Events)
RAAST P2P MUHAMMAD BILAL,Muhammad Bilal,500,Transfers
Recreation Expense - F-10 Islamabad - REF 89824630,Service Provider 381,41069,Entertainment (Movies / Games / Events)
Zakat Payment - REF 39079295,Charity 5105,5995,Charity & Donations
ICT/16baed98-633b-4265- 8738-e7379f7b PK,External Transfer,500,Transfers
Bus Ticket - Rawalpindi - REF 16530479,Petrol Pump 6265,4488,Transportation
Internet Bill - Nayatel - REF 44077378,Water Utility 5459,6173,Utilities & Services
Hospital Charges - Shaukat Khanum - REF 73026065,Pharmacy 2041,4918,Healthcare & Medical
Travel Booking - PIA - REF 98970119,Marketplace 350,1056,Travel (Flights / Hotels)
Cinema Ticket - Nueplex - Lahore,Cinema 1708,4185,Entertainment & Recreation
Recreation Expense - Johar Town Karachi - REF 48584973,Cinema 1123,2243,Entertainment & Recreation
Investment - Stocks - REF 49532817,Marketplace 268,22383,Savings / Investments
Bonus Credit - REF 73134311,Merchant Refund 8806,19260,Income
Cinema Ticket - Cinepax - Quetta,Ticketing 9084,11246,Entertainment & Recreation
Grocery Purchase - Al-Fatah - Rawalpindi,Local Shop 706,12857,Restaurants / Eating Out
Restaurant Payment - I-8 Quetta - REF 42728684,Restaurant 3798,5266,Food & Dining
Electronics Purchase - Samsung Store - Faisalabad,Local Shop 408,14574,Home Supplies / Household Items
OGT/c78e17f1-31f5-4438- bd70-e5688557 PK,External Transfer,540,Transfers
Passport Fee - REF 47988067,Legal Service 7158,98712,Government & Legal
Bank Credit - Bank Alfalah - REF 65554444,Employer Payroll 5084,90297,Income
Store Purchase - G-9 Sialkot - REF 92958096,Retail Store 8018,11494,Shopping & Retail
OGT/f3d1b4ec-e5a8-4c7f- 9709-20178c04 PK,External Transfer,250,Transfers
Electronics Purchase - PriceOye - Multan,Electronics Store 5345,91943,Shopping & Retail
POS Purchase - Khaadi - Multan,Clothing Store 8803,1079,Shopping & Retail
Store Purchase - Johar Town Hyderabad - REF 76214361,Clothing Store 3886,15603,Shopping & Retail
Restaurant Payment - Bahria Town Faisalabad - REF 35154634,Restaurant 4635,8383,Food & Dining
Gas Bill Payment - SSGC - REF 42644810,Water Utility 5783,9302,Utilities & Services
Charity Payment - Akhuwat - REF 80285014,Charity 3827,35416,Charity & Donations
Tax Payment - FBR - REF 43673967,Government 3371,21317,Government & Legal
ICT/00fffc07-2b75-46a6- 9643-a0aa6925 PK,External Transfer,860,Transfers
Cinema Ticket - Nueplex - Lahore,Streaming Service 8885,1386,Entertainment & Recreation
POS Purchase - Imtiaz - Islamabad,Clothing Store 4528,8912,Shopping & Retail
Water Bill - WASA - REF 48714123,Marketplace 468,32597,Electricity / Water / Gas
Insurance Premium - Jubilee - REF 65349346,Online Merchant 780,10624,Insurance
POS Purchase - Imtiaz - Karachi,Clothing Store 3601,23692,Shopping & Retail
Hardee's - Bahria Town Karachi,Restaurant 7683,1078,Food & Dining
Grocery Purchase - Metro - Multan,Marketplace 688,20900,Restaurants / Eating Out
Pharmacy Payment - Servaid - Sialkot,Diagnostic Lab 7473,20281,Healthcare & Medical
Metro Ticket - Lahore - REF 95702959,Auto Service 5994,13212,Transportation
Bank Credit - MCB - REF 70938598,Employer Payroll 1982,175984,Income
Pharmacy Payment - Servaid - Karachi,Pharmacy 4024,505,Healthcare & Medical
Water Bill - WASA - REF 16087226,Marketplace 781,34223,Mobile & Internet
Investment - Mutual Fund - REF 33965503,Online Merchant 147,12332,Savings / Investments
Tuition Fee - NUST - REF 33395680,Marketplace 392,14332,Education / Tuition
OGT/849bf54d-82ed-45a6- aab5-2dd520d8 PK,External Transfer,120,Transfers
POS Transaction - Hyderabad - REF 80066034,Loan Provider 5587,64754,Financial Services
POS Transaction - Karachi - REF 90442845,Bank 5215,81,Financial Services
Bank Transfer - MUHAMMAD NAVEED - 5010317987400015,Muhammad Naveed,260.99,Transfers
Charity Payment - Alkhidmat - REF 94153140,Charity 3729,903,Charity & Donations
Online Order - Telemart - REF 47053060,E-commerce 3166,11291,Shopping & Retail
CWD/PAK AUSTRIA PAK AUSTRIA HARIPUR PK,Pak Austria Pak Austria Haripur Pk,10023.44,Cash Withdrawal
Salary Credit - Payroll - REF 15214546,Client Payment 4414,37542,Income
OGT/75ad0d6d-c1b2-4e56- 8750-7611b8e7 PK,External Transfer,1740,Transfers
Passport Fee - REF 72462374,Government 2993,867,Government & Legal
Monthly Subscription - Foodpanda Pro - REF 94914809,Local Shop 723,16525,Subscriptions (Streaming / Apps)
Toll Payment - M-2 - REF 51370489,Ride-hailing 5896,5914,Transportation
Clinic Fee - Bilal Ahmed - Sialkot,Diagnostic Lab 3081,4581,Healthcare & Medical
ICT/6aba9987-b201-44fe- 8e07-b7b26620 PK,External Transfer,930,Transfers
Electronics Purchase - Haier - Islamabad,Service Provider 492,14220,Home Supplies / Household Items
Charity Payment - Akhuwat - REF 22470278,Fundraiser 7379,14038,Charity & Donations
Zakat Payment - REF 32067322,Charity 3284,18688,Charity & Donations
Hardee's - Bahria Town Quetta,Cafe 2076,1053,Food & Dining
Money Transfer - EMAN FATIMA - 03332968914,Eman Fatima,10000,Transfers
OGT/7e787c5d-37d2-4a71- 96d3-2d060c3f PK,External Transfer,180,Transfers
ICT/0970c94a-17cc-40a3- b99b-e760a759 PK,External Transfer,639,Transfers
Clinic Fee - Sufyan Humam - Lahore,Hospital 7751,44026,Healthcare & Medical
Online Entertainment - Google Play - REF 70607926,Streaming Service 6287,1082,Entertainment & Recreation
OGT/2079f979-8f64-47d1- a5c8-04eaab0c PK,External Transfer,1000,Transfers
POS Transaction - Quetta - REF 29186789,Online Merchant 612,48779,Car Maintenance
Insurance Premium - Jubilee - REF 69862692,Marketplace 843,19061,Insurance
Internet Bill - StormFiber - REF 43187400,Online Merchant 218,5830,Electricity / Water / Gas
Electronics Purchase - PriceOye - Faisalabad,Marketplace 223,43951,Home Supplies / Household Items
POS Transaction - Quetta - REF 64651247,Bank 3031,1537,Financial Services
POS Transaction - Lahore - REF 83899038,Bank 5906,772,Financial Services
Donation - Edhi Foundation - REF 89657226,Fundraiser 6767,14670,Charity & Donations
Bank Credit - Standard Chartered - REF 42883418,Client Payment 2030,23411,Income
Clinic Fee - Sufyan Humam - Hyderabad,Local Shop 357,22790,Medical / Pharmacy
inDrive Ride - Faisalabad,Ride-hailing 2044,4298,Transportation
Toll Payment - M-2 - REF 37575661,Transit 4164,332,Transportation
Subscription Payment - Netflix - REF 25005502,Online Merchant 813,48341,Subscriptions (Streaming / Apps)
Gift Purchase - Faisalabad - REF 59179563,Online Merchant 863,23238,Gifts & Celebrations
Grocery Purchase - Al-Fatah - Islamabad,Online Merchant 200,20797,Restaurants / Eating Out
Water Bill - WASA - REF 98884822,Online Merchant 489,27240,Mobile & Internet
Online Entertainment - PSN - REF 28311837,Gym 5466,12544,Entertainment & Recreation
Lab Test Payment - Multan - REF 31046474,Diagnostic Lab 1996,22184,Healthcare & Medical
IESCO Bill Payment - REF 91627221,Water Utility 3556,1244,Utilities & Services
Recreation Expense - F-10 Quetta - REF 54705620,Gym 8342,3529,Entertainment & Recreation
Bank Credit - MCB - REF 96988688,Client Payment 7702,74190,Income
Metro Ticket - Lahore - REF 17293344,Petrol Pump 9636,14106,Transportation
Cinema Ticket - Cinepax - Peshawar,Generic Store 482,28300,Entertainment (Movies / Games / Events)
Fuel Purchase - PSO - Karachi,Ride-hailing 9678,1139,Transportation
OGT/a895f96f-af99-402a- 87d0-6115018e PK,External Transfer,500,Transfers
Lab Test Payment - Rawalpindi - REF 41885381,Local Shop 143,43982,Medical / Pharmacy
Tuition Fee - LUMS - REF 90130552,Online Merchant 851,17813,Education / Tuition
Freelance Payment - Fiverr - REF 65144944,Merchant Refund 7266,10047,Income
Investment - Stocks - REF 81219808,Marketplace 693,21458,Savings / Investments
ICT/69472941-c11e-4183- 8480-7cbcc6bf PK,External Transfer,280,Transfers
Restaurant Payment - Saddar Peshawar - REF 11178316,Generic Store 474,30248,Groceries
Tuition Fee - FAST - REF 85139923,Marketplace 432,27305,Education / Tuition
Lab Test Payment - Rawalpindi - REF 55019865,Diagnostic Lab 6472,22954,Healthcare & Medical
Cinema Ticket - Nueplex - Sialkot,Marketplace 254,9545,Entertainment (Movies / Games / Events)
ICT/d2546e94-2406-41aa- b43f-611049a6 PK,External Transfer,5000,Transfers
Hardee's - Bahria Town Hyderabad,Restaurant 9265,6332,Food & Dining
OGT/f2eec87a-c558-4330- bd99-7a8b7609 PK,External Transfer,250,Transfers
Gas Bill Payment - SSGC - REF 73676425,Telecom 8619,2074,Utilities & Services
Internet Bill - Nayatel - REF 20875943,Water Utility 4892,9865,Utilities & Services
Online Entertainment - PSN - REF 50275780,Local Shop 769,10204,Entertainment (Movies / Games / Events)
Metro Ticket - Lahore - REF 35858988,Generic Store 354,9963,Ride Sharing / Taxi
Salary Credit - Company Payroll - REF 27125158,Employer Bonus 9084,75132,Income
POS Purchase - Daraz.pk - Lahore,Service Provider 363,31569,Home Supplies / Household Items
APPLE.COM/BILL ITUNES.COM IRL,Apple,118.13,Bills
Charity Payment - Alkhidmat - REF 43009877,Charity 7389,136170,Charity & Donations
ICT/820bd7f4-dc25-4cc0- 9f4d-dd0363b5 PK,External Transfer,500,Transfers
OGT/3f39b124-026b-47f3- 8d9c-0c13380c PK,External Transfer,9000,Transfers
OGT/94f5f8ce-8ea3-40c8- 834e-f3176efe PK,External Transfer,400,Transfers
Water Bill - WASA - REF 94354237,Online Merchant 574,6847,Mobile & Internet
Bus Ticket - Lahore - REF 81016490,Marketplace 177,28885,Public Transport
Recreation Expense - DHA Karachi - REF 48804247,Cinema 8742,1032,Entertainment & Recreation
Bus Ticket - Multan - REF 46943048,Transit 1512,434,Transportation
Donation - Shaukat Khanum - REF 72428179,Charity 9680,19573,Charity & Donations
Tax Payment - FBR - REF 63120264,Government 6943,19478,Government & Legal
OGT/3aa654e9-3435-4b5e- 834d-2fb889a9 PK,External Transfer,10100,Transfers
Grocery Purchase - Al-Fatah - Multan,Grocery Store 6173,1966,Food & Dining
POS Transaction - Quetta - REF 85126065,Bank 5179,521,Financial Services
ICT/9778abfb-5883-4a5b- 9104-e897f52a PK,External Transfer,140,Transfers
Cinema Ticket - Cinepax - Peshawar,Ticketing 5277,8595,Entertainment & Recreation
POS Transaction - Hyderabad - REF 68560400,Bank 4549,457,Financial Services
OGT/ae7049ee-cf61-4f65- 8545-2eded1ea PK,External Transfer,510,Transfers
Online Entertainment - Steam - REF 69213406,Streaming Service 8664,839,Entertainment & Recreation
OGT/c5d596a6-eee0-484f- 9d72-0d4bd5e3 PK,External Transfer,360,Transfers
POS Purchase - Khaadi - Sialkot,Electronics Store 4825,72289,Shopping & Retail
Tuition Fee - FAST - REF 10314767,Local Shop 884,1646,Education / Tuition
Insurance Premium - EFU - REF 53000086,Generic Store 739,21512,Insurance
OGT/d016fa88-7774-4705- b3ac-2b126cae PK,External Transfer,1000,Transfers
CWD/NEW ROAD MINGORA NEW ROAD MINGORA MARDAN PK,New Road Mingora New Road Mingora Mardan Pk,4023.44,Cash Withdrawal
POS Transaction - Multan - REF 68427641,Bank 6243,218,Financial Services
OGT/462e0613-b893-4217- 892a-269a0fd9 PK,External Transfer,100,Transfers
POS Transaction - Peshawar - REF 20277489,Broker 8460,189529,Financial Services
OGT/1aae07df-8600-4411- ba6e-af1bff33 PK,External Transfer,160,Transfers
Cinema Ticket - Cinepax - Lahore,Streaming Service 1213,1112,Entertainment & Recreation
OGT/07e1e17f-88d9-4895- 9211-64189a98 PK,External Transfer,1,Transfers
Clinic Fee - Ali Raza - Islamabad,Pharmacy 4995,3028,Healthcare & Medical
Grocery Purchase - Carrefour - Multan,Delivery Service 8540,4973,Food & Dining
Internet Bill - PTCL - REF 47417852,Generic Store 163,42631,Electricity / Water / Gas
Raast Payment - PK31ASCM0000070320209638,Pk31Ascm0000070320209638,500,Transfers
Restaurant Payment - Defence Quetta - REF 57769569,Delivery Service 7347,1121,Food & Dining
Online Order - PriceOye - REF 60464650,E-commerce 5206,9484,Shopping & Retail
Gas Bill Payment - SNGPL - REF 58730699,Telecom 7945,3081,Utilities & Services
Traffic Fine - REF 53055771,Government 9677,14363,Government & Legal
Rent Payment - Fatima Noor - Quetta,Marketplace 336,38959,Housing / Rent
Fuel Purchase - PSO - Sialkot,Auto Service 8802,6832,Transportation
Charity Payment - Akhuwat - REF 29623934,Fundraiser 2654,39905,Charity & Donations
Water Bill - WASA - REF 86999892,Electric Company 7804,4331,Utilities & Services
Rent Payment - Shafqat Khan - Lahore,Generic Store 940,795,Housing / Rent
Online Order - Daraz.pk - REF 54314001,Local Shop 912,8447,Shopping (Clothes / Electronics)
Freelance Payment - Fiverr - REF 21140057,Merchant Refund 6118,10211,Income
Hardee's - F-10 Karachi,Local Shop 228,42731,Groceries
Investment - Mutual Fund - REF 40579724,Service Provider 301,32543,Savings / Investments
Electronics Purchase - Haier - Quetta,E-commerce 5155,23374,Shopping & Retail
Fuel Purchase - Total Parco - Lahore,Local Shop 890,45794,Fuel / Gas
Online Order - Telemart - REF 98665266,Retail Store 6063,15676,Shopping & Retail
ICT/56545aa4-26f7-4d50- 9e09-82de48bc PK,External Transfer,280,Transfers
Bank Credit - UBL - REF 36212550,Employer Bonus 3594,90319,Income
POS Transaction - Multan - REF 68782155,Broker 4700,87822,Financial Services
POS Transaction - Peshawar - REF 74063224,Bank 5996,617,Financial Services
Electronics Purchase - PriceOye - Rawalpindi,Retail Store 4218,15100,Shopping & Retail
Pharmacy Payment - D.Watson - Lahore,Clinic 6873,12049,Healthcare & Medical
Salary Credit - Payroll - REF 68335531,Merchant Refund 5627,6597,Income
Clinic Fee - Shafqat Khan - Lahore,Online Merchant 249,46486,Medical / Pharmacy
Metro Ticket - Lahore - REF 77067155,Local Shop 775,33033,Fuel / Gas
Pharmacy Payment - D.Watson - Rawalpindi,Marketplace 129,17679,Medical / Pharmacy
Bundu Khan - Johar Town Faisalabad,Cafe 7031,699,Food & Dining
Travel Booking - PIA - REF 69530670,Marketplace 994,37260,Travel (Flights / Hotels)
Salary Credit - Company Payroll - REF 56852474,Employer Payroll 3713,82528,Income
Raast Payment - YAHYA KHAN - SBP Raast,Yahya Khan,460,Transfers
PTCL Bill Payment - REF 73463241,ISP 8889,1322,Utilities & Services
Donation - Shaukat Khanum - REF 43108477,Charity 4421,31187,Charity & Donations
Water Bill - KWSB - REF 13352431,ISP 2060,6642,Utilities & Services
Investment - Mutual Fund - REF 75340832,Online Merchant 757,3794,Savings / Investments
Metro Ticket - Islamabad - REF 56310935,Ride-hailing 9741,1149,Transportation
Online Order - Daraz.pk - REF 90937773,E-commerce 2065,5412,Shopping & Retail
Online Order - Daraz.pk - REF 33813548,Online Merchant 498,30232,Home Supplies / Household Items
Electronics Purchase - PriceOye - Hyderabad,Clothing Store 1473,24813,Shopping & Retail
Maintenance Charges - G-9 Faisalabad - REF 85438492,Marketplace 172,19939,Housing / Rent
Gas Bill Payment - SNGPL - REF 50682164,Service Provider 104,22619,Electricity / Water / Gas
Traffic Fine - REF 34343037,Government 9188,4940,Government & Legal
Pharmacy Payment - D.Watson - Lahore,Clinic 3235,10939,Healthcare & Medical
Raast Payment - PK32JCMA0010103105452638,Pk32Jcma0010103105452638,120,Transfers
Raast Payment - YAHYA KHAN - SBP Raast,Yahya Khan,500,Transfers
Freelance Payment - Upwork - REF 72319568,Employer Bonus 3792,31648,Income
Fuel Purchase - Shell - Faisalabad,Online Merchant 293,8573,Ride Sharing / Taxi
StormFiber Bill Payment - REF 31647194,Generic Store 821,30246,Electricity / Water / Gas
Salary Credit - Company Payroll - REF 17806908,Merchant Refund 3244,4716,Income
Mobile Topup - Ufone - 03382184552,Service Provider 777,38542,Mobile & Internet
Tax Payment - FBR - REF 73518276,Legal Service 1830,62542,Government & Legal
Travel Booking - Airblue - REF 82127931,Generic Store 834,10157,Travel (Flights / Hotels)
Fuel Purchase - Total Parco - Faisalabad,Generic Store 169,6821,Fuel / Gas
OGT/8f220e83-aed8-47c3- b9e7-0a53bdd9 PK,External Transfer,500,Transfers
Online Order - PriceOye - REF 41378334,Service Provider 452,12099,Shopping (Clothes / Electronics)
POS Transaction - Multan - REF 29402652,Loan Provider 5994,16626,Financial Services
Bonus Credit - REF 83861727,Employer Bonus 9706,39831,Income
Challan Payment - REF 56429673,Government 6472,21643,Government & Legal
Electronics Purchase - Haier - Quetta,Local Shop 828,38292,Shopping (Clothes / Electronics)
Zakat Payment - REF 35375399,Fundraiser 6493,10448,Charity & Donations
Raast Payment - YAHYA KHAN - SBP Raast,Yahya Khan,3000,Transfers
Clinic Fee - Yahya - Sialkot,Clinic 8371,7094,Healthcare & Medical
Pharmacy Payment - Servaid - Faisalabad,Diagnostic Lab 1270,21959,Healthcare & Medical
POS Transaction - Faisalabad - REF 79547488,Broker 4008,173543,Financial Services
Tax Payment - FBR - REF 71031562,Government 5601,8049,Government & Legal
Tea & Snacks - Clifton Rawalpindi,Delivery Service 6277,5975,Food & Dining
Store Purchase - F-10 Rawalpindi - REF 29222983,Electronics Store 1567,118712,Shopping & Retail
POS Purchase - Imtiaz - Islamabad,Retail Store 1542,14429,Shopping & Retail
Investment - Mutual Fund - REF 31100744,Local Shop 925,31803,Savings / Investments
Fuel Purchase - Total Parco - Sialkot,Service Provider 440,46345,Public Transport
Recreation Expense - I-8 Lahore - REF 54349818,Generic Store 641,40029,Entertainment (Movies / Games / Events)
Foodpanda Order - Faisalabad,Marketplace 941,18103,Groceries
Store Purchase - G-9 Islamabad - REF 35286436,Retail Store 8438,2345,Shopping & Retail
Toll Payment - M-2 - REF 68682451,Local Shop 303,20417,Public Transport
Bonus Credit - REF 79211835,Merchant Refund 4745,18987,Income
Toll Payment - M-2 - REF 72317453,Online Merchant 514,8973,Fuel / Gas
POS Transaction - Peshawar - REF 14734279,Loan Provider 7908,68520,Financial Services
Metro Ticket - Lahore - REF 93313154,Local Shop 577,26025,Public Transport
Zakat Payment - REF 92544973,Charity 7511,27005,Charity & Donations
Gas Bill Payment - SNGPL - REF 45899991,Marketplace 508,19332,Mobile & Internet
Donation - Edhi Foundation - REF 88256284,Fundraiser 4840,6399,Charity & Donations
Donation - Saylani - REF 66366885,Charity 2835,81030,Charity & Donations
Online Entertainment - Google Play - REF 28169757,Service Provider 352,36886,Entertainment (Movies / Games / Events)
Cinema Ticket - Cinepax - Quetta,Service Provider 317,17158,Entertainment (Movies / Games / Events)
Tax Payment - FBR - REF 41644447,Government 6181,32661,Government & Legal
Gift Purchase - Faisalabad - REF 55311976,Marketplace 177,25094,Gifts & Celebrations
Bank Credit - Faysal Bank - REF 17382833,Client Payment 7252,49808,Income
Clinic Fee - Sufyan Humam - Peshawar,Clinic 3316,9019,Healthcare & Medical
Salary Credit - Payroll - REF 92912966,Client Payment 2370,75354,Income
Donation - Shaukat Khanum - REF 30703162,Charity 9895,11273,Charity & Donations
Gas Bill Payment - SNGPL - REF 34448492,Generic Store 923,8981,Electricity / Water / Gas
Bonus Credit - REF 47326200,Client Payment 5556,27240,Income
Foodpanda Order - Hyderabad,Grocery Store 7188,11605,Food & Dining
Internet Bill - Nayatel - REF 60358237,Telecom 3590,3143,Utilities & Services
Tax Payment - FBR - REF 40364879,Government 1515,160923,Government & Legal
POS Transaction - Quetta - REF 44117570,Broker 7758,128426,Financial Services
Challan Payment - REF 25090071,Government 4723,235428,Government & Legal
Passport Fee - REF 60060244,Government 5978,32408,Government & Legal
inDrive Ride - Peshawar,Generic Store 226,19822,Ride Sharing / Taxi
Passport Fee - REF 95431629,Legal Service 2859,27680,Government & Legal
Donation - Saylani - REF 44332637,Fundraiser 2680,22062,Charity & Donations
Restaurant Payment - F-10 Sialkot - REF 60715998,Grocery Store 7148,12977,Food & Dining
Salary Credit - Payroll - REF 76399183,Merchant Refund 7713,19893,Income
Travel Booking - Airblue - REF 97142056,Online Merchant 582,44953,Travel (Flights / Hotels)
RAAST P2P SUFYAN HUMAM MUS,Sufyan Humam Mus,750,Transfers
Zakat Payment - REF 62806934,Fundraiser 7729,10151,Charity & Donations
POS Transaction - Karachi - REF 84023697,Bank 5837,1423,Financial Services
Pharmacy Payment - Imtiaz Pharmacy - Karachi,Online Merchant 319,17334,Medical / Pharmacy
Charity Payment - Akhuwat - REF 70356365,Charity 5885,46355,Charity & Donations
Electronics Purchase - Samsung Store - Peshawar,Retail Store 7611,5262,Shopping & Retail
Online Entertainment - Google Play - REF 99430199,Gym 5298,5067,Entertainment & Recreation
Cinema Ticket - Cinepax - Islamabad,Gym 1426,2857,Entertainment & Recreation
Pharmacy Payment - Imtiaz Pharmacy - Multan,Hospital 6802,49285,Healthcare & Medical
Online Order - Telemart - REF 77852889,Local Shop 162,7252,Home Supplies / Household Items
Recreation Expense - Bahria Town Rawalpindi - REF 63145690,Generic Store 840,10998,Entertainment (Movies / Games / Events)
OGT/46b3d191-06b0-473a- 870c-9a71d71c PK,External Transfer,100,Transfers
Bank Credit - Standard Chartered - REF 76664522,Employer Payroll 1759,168324,Income
Daraz KARACHI PAK,Daraz,1703,Shopping
Charity Payment - Akhuwat - REF 65729734,Charity 6109,19728,Charity & Donations
Clinic Fee - Muhammad Usman - Sialkot,Hospital 7615,42874,Healthcare & Medical
Bank Credit - Faysal Bank - REF 14104609,Merchant Refund 3449,14791,Income
Clinic Fee - Yahya - Sialkot,Hospital 5900,68816,Healthcare & Medical
Monthly Subscription - Careem Plus - REF 10513464,Online Merchant 191,43960,Subscriptions (Streaming / Apps)
Bank Credit - Allied Bank - REF 15003231,Client Payment 4657,35689,Income
Gift Purchase - Multan - REF 33864449,Local Shop 678,25658,Gifts & Celebrations
App Store Subscription - REF 12596037,Marketplace 220,27048,Subscriptions (Streaming / Apps)
Clinic Fee - Bilal Ahmed - Rawalpindi,Hospital 8343,53280,Healthcare & Medical
Bykea Ride - Quetta,Petrol Pump 7869,14688,Transportation
Water Bill - WASA - REF 20121915,Water Utility 2699,2595,Utilities & Services
Travel Booking - Airblue - REF 80704477,Service Provider 898,21797,Travel (Flights / Hotels)
Challan Payment - REF 34841181,Government 5667,20322,Government & Legal
PTCL Bill Payment - REF 31176288,Marketplace 284,23279,Electricity / Water / Gas
POS Transaction - Karachi - REF 82319801,Online Merchant 765,11298,Car Maintenance
Bank Credit - Allied Bank - REF 13364971,Employer Bonus 9024,19396,Income
Tuition Fee - LUMS - REF 61459687,Marketplace 603,35506,Education / Tuition
Online Entertainment - Google Play - REF 54367105,Gym 4969,3939,Entertainment & Recreation
Freelance Payment - Upwork - REF 39337473,Employer Payroll 1394,139514,Income
Tax Payment - FBR - REF 16694385,Government 5828,12599,Government & Legal
POS Transaction - Sialkot - REF 64928499,Marketplace 119,1209,Car Maintenance
WASA Bill Payment - REF 11967103,Electric Company 9445,4396,Utilities & Services
Tuition Fee - FAST - REF 68738794,Online Merchant 223,26424,Education / Tuition
Online Entertainment - Google Play - REF 32585327,Streaming Service 9934,2150,Entertainment & Recreation
Hospital Charges - Shaukat Khanum - REF 72707888,Clinic 1450,8608,Healthcare & Medical
Tax Payment - FBR - REF 38045245,Government 3035,125812,Government & Legal
OGT/f1935d40-2d09-4bf2- 85ff-fdd33a5b PK,External Transfer,100,Transfers
OGT/b1e078df-82aa-4e4e- 9961-51c39cc3 PK,External Transfer,200,Transfers
Investment - Mutual Fund - REF 16204307,Marketplace 883,16266,Savings / Investments
Bonus Credit - REF 67155747,Client Payment 8236,69824,Income
Lab Test Payment - Lahore - REF 95288630,Pharmacy 4394,2837,Healthcare & Medical
Internet Bill - PTCL - REF 38012953,Electric Company 1289,17882,Utilities & Services
Lab Test Payment - Peshawar - REF 19227854,Pharmacy 2241,7520,Healthcare & Medical
Tuition Fee - FAST - REF 39536321,Generic Store 785,11366,Education / Tuition
Traffic Fine - REF 84835769,Legal Service 4419,96983,Government & Legal
Foodpanda Order - Sialkot,Delivery Service 6842,1767,Food & Dining
Insurance Premium - EFU - REF 51988873,Service Provider 849,43481,Insurance
POS Purchase - Gul Ahmed - Sialkot,Clothing Store 2645,10864,Shopping & Retail
POS Transaction - Quetta - REF 22213316,Bank 8044,974,Financial Services
Hospital Charges - Liaquat National - REF 18378814,Service Provider 322,38215,Medical / Pharmacy
Tax Payment - FBR - REF 77718078,Government 3884,42091,Government & Legal
Gift Purchase - Rawalpindi - REF 66598119,Marketplace 555,5552,Gifts & Celebrations
ICT/a1f57784-b4a2-4f59- 9cec-8e7cfcf9 PK,External Transfer,3000,Transfers
OGT/f5104298-21ba-410e- 8b92-8d9f2273 PK,External Transfer,1000,Transfers
Zakat Payment - REF 28264939,Charity 7000,46243,Charity & Donations
OGT/e3881d5d-0dec-4bf9- 80af-e4f7b329 PK,External Transfer,100,Transfers
Online Entertainment - PSN - REF 51112912,Online Merchant 421,47258,Entertainment (Movies / Games / Events)
Toll Payment - M-2 - REF 66966637,Petrol Pump 6406,1626,Transportation
Cheetay Order - Quetta,Marketplace 753,5109,Coffee & Snacks
ICT/61b6d268-682a-4c41- a506-31508aeb PK,External Transfer,900,Transfers
Cheetay Order - Islamabad,Grocery Store 3767,6420,Food & Dining
Metro Ticket - Lahore - REF 42814599,Marketplace 472,48723,Public Transport
Passport Fee - REF 81767672,Government 7811,5215,Government & Legal
Insurance Premium - EFU - REF 13317777,Local Shop 403,24120,Insurance
Investment - Stocks - REF 75956322,Generic Store 876,4428,Savings / Investments
Hospital Charges - Shaukat Khanum - REF 85339405,Diagnostic Lab 7674,2948,Healthcare & Medical
Fuel Purchase - Shell - Islamabad,Marketplace 214,35421,Public Transport
Pharmacy Payment - Servaid - Quetta,Clinic 5048,1391,Healthcare & Medical
Travel Booking - PIA - REF 35713563,Local Shop 663,37110,Travel (Flights / Hotels)
Lab Test Payment - Islamabad - REF 36962715,Clinic 6750,4664,Healthcare & Medical
Tuition Fee - FAST - REF 23841018,Service Provider 177,13629,Education / Tuition
POS Transaction - Islamabad - REF 87861720,Bank 1077,1163,Financial Services
Mobile Topup - Jazz - 03127422523,Water Utility 7922,3855,Utilities & Services
Tax Payment - FBR - REF 66263709,Government 5603,223449,Government & Legal
Restaurant Payment - Saddar Islamabad - REF 47043236,Marketplace 114,27712,Coffee & Snacks
POS Purchase - Khaadi - Hyderabad,Electronics Store 5305,94722,Shopping & Retail
Bonus Credit - REF 92601805,Employer Bonus 7995,99813,Income
POS Transaction - Rawalpindi - REF 54534587,Bank 9611,421,Financial Services
Zakat Payment - REF 48389780,Fundraiser 7906,3956,Charity & Donations
Freelance Payment - Fiverr - REF 66933933,Merchant Refund 4121,9051,Income
Zakat Payment - REF 63272532,Charity 2884,151808,Charity & Donations
Grocery Purchase - Al-Fatah - Multan,Service Provider 664,32159,Groceries
Online Entertainment - PSN - REF 52780848,Ticketing 8851,6632,Entertainment & Recreation
Passport Fee - REF 29968432,Government 1764,33104,Government & Legal
Bykea Ride - Rawalpindi,Petrol Pump 8235,4501,Transportation
Bus Ticket - Islamabad - REF 46910610,Auto Service 1683,37502,Transportation
Clinic Fee - Yahya - Faisalabad,Hospital 5337,8974,Healthcare & Medical
Foodpanda Order - Islamabad,Delivery Service 2473,2960,Food & Dining
Cinema Ticket - Cinepax - Lahore,Gym 5804,10699,Entertainment & Recreation
ICT/d0014930-a84a-4f55- 8d9c-7ecaeb7c PK,External Transfer,2700,Transfers
Bonus Credit - REF 18470018,Employer Payroll 3392,130632,Income
POS Purchase - Daraz.pk - Multan,Clothing Store 8868,18398,Shopping & Retail
Hospital Charges - Shaukat Khanum - REF 78321215,Marketplace 983,49052,Medical / Pharmacy
K-Electric Bill Payment - REF 27050036,Electric Company 8653,13544,Utilities & Services
Toll Payment - M-2 - REF 47730750,Auto Service 5564,2340,Transportation
Hospital Charges - Shaukat Khanum - REF 83991160,Hospital 4554,53278,Healthcare & Medical
Freelance Payment - Upwork - REF 25237029,Client Payment 6965,43128,Income
Jazz Prepaid Load - 03398317181,Service Provider 159,22478,Electricity / Water / Gas
OGT/581b5980-2551-4bea- 8213-c8007815 PK,External Transfer,300,Transfers
Recreation Expense - Clifton Sialkot - REF 34771378,Cinema 8681,2857,Entertainment & Recreation
Tuition Fee - FAST - REF 89505486,Generic Store 131,47908,Education / Tuition
POS Transaction - Quetta - REF 30362477,Broker 9121,10858,Financial Services
Water Bill - WASA - REF 88947326,Telecom 8494,3374,Utilities & Services
Lab Test Payment - Peshawar - REF 72721148,Clinic 4941,8200,Healthcare & Medical
Tea & Snacks - Johar Town Hyderabad,Online Merchant 781,35908,Coffee & Snacks
Clinic Fee - Aslam - Peshawar,Clinic 6261,8878,Healthcare & Medical
OGT/44ea96f4-fdea-4c57- 9e02-2c6171b8 PK,External Transfer,320,Transfers
POS Transaction - Lahore - REF 43860381,Loan Provider 9341,72974,Financial Services
Cheetay Order - Faisalabad,Local Shop 311,30019,Groceries
Zong Prepaid Load - 03182916544,Generic Store 696,14251,Mobile & Internet
Electronics Purchase - PriceOye - Karachi,E-commerce 4404,34021,Shopping & Retail
POS Transaction - Karachi - REF 85443211,Bank 5159,566,Financial Services
Internet Bill - PTCL - REF 80585082,Online Merchant 275,2804,Electricity / Water / Gas
Freelance Payment - Fiverr - REF 11303141,Employer Bonus 4277,80546,Income
Bus Ticket - Lahore - REF 58798252,Ride-hailing 1116,4965,Transportation
OGT/39b34b51-e85a-4ac2- 82ca-af08da9f PK,External Transfer,90,Transfers
ICT/a1c8d88a-4faf-4723- bbf3-10aa80bf PK,External Transfer,200,Transfers
OGT/17d89ca3-4dd7-4b2e- 8d53-11eb825e PK,External Transfer,380,Transfers
Tea & Snacks - Gulshan Multan,Delivery Service 9835,4367,Food & Dining
Electronics Purchase - Samsung Store - Faisalabad,Clothing Store 7973,11151,Shopping & Retail
Cinema Ticket - Cinepax - Lahore,Ticketing 3290,11096,Entertainment & Recreation
Online Order - Daraz.pk - REF 50089690,E-commerce 9831,24036,Shopping & Retail
Bonus Credit - REF 23142994,Employer Payroll 8010,165583,Income
Bus Ticket - Peshawar - REF 59559004,Generic Store 382,22577,Fuel / Gas
Travel Booking - Airblue - REF 50739493,Local Shop 372,25794,Travel (Flights / Hotels)
POS Transaction - Karachi - REF 29428846,Service Provider 517,29696,Car Maintenance
Pharmacy Payment - Imtiaz Pharmacy - Rawalpindi,Pharmacy 3864,2699,Healthcare & Medical
Hospital Charges - Liaquat National - REF 24249124,Pharmacy 7780,3888,Healthcare & Medical
Clinic Fee - Hassan Khan - Quetta,Clinic 8611,12339,Healthcare & Medical
Electronics Purchase - Haier - Quetta,Retail Store 4096,9998,Shopping & Retail
Grocery Purchase - Imtiaz - Karachi,Cafe 6830,889,Food & Dining
Store Purchase - I-8 Peshawar - REF 27159194,E-commerce 5279,11529,Shopping & Retail
Internet Bill - Nayatel - REF 99696898,ISP 5093,8840,Utilities & Services
Maintenance Charges - DHA Quetta - REF 95638080,Local Shop 554,39216,Housing / Rent
Metro Ticket - Islamabad - REF 44464885,Service Provider 268,41125,Public Transport
Online Order - Daraz.pk - REF 32747214,Electronics Store 4467,19773,Shopping & Retail
POS Transaction - Multan - REF 67139321,Broker 3040,5173,Financial Services
ICT/836ff9fe-e205-43d9- ab90-3b2d0747 PK,External Transfer,560,Transfers
Mobile Topup - Ufone - 03111591999,ISP 8163,3287,Utilities & Services
Freelance Payment - Fiverr - REF 91698642,Client Payment 4307,30368,Income
Monthly Subscription - Foodpanda Pro - REF 75740155,Service Provider 838,18768,Subscriptions (Streaming / Apps)
Rent Payment - Fatima Noor - Rawalpindi,Service Provider 943,38455,Housing / Rent
Internet Bill - Nayatel - REF 83626966,Generic Store 879,36932,Electricity / Water / Gas
Salary Credit - Company Payroll - REF 31532269,Merchant Refund 2767,1086,Income
Toll Payment - M-2 - REF 77460414,Service Provider 941,16602,Public Transport
Bonus Credit - REF 94190107,Employer Bonus 8348,84882,Income
POS Transaction - Karachi - REF 72580365,Broker 6670,109152,Financial Services
ICT/0ec9bef8-a645-47cb- b52f-3aae0593 PK,External Transfer,60,Transfers
Mobile Topup - Zong - 03063645996,Local Shop 353,38351,Mobile & Internet
PUR/Google One 5 New Street Square London EC4A 3TW GB GBR,Google One,491.01,Subscriptions
Metro Ticket - Lahore - REF 63317736,Transit 3594,309,Transportation
Netflix.com Los Gatos SGP,Netflix,307.08,Subscriptions
Investment - Mutual Fund - REF 75126418,Online Merchant 675,49985,Savings / Investments
OGT/b97ebe03-a029-4fbc- 9307-ed50c45c PK,External Transfer,120,Transfers
WASA Bill Payment - REF 61729842,Marketplace 533,19018,Mobile & Internet
Grocery Purchase - Carrefour - Islamabad,Generic Store 841,16004,Groceries
Clinic Fee - Hira - Islamabad,Diagnostic Lab 5565,20024,Healthcare & Medical
ICT/e81e2869-a4cc-4562- 9136-e9dd3562 PK,External Transfer,600,Transfers
Fuel Purchase - PSO - Hyderabad,Marketplace 567,25373,Public Transport
Clinic Fee - Sufyan Humam - Hyderabad,Diagnostic Lab 2795,17304,Healthcare & Medical
Clinic Fee - Hassan Khan - Lahore,Pharmacy 6128,7609,Healthcare & Medical
Jazz Prepaid Load - 03083688839,ISP 8081,12566,Utilities & Services
Fuel Purchase - Shell - Islamabad,Ride-hailing 8695,6971,Transportation
Tuition Fee - NUST - REF 56945429,Online Merchant 536,25606,Education / Tuition
Subscription Payment - Google One - REF 34357466,Generic Store 219,21725,Subscriptions (Streaming / Apps)
Online Entertainment - Steam - REF 27353923,Cinema 4251,3370,Entertainment & Recreation
Store Purchase - Johar Town Quetta - REF 96290199,Electronics Store 3123,108195,Shopping & Retail
ICT/81d2b638-3f95-4d27- 8a8f-504eb8b4 PK,External Transfer,2000,Transfers
Grocery Purchase - Metro - Rawalpindi,Service Provider 613,29091,Coffee & Snacks
Tea & Snacks - Saddar Rawalpindi,Cafe 7077,1408,Food & Dining
Tax Payment - FBR - REF 24826802,Government 8193,38964,Government & Legal
Cheetay Order - Karachi,Restaurant 9185,5341,Food & Dining
ICT/8703affb-e94c-4e3f- 9927-e3210107 PK,External Transfer,10,Transfers
Bus Ticket - Faisalabad - REF 87711943,Marketplace 605,4254,Public Transport
OGT/e1d192f1-bcbc-44a8- b12c-3d0143de PK,External Transfer,8250,Transfers
Electronics Purchase - PriceOye - Islamabad,E-commerce 2576,33499,Shopping & Retail
Online Order - Daraz.pk - REF 33480514,Service Provider 813,22116,Shopping (Clothes / Electronics)
Bank Credit - Bank Alfalah - REF 82816134,Employer Payroll 1205,94845,Income
Bonus Credit - REF 92024732,Employer Bonus 2931,98361,Income
Mobile Topup - Jazz - 03187463696,Water Utility 5501,9462,Utilities & Services
POS Transaction - Karachi - REF 81131304,Bank 7780,1426,Financial Services
Hardee's - I-8 Multan,Restaurant 1322,1934,Food & Dining
POS Transaction - Islamabad - REF 67361749,Broker 9549,151906,Financial Services
Insurance Premium - EFU - REF 32332935,Online Merchant 256,5149,Insurance
ICT/7a6e068b-6bda-4227- bb55-78c0f5f8 PK,External Transfer,500,Transfers
Online Order - PriceOye - REF 18806478,E-commerce 8902,38498,Shopping & Retail
Recreation Expense - G-9 Islamabad - REF 70097366,Cinema 8976,761,Entertainment & Recreation
Salary Credit - Company Payroll - REF 86694973,Merchant Refund 4386,2970,Income
Hospital Charges - Shaukat Khanum - REF 26865571,Diagnostic Lab 3320,8190,Healthcare & Medical
Telenor Prepaid Load - 03439816457,Electric Company 2527,2171,Utilities & Services
OGT/8a477844-3113-4a0c- b688-68ecd215 PK,External Transfer,800,Transfers
Salary Credit - Payroll - REF 13190542,Employer Bonus 1524,83059,Income
Online Order - PriceOye - REF 75336714,Clothing Store 1316,2625,Shopping & Retail
inDrive Ride - Hyderabad,Petrol Pump 3711,6145,Transportation
Hospital Charges - Liaquat National - REF 44371490,Local Shop 763,5104,Medical / Pharmacy
Bus Ticket - Islamabad - REF 65512044,Ride-hailing 5458,1761,Transportation
Online Entertainment - Steam - REF 31665927,Ticketing 6256,6415,Entertainment & Recreation
Internet Bill - Nayatel - REF 74525001,Service Provider 294,32429,Electricity / Water / Gas
Pharmacy Payment - Imtiaz Pharmacy - Hyderabad,Online Merchant 499,47996,Medical / Pharmacy
Bus Ticket - Sialkot - REF 60020798,Transit 7467,88,Transportation
Foodpanda Order - Islamabad,Cafe 7043,974,Food & Dining
OGT/b99cbc8d-e8b3-4cd9- 9800-4d68ab62 PK,External Transfer,280,Transfers
Clinic Fee - Fatima Noor - Hyderabad,Pharmacy 7691,3562,Healthcare & Medical
Recreation Expense - Clifton Peshawar - REF 34081271,Cinema 5697,1707,Entertainment & Recreation
Gas Bill Payment - SSGC - REF 29005027,ISP 4169,2019,Utilities & Services
Online Entertainment - Google Play - REF 95102126,Local Shop 682,45268,Entertainment (Movies / Games / Events)
Insurance Premium - Jubilee - REF 68739908,Marketplace 170,19669,Insurance
CWD/PAK AUSTRIA PAK AUSTRIA HARIPUR PK,Pak Austria Pak Austria Haripur Pk,1000,Cash Withdrawal
CWD/UBL-AMIN BRANCH GUL ABA UBL-AMIN BRANCH GUL ABAD,Ubl-Amin Branch Gul Aba Ubl-Amin Branch Gul Abad,4023.44,Cash Withdrawal
Online Order - PriceOye - REF 98950778,Online Merchant 582,37386,Home Supplies / Household Items
Store Purchase - I-8 Hyderabad - REF 65251179,Local Shop 230,49550,Home Supplies / Household Items
Store Purchase - G-9 Karachi - REF 17796036,E-commerce 5890,15706,Shopping & Retail
POS Transaction - Multan - REF 77039168,Loan Provider 7515,3771,Financial Services
OGT/02542837-4529-4201- 9bd5-4c1440b5 PK,External Transfer,100,Transfers
POS Purchase - Imtiaz - Multan,Clothing Store 8699,19901,Shopping & Retail
Toll Payment - M-2 - REF 66989352,Online Merchant 829,25316,Public Transport
ICT/39ab0b8e-f144-41e7- 8fb6-0b316d5a PK,External Transfer,1220,Transfers
Pharmacy Payment - Imtiaz Pharmacy - Multan,Hospital 8864,68097,Healthcare & Medical
Careem Ride - Karachi,Ride-hailing 1091,4972,Transportation
Fuel Purchase - Total Parco - Islamabad,Service Provider 911,8526,Public Transport
POS Transaction - Islamabad - REF 22087309,Local Shop 749,25540,Car Maintenance
Clinic Fee - Fatima Noor - Rawalpindi,Hospital 2085,33861,Healthcare & Medical
CWD/PAK AUSTRIA PAK AUSTRIA HARIPUR PK,Pak Austria Pak Austria Haripur Pk,20023.44,Cash Withdrawal
ICT/3efa1c90-5522-4aec- ad04-9e251bc0 PK,External Transfer,215,Transfers
POS Transaction - Peshawar - REF 90462383,Broker 9883,36277,Financial Services
Travel Booking - SereneAir - REF 11038661,Local Shop 759,1110,Travel (Flights / Hotels)
Tax Payment - FBR - REF 34229049,Legal Service 8253,23373,Government & Legal
Donation - Edhi Foundation - REF 57474390,Charity 9270,160003,Charity & Donations
Bus Ticket - Sialkot - REF 58281102,Transit 7093,492,Transportation
Charity Payment - Akhuwat - REF 11568020,Charity 1325,45280,Charity & Donations
Gift Purchase - Multan - REF 22360717,Service Provider 211,16137,Gifts & Celebrations
POS Transaction - Quetta - REF 99021558,Local Shop 962,47662,Car Maintenance
Mobile Topup - Zong - 03462753849,Electric Company 4567,21110,Utilities & Services
ICT/80c6f37a-f58c-4a84- 810c-2ff4644b PK,External Transfer,3000,Transfers
Store Purchase - DHA Multan - REF 76173999,E-commerce 9912,28057,Shopping & Retail
Toll Payment - M-2 - REF 77475943,Auto Service 4890,49572,Transportation
Electronics Purchase - Samsung Store - Multan,Marketplace 312,8337,Home Supplies / Household Items
Grocery Purchase - Imtiaz - Islamabad,Local Shop 500,39152,Groceries
Online Entertainment - Google Play - REF 37737303,Streaming Service 5317,308,Entertainment & Recreation
Water Bill - WASA - REF 83858539,Online Merchant 407,34894,Mobile & Internet
Clinic Fee - Ahmed Ali - Multan,Marketplace 202,29265,Medical / Pharmacy
Recreation Expense - G-9 Peshawar - REF 93623541,Online Merchant 270,34061,Entertainment (Movies / Games / Events)
Recreation Expense - G-9 Hyderabad - REF 16666452,Streaming Service 8542,1861,Entertainment & Recreation
Cinema Ticket - Nueplex - Faisalabad,Cinema 3921,734,Entertainment & Recreation
Restaurant Payment - Clifton Hyderabad - REF 58648767,Online Merchant 819,19152,Restaurants / Eating Out
Passport Fee - REF 60468736,Government 1466,22050,Government & Legal
POS Transaction - Multan - REF 57553053,Bank 3567,1347,Financial Services
ICT/daa80179-718c-4d80- b50b-7626381c PK,External Transfer,4000,Transfers
Careem Ride - Multan,Generic Store 352,14247,Fuel / Gas
Foodpanda Order - Rawalpindi,Restaurant 2355,11052,Food & Dining
Salary Credit - Payroll - REF 31964450,Merchant Refund 3303,18130,Income
Foodpanda Order - Multan,Restaurant 2382,8598,Food & Dining
Store Purchase - Defence Quetta - REF 41989594,Retail Store 8407,1165,Shopping & Retail
Bonus Credit - REF 44986852,Merchant Refund 8273,9309,Income
K-Electric Bill Payment - REF 90274738,Water Utility 9505,4339,Utilities & Services
Telenor Prepaid Load - 03238042539,Marketplace 688,6725,Mobile & Internet
Gas Bill Payment - SNGPL - REF 33963059,Marketplace 753,7387,Electricity / Water / Gas
Bykea Ride - Rawalpindi,Auto Service 6981,31948,Transportation
Store Purchase - I-8 Faisalabad - REF 68135132,Service Provider 735,6294,Shopping (Clothes / Electronics)
Tea & Snacks - Bahria Town Peshawar,Cafe 6283,562,Food & Dining
Bus Ticket - Islamabad - REF 75522354,Ride-hailing 3958,7924,Transportation
Water Bill - WASA - REF 72079223,Service Provider 389,35617,Mobile & Internet
Internet Bill - Nayatel - REF 84329225,ISP 3768,3494,Utilities & Services
Challan Payment - REF 77711377,Legal Service 6161,45076,Government & Legal
Tea & Snacks - Clifton Hyderabad,Delivery Service 6669,3425,Food & Dining
Hospital Charges - Shaukat Khanum - REF 64657714,Online Merchant 745,24600,Medical / Pharmacy
Fuel Purchase - PSO - Faisalabad,Generic Store 654,2023,Public Transport
Store Purchase - Gulshan Lahore - REF 89057286,Service Provider 305,35650,Shopping (Clothes / Electronics)
Electronics Purchase - PriceOye - Quetta,Marketplace 553,26765,Shopping (Clothes / Electronics)
Bus Ticket - Islamabad - REF 95049262,Transit 1426,201,Transportation
Cinema Ticket - Cinepax - Lahore,Ticketing 3320,2920,Entertainment & Recreation
OGT/0c19ba33-f94d-46b5- 9d4e-3862bba5 PK,External Transfer,6000,Transfers
Pharmacy Payment - D.Watson - Hyderabad,Clinic 2465,5318,Healthcare & Medical
POS Transaction - Islamabad - REF 69557661,Bank 8978,489,Financial Services
Recreation Expense - Defence Hyderabad - REF 21770001,Streaming Service 7606,1707,Entertainment & Recreation
Recreation Expense - Gulshan Sialkot - REF 58098431,Streaming Service 9724,2806,Entertainment & Recreation
Mobile Topup - Zong - 03015204606,ISP 3751,8351,Utilities & Services
Cheetay Order - Quetta,Online Merchant 888,38656,Coffee & Snacks
OGT/9b7b37af-aa50-4de6- 8d7a-08a07651 PK,External Transfer,140,Transfers
Clinic Fee - Muhammad Usman - Karachi,Marketplace 579,39117,Medical / Pharmacy
Donation - Shaukat Khanum - REF 81464372,Charity 3935,116663,Charity & Donations
Bank Credit - Standard Chartered - REF 91727431,Client Payment 9122,65053,Income
Charity Payment - Alkhidmat - REF 82296716,Charity 9830,176792,Charity & Donations
Bonus Credit - REF 53927972,Employer Payroll 3968,71409,Income
Zakat Payment - REF 55738694,Charity 3919,25508,Charity & Donations
Insurance Premium - Jubilee - REF 59541290,Marketplace 596,32157,Insurance
Tea & Snacks - G-9 Peshawar,Cafe 9819,658,Food & Dining
Online Order - Daraz.pk - REF 98803199,Clothing Store 7344,20817,Shopping & Retail
Pharmacy Payment - Servaid - Lahore,Hospital 9074,46670,Healthcare & Medical
POS Transaction - Karachi - REF 97438278,Loan Provider 3148,29450,Financial Services
Challan Payment - REF 81875828,Government 6839,27296,Government & Legal
Tax Payment - FBR - REF 11309682,Government 1556,91740,Government & Legal
Cinema Ticket - Cinepax - Sialkot,Gym 1602,14342,Entertainment & Recreation
Tea & Snacks - Johar Town Hyderabad,Service Provider 599,32492,Restaurants / Eating Out
Cinema Ticket - Cinepax - Lahore,Cinema 4050,782,Entertainment & Recreation
Clinic Fee - Usman Ghani - Rawalpindi,Hospital 2615,50182,Healthcare & Medical
OGT/9262cc57-c775-475d- bd1a-029a0b83 PK,External Transfer,310,Transfers
Water Bill - WASA - REF 80530361,ISP 5757,14406,Utilities & Services
Gift Purchase - Rawalpindi - REF 59532559,Marketplace 723,13757,Gifts & Celebrations
Tuition Fee - LUMS - REF 98559391,Generic Store 285,38744,Education / Tuition
SSGC Bill Payment - REF 11410103,Water Utility 3654,1382,Utilities & Services
Online Entertainment - Google Play - REF 43794412,Ticketing 1902,14892,Entertainment & Recreation
Zakat Payment - REF 26246945,Fundraiser 7744,19574,Charity & Donations
Toll Payment - M-2 - REF 33438428,Auto Service 3563,12463,Transportation
Restaurant Payment - G-9 Islamabad - REF 26521788,Grocery Store 5614,11738,Food & Dining
Tea & Snacks - DHA Lahore,Local Shop 137,5881,Restaurants / Eating Out
Pharmacy Payment - D.Watson - Karachi,Diagnostic Lab 1898,12970,Healthcare & Medical
Restaurant Payment - I-8 Lahore - REF 30681662,Restaurant 7962,7987,Food & Dining
Tuition Fee - LUMS - REF 92628169,Marketplace 909,28603,Education / Tuition
Charity Payment - Alkhidmat - REF 37464376,Fundraiser 6558,28568,Charity & Donations
Bundu Khan - Clifton Rawalpindi,Local Shop 693,9443,Coffee & Snacks
Tax Payment - FBR - REF 43984498,Government 7142,17984,Government & Legal
Tea & Snacks - Johar Town Sialkot,Restaurant 4960,9768,Food & Dining
Online Order - PriceOye - REF 88311489,Local Shop 562,33848,Shopping (Clothes / Electronics)
Zakat Payment - REF 52806000,Charity 8396,185648,Charity & Donations
POS Transaction - Multan - REF 41694714,Loan Provider 4449,68578,Financial Services
Cinema Ticket - Nueplex - Lahore,Ticketing 2320,10955,Entertainment & Recreation
NETFLIX.COM Singapore SGP,Netflix,285.15,Subscriptions
Donation - Edhi Foundation - REF 45372232,Charity 9374,52623,Charity & Donations
Store Purchase - Bahria Town Hyderabad - REF 95643403,Local Shop 566,46044,Home Supplies / Household Items
Telenor Prepaid Load - 03224125756,Service Provider 192,4717,Mobile & Internet
Online Entertainment - PSN - REF 55535625,Generic Store 824,42385,Entertainment (Movies / Games / Events)
POS Purchase - Metro - Sialkot,E-commerce 3733,28332,Shopping & Retail
RAAST P2P MUHAMMAD KASHIF,Muhammad Kashif,130,Transfers
Foodpanda Order - Peshawar,Cafe 9346,971,Food & Dining
Investment - Mutual Fund - REF 66995132,Online Merchant 694,29815,Savings / Investments
POS Purchase - Daraz.pk - Rawalpindi,Electronics Store 9366,4845,Shopping & Retail
Fuel Purchase - PSO - Hyderabad,Online Merchant 734,27301,Public Transport
Bill Payment - REF 16393893,Generic Store 352,15585,Housing / Rent
Store Purchase - F-10 Karachi - REF 27960111,Marketplace 916,23900,Shopping (Clothes / Electronics)
Challan Payment - REF 76067679,Legal Service 3126,51800,Government & Legal
Chai Shai - DHA Islamabad,Service Provider 446,34339,Groceries
Tea & Snacks - Johar Town Multan,Delivery Service 9122,4128,Food & Dining
Zakat Payment - REF 69310289,Fundraiser 8618,40444,Charity & Donations
Bus Ticket - Quetta - REF 97402465,Local Shop 971,28439,Public Transport
Electronics Purchase - Haier - Karachi,Retail Store 2910,486,Shopping & Retail
Money Transfer - EMAN FATIMA - 03332968914,Eman Fatima,250,Transfers
Subscription Payment - Netflix - REF 80903421,Service Provider 109,32961,Subscriptions (Streaming / Apps)
Traffic Fine - REF 67034505,Government 8668,44453,Government & Legal
Monthly Subscription - Careem Plus - REF 12789364,Local Shop 657,3295,Subscriptions (Streaming / Apps)
POS Transaction - Islamabad - REF 35665351,Bank 9728,140,Financial Services
Traffic Fine - REF 88515166,Government 1732,21833,Government & Legal
Pharmacy Payment - Imtiaz Pharmacy - Sialkot,Clinic 5215,1327,Healthcare & Medical
Salary Credit - Payroll - REF 23186504,Employer Bonus 1788,96171,Income
Online Order - Daraz.pk - REF 42978745,Service Provider 484,25764,Shopping (Clothes / Electronics)
Recreation Expense - Johar Town Rawalpindi - REF 16622934,Ticketing 6882,2771,Entertainment & Recreation
ICT/8382c8d7-bde7-4ec2- 8f19-acbe03f2 PK,External Transfer,510,Transfers
Travel Booking - SereneAir - REF 39273228,Marketplace 419,6500,Travel (Flights / Hotels)
Tax Payment - FBR - REF 21600670,Government 3549,3848,Government & Legal
Electronics Purchase - Samsung Store - Faisalabad,Clothing Store 8456,9907,Shopping & Retail
Water Bill - WASA - REF 51510318,Service Provider 361,32083,Electricity / Water / Gas
Charity Payment - Akhuwat - REF 28985265,Charity 2637,130423,Charity & Donations
POS Transaction - Karachi - REF 80875915,Bank 3295,297,Financial Services
Challan Payment - REF 12509971,Government 8237,19084,Government & Legal
POS Transaction - Multan - REF 57525623,Broker 7700,79306,Financial Services
Zakat Payment - REF 64132669,Fundraiser 7404,3557,Charity & Donations
Salary Credit - Company Payroll - REF 95143379,Employer Payroll 1947,241012,Income
Bykea Ride - Multan,Ride-hailing 4115,1591,Transportation
StormFiber Bill Payment - REF 28153641,Water Utility 1496,4901,Utilities & Services
OGT/e69e7e57-ed72-4867- b808-60a291cf PK,External Transfer,1000,Transfers
POS Transaction - Lahore - REF 31918910,Broker 3967,174658,Financial Services
POS Transaction - Faisalabad - REF 90203822,Broker 6275,175974,Financial Services
Cinema Ticket - Nueplex - Peshawar,Cinema 2138,441,Entertainment & Recreation
Zakat Payment - REF 35395565,Charity 5625,111167,Charity & Donations
OGT/3b085d39-9d43-4e72- 84b4-b1b8c0ef PK,External Transfer,360,Transfers
Lab Test Payment - Lahore - REF 60467863,Hospital 6489,47426,Healthcare & Medical
ICT/5608e48e-cb14-4f1b- 8a85-9ab2a1f1 PK,External Transfer,7500,Transfers
Bank Credit - UBL - REF 11380259,Employer Payroll 5990,50269,Income
Water Bill - WASA - REF 83893218,Telecom 5781,2784,Utilities & Services
Cinema Ticket - Cinepax - Quetta,Gym 8610,1357,Entertainment & Recreation
Google One London GBR,Google One,454.88,Subscriptions
POS Transaction - Peshawar - REF 41322790,Loan Provider 6527,24841,Financial Services
POS Purchase - Carrefour - Faisalabad,E-commerce 7046,31188,Shopping & Retail
Rent Payment - Ayesha Malik - Sialkot,Generic Store 909,25102,Housing / Rent
Cinema Ticket - Cinepax - Quetta,Gym 6567,9258,Entertainment & Recreation
ICT/7e0fcb45-0674-45ba- 9c11-b6123e43 PK,External Transfer,400,Transfers
Cinema Ticket - Nueplex - Faisalabad,Streaming Service 9370,322,Entertainment & Recreation
Grocery Purchase - Carrefour - Hyderabad,Cafe 9236,819,Food & Dining
Fuel Purchase - PSO - Faisalabad,Local Shop 685,49537,Public Transport
Metro Ticket - Lahore - REF 51082693,Local Shop 299,44662,Fuel / Gas
POS Purchase - Khaadi - Peshawar,Online Merchant 101,7862,Home Supplies / Household Items
Hospital Charges - Shaukat Khanum - REF 68525090,Clinic 2733,4654,Healthcare & Medical
Water Bill - WASA - REF 17939485,Electric Company 3475,22349,Utilities & Services
Gas Bill Payment - SNGPL - REF 62990826,Electric Company 3935,5283,Utilities & Services
Bill Payment - REF 37913701,Generic Store 412,21892,Housing / Rent
Traffic Fine - REF 18205824,Government 6109,46857,Government & Legal
Mobile Topup - Zong - 03194912274,ISP 9330,8728,Utilities & Services
Lab Test Payment - Peshawar - REF 87555584,Pharmacy 3282,6745,Healthcare & Medical
Clinic Fee - Aslam - Faisalabad,Pharmacy 4773,2777,Healthcare & Medical
Tax Payment - FBR - REF 18771336,Government 6877,36121,Government & Legal
Hospital Charges - Aga Khan - REF 33924995,Local Shop 338,48562,Medical / Pharmacy
SNGPL Bill Payment - REF 90658275,Local Shop 397,35552,Electricity / Water / Gas
Online Order - Daraz.pk - REF 69871502,Clothing Store 3832,4481,Shopping & Retail
POS Transaction - Hyderabad - REF 47013384,Broker 7448,142922,Financial Services
Cinema Ticket - Nueplex - Lahore,Streaming Service 2374,1031,Entertainment & Recreation
POS Transaction - Multan - REF 91488999,Broker 5472,154392,Financial Services
Bank Credit - Faysal Bank - REF 39930052,Employer Bonus 1855,9763,Income
OGT/a18f51b8-c95d-4b88- bee5-7b0e0fc7 PK,External Transfer,50,Transfers
Tuition Fee - LUMS - REF 20565644,Local Shop 137,36329,Education / Tuition
ICT/6083c54f-2d32-4b97- 8415-3b9ebd9c PK,External Transfer,150,Transfers
Cheetay Order - Quetta,Service Provider 994,42789,Coffee & Snacks
Restaurant Payment - Saddar Islamabad - REF 40914031,Restaurant 9820,6414,Food & Dining
Charity Payment - Alkhidmat - REF 77374761,Charity 7077,4524,Charity & Donations
Metro Ticket - Islamabad - REF 11603009,Ride-hailing 5976,4193,Transportation
Lab Test Payment - Sialkot - REF 47485432,Pharmacy 1607,2388,Healthcare & Medical
Tea & Snacks - G-9 Hyderabad,Restaurant 5446,4792,Food & Dining
Online Order - Daraz.pk - REF 74912168,E-commerce 4577,32270,Shopping & Retail
Store Purchase - Gulshan Multan - REF 27675226,Retail Store 5957,14995,Shopping & Retail
Water Bill - WASA - REF 14101130,ISP 8991,750,Utilities & Services
Hospital Charges - Liaquat National - REF 96862906,Hospital 8928,47568,Healthcare & Medical
Pharmacy Payment - Servaid - Multan,Diagnostic Lab 3476,21882,Healthcare & Medical
Cinema Ticket - Cinepax - Quetta,Gym 8762,14867,Entertainment & Recreation
Recreation Expense - Johar Town Rawalpindi - REF 70557890,Gym 9051,4657,Entertainment & Recreation
Metro Ticket - Lahore - REF 53416847,Auto Service 8211,7518,Transportation
Bank Credit - JS Bank - REF 57235574,Merchant Refund 5313,12331,Income
OGT/3fa21cf4-9528-4c8e- b5d4-13f072bf PK,External Transfer,3000,Transfers
POS Transaction - Peshawar - REF 34026859,Bank 8340,103,Financial Services
POS Purchase - Daraz.pk - Faisalabad,Electronics Store 9988,75209,Shopping & Retail
Salary Credit - Company Payroll - REF 83180286,Employer Bonus 4940,57726,Income
Traffic Fine - REF 19867056,Government 3031,12743,Government & Legal
Bykea Ride - Multan,Local Shop 185,15353,Public Transport
Fuel Purchase - Total Parco - Sialkot,Auto Service 3376,16120,Transportation
Bank Credit - Standard Chartered - REF 16649592,Client Payment 1391,45239,Income
Restaurant Payment - G-9 Lahore - REF 14707593,Generic Store 515,25466,Groceries
ICT/1d9991c2-d72e-487a- 996f-2369ebee PK,External Transfer,250,Transfers
Bykea Ride - Karachi,Service Provider 639,3735,Fuel / Gas
POS Transaction - Hyderabad - REF 57510985,Bank 5794,1363,Financial Services
Tea & Snacks - F-10 Faisalabad,Service Provider 831,7509,Coffee & Snacks
Pharmacy Payment - D.Watson - Lahore,Clinic 1702,12438,Healthcare & Medical
Recreation Expense - Gulshan Multan - REF 61423156,Ticketing 1279,4395,Entertainment & Recreation
Passport Fee - REF 99889304,Government 7501,29560,Government & Legal
Salary Credit - Company Payroll - REF 62985412,Merchant Refund 3735,15940,Income
Tuition Fee - NUST - REF 38413941,Generic Store 825,25535,Education / Tuition
Insurance Premium - Jubilee - REF 41267694,Local Shop 393,34841,Insurance
Store Purchase - Defence Multan - REF 96334928,Retail Store 9538,12610,Shopping & Retail
OGT/41c93fe2-aa72-4d4a- a7cf-d5d3702d PK,External Transfer,350,Transfers
Careem Ride - Hyderabad,Online Merchant 853,3538,Public Transport
Tea & Snacks - Defence Faisalabad,Restaurant 4118,7753,Food & Dining
Rent Payment - Usman Ghani - Lahore,Service Provider 642,14563,Housing / Rent
Water Bill - WASA - REF 60399712,ISP 3421,14429,Utilities & Services
Traffic Fine - REF 85021451,Government 9349,34469,Government & Legal
POS Transaction - Hyderabad - REF 92434582,Local Shop 214,21561,Car Maintenance
Travel Booking - Airblue - REF 31138134,Marketplace 112,31409,Travel (Flights / Hotels)
Insurance Premium - Jubilee - REF 45767725,Local Shop 338,48313,Insurance
Pizza Hut - Clifton Multan,Cafe 3554,1074,Food & Dining
OGT/d7f900d0-bc55-4bb6- b843-e2d6d331 PK,External Transfer,120,Transfers
Pharmacy Payment - D.Watson - Quetta,Hospital 9213,33420,Healthcare & Medical
Restaurant Payment - Saddar Sialkot - REF 44986157,Grocery Store 2783,12164,Food & Dining
ICT/9bee861b-d2aa-43bc- 8bb3-dc616d8c PK,External Transfer,580,Transfers
Passport Fee - REF 78817156,Government 1426,29712,Government & Legal
POS Transaction - Quetta - REF 79045323,Bank 6329,628,Financial Services
OGT/ee9e3828-7b76-4f19- 8dc6-e3e9f8e0 PK,External Transfer,1480,Transfers
Investment - Stocks - REF 33979205,Marketplace 227,35537,Savings / Investments
POS Purchase - Khaadi - Quetta,Retail Store 4323,17251,Shopping & Retail
Toll Payment - M-2 - REF 68770493,Marketplace 160,36723,Public Transport
Metro Ticket - Lahore - REF 77329894,Service Provider 121,43371,Ride Sharing / Taxi
Fuel Purchase - PSO - Faisalabad,Auto Service 4029,7856,Transportation
Bonus Credit - REF 49789356,Employer Payroll 5824,211732,Income
Passport Fee - REF 37061703,Legal Service 8131,47177,Government & Legal
Travel Booking - Airblue - REF 16036651,Online Merchant 797,8991,Travel (Flights / Hotels)
Internet Bill - StormFiber - REF 78373933,Telecom 5208,922,Utilities & Services
Clinic Fee - Sufyan Humam - Quetta,Clinic 3502,5485,Healthcare & Medical
RAAST P2P EMAN FATIMA,Eman Fatima,3000,Transfers
Grocery Purchase - Metro - Faisalabad,Generic Store 958,36390,Coffee & Snacks
Salary Credit - Payroll - REF 57253538,Merchant Refund 2152,10362,Income
Pharmacy Payment - D.Watson - Karachi,Hospital 1864,73427,Healthcare & Medical
Hospital Charges - Aga Khan - REF 58639696,Pharmacy 1941,3666,Healthcare & Medical
Grocery Purchase - Al-Fatah - Sialkot,Local Shop 874,23865,Restaurants / Eating Out
Monthly Subscription - Foodpanda Pro - REF 72767630,Generic Store 657,19525,Subscriptions (Streaming / Apps)
Toll Payment - M-2 - REF 95152566,Service Provider 467,22040,Public Transport
Clinic Fee - Ahmed Ali - Sialkot,Hospital 7174,25016,Healthcare & Medical
Pharmacy Payment - Imtiaz Pharmacy - Karachi,Diagnostic Lab 2487,13408,Healthcare & Medical
OGT/86b78cce-1e75-4a3b- acd4-0ff1afee PK,External Transfer,500,Transfers
Lab Test Payment - Lahore - REF 62311220,Diagnostic Lab 5969,13055,Healthcare & Medical
OGT/7d61df4f-df73-4fe1- 9af7-a15abaaa PK,External Transfer,50,Transfers
OGT/d09fb424-a884-4b0f- 9e12-373c5629 PK,External Transfer,20,Transfers
ICT/cbbaf7df-42c0-4e7e- ac3a-e8d739e1 PK,External Transfer,300,Transfers
Foodpanda Order - Rawalpindi,Service Provider 122,15039,Restaurants / Eating Out
Foodpanda Order - Rawalpindi,Restaurant 1324,11070,Food & Dining
Toll Payment - M-2 - REF 70631666,Online Merchant 662,10498,Fuel / Gas
POS Transaction - Islamabad - REF 41503848,Broker 1225,198501,Financial Services
Freelance Payment - Fiverr - REF 33619171,Client Payment 4990,45907,Income
Jazz Prepaid Load - 03282581547,Electric Company 7554,3095,Utilities & Services
Insurance Premium - Jubilee - REF 79855828,Local Shop 790,21369,Insurance
Freelance Payment - Fiverr - REF 79298390,Client Payment 2451,58780,Income
Chai Shai - Johar Town Multan,Generic Store 192,18332,Restaurants / Eating Out
Raast Payment - PK30NBPA2239004139737101,Pk30Nbpa2239004139737101,20,Transfers
POS Transaction - Peshawar - REF 52139763,Loan Provider 8535,43070,Financial Services
POS Transaction - Lahore - REF 36518545,Bank 9208,473,Financial Services
Gas Bill Payment - SSGC - REF 19824021,Online Merchant 167,16596,Electricity / Water / Gas
ICT/25057c62-8f96-42b8- 923b-bef35456 PK,External Transfer,300,Transfers
OGT/66627d98-0cb5-4847- 9590-1ea68856 PK,External Transfer,1000,Transfers
ICT/9d3cf072-f5cc-4f39- ba71-ed30a83b PK,External Transfer,500,Transfers
Online Order - PriceOye - REF 53398133,Electronics Store 2389,96490,Shopping & Retail
"CWD/MAIN BAZAR, CHAKDARA MAIN BAZAR, CHAKDARA MARDAN","Main Bazar, Chakdara Main Bazar, Chakdara Mardan",3523.44,Cash Withdrawal
Lab Test Payment - Lahore - REF 10970335,Pharmacy 3271,2025,Healthcare & Medical
Salary Credit - Payroll - REF 82317993,Employer Payroll 4712,93768,Income
POS Transaction - Islamabad - REF 68074373,Loan Provider 4546,73086,Financial Services
Clinic Fee - Fatima Noor - Karachi,Online Merchant 881,26904,Medical / Pharmacy
Tax Payment - FBR - REF 38640458,Government 9174,274298,Government & Legal
Subscription Payment - Netflix - REF 35641786,Marketplace 392,7094,Subscriptions (Streaming / Apps)
Gas Bill Payment - SSGC - REF 52741271,Telecom 7866,4378,Utilities & Services
Travel Booking - PIA - REF 11525250,Online Merchant 158,9843,Travel (Flights / Hotels)
Hospital Charges - Aga Khan - REF 79012219,Diagnostic Lab 5804,8250,Healthcare & Medical
Bus Ticket - Peshawar - REF 81863932,Marketplace 357,9710,Fuel / Gas
Monthly Subscription - Careem Plus - REF 15128982,Local Shop 269,48926,Subscriptions (Streaming / Apps)
Traffic Fine - REF 65041296,Government 1253,40541,Government & Legal
ICT/ff0e3834-a3ed-40cd- a25f-defb49b7 PK,External Transfer,1170,Transfers
Freelance Payment - Fiverr - REF 29207245,Employer Payroll 1810,53351,Income
Restaurant Payment - Bahria Town Karachi - REF 97446885,Delivery Service 8443,2789,Food & Dining
Store Purchase - I-8 Hyderabad - REF 95420763,Local Shop 242,44458,Shopping (Clothes / Electronics)
Fuel Purchase - PSO - Islamabad,Petrol Pump 4206,4844,Transportation
Cheetay Order - Quetta,Grocery Store 4572,6845,Food & Dining
Subscription Payment - Spotify - REF 88555409,Generic Store 322,37048,Subscriptions (Streaming / Apps)
POS Purchase - Imtiaz - Hyderabad,E-commerce 1049,18251,Shopping & Retail
Monthly Subscription - Foodpanda Pro - REF 76559847,Service Provider 492,14665,Subscriptions (Streaming / Apps)
Electronics Purchase - Samsung Store - Faisalabad,Clothing Store 2968,20548,Shopping & Retail
Salary Credit - Company Payroll - REF 70714009,Merchant Refund 7968,18449,Income
POS Purchase - Metro - Islamabad,Retail Store 8854,19128,Shopping & Retail
Investment - Stocks - REF 10531111,Marketplace 371,45708,Savings / Investments
Donation - Edhi Foundation - REF 42723920,Charity 6640,26437,Charity & Donations
CWD/IBB TAKHTA BAND SWAT IBB TAKHTA BAND SWAT MARDAN,Ibb Takhta Band Swat Ibb Takhta Band Swat Mardan,2023.44,Cash Withdrawal
Pharmacy Payment - D.Watson - Hyderabad,Pharmacy 7881,7975,Healthcare & Medical
ICT/b96ab028-e27a-41e8- 97aa-39e81f55 PK,External Transfer,100,Transfers
Jazz Prepaid Load - 03123772754,Telecom 3117,2159,Utilities & Services
Toll Payment - M-2 - REF 79617110,Ride-hailing 2479,228,Transportation
Tea & Snacks - Defence Faisalabad,Restaurant 3902,3806,Food & Dining
Salary Credit - Payroll - REF 29937923,Employer Bonus 1574,89350,Income
Bank Credit - Meezan Bank - REF 67827425,Client Payment 1374,64017,Income
Grocery Purchase - Al-Fatah - Karachi,Online Merchant 608,16773,Restaurants / Eating Out
Gas Bill Payment - SNGPL - REF 95240435,Marketplace 529,33932,Electricity / Water / Gas
Investment - Mutual Fund - REF 91264304,Service Provider 669,27741,Savings / Investments
Pharmacy Payment - Servaid - Karachi,Generic Store 555,33773,Medical / Pharmacy
RAAST P2P ABDUR RASHEED,Abdur Rasheed,100,Transfers
Zakat Payment - REF 57357887,Charity 8820,19761,Charity & Donations
OGT/0be69d11-c355-402e- 8b9a-f521ac03 PK,External Transfer,1600,Transfers
Grocery Purchase - Metro - Lahore,Cafe 2274,1029,Food & Dining
RAAST P2P ABDUR RASHEED,Abdur Rasheed,460,Transfers
Donation - Saylani - REF 91988256,Charity 9271,37580,Charity & Donations
Grocery Purchase - Al-Fatah - Islamabad,Online Merchant 473,42653,Restaurants / Eating Out
Cafe Aylanto - Clifton Hyderabad,Delivery Service 1260,5222,Food & Dining
Traffic Fine - REF 86916119,Government 3237,15820,Government & Legal
Online Entertainment - Google Play - REF 64699061,Generic Store 391,36091,Entertainment (Movies / Games / Events)
inDrive Ride - Islamabad,Transit 2113,414,Transportation
Freelance Payment - Upwork - REF 58788060,Employer Bonus 4930,38012,Income
Cinema Ticket - Nueplex - Hyderabad,Cinema 4390,1029,Entertainment & Recreation
Investment - Stocks - REF 56319600,Online Merchant 868,13442,Savings / Investments
Passport Fee - REF 60780009,Government 9641,9905,Government & Legal
Lab Test Payment - Quetta - REF 10801514,Clinic 7160,4963,Healthcare & Medical
Bank Credit - JS Bank - REF 39062619,Employer Bonus 1160,85463,Income
POS Purchase - Outfitters - Peshawar,Marketplace 149,32666,Home Supplies / Household Items
Clinic Fee - Sufyan Humam - Sialkot,Hospital 6822,16780,Healthcare & Medical
Jazz Prepaid Load - 03492263892,ISP 7713,3737,Utilities & Services
Restaurant Payment - Gulshan Sialkot - REF 57659002,Delivery Service 4980,2098,Food & Dining
Tea & Snacks - Clifton Rawalpindi,Online Merchant 981,29638,Groceries
Lab Test Payment - Hyderabad - REF 29173799,Diagnostic Lab 7549,17338,Healthcare & Medical
Bonus Credit - REF 61931770,Employer Payroll 5053,214745,Income
RAAST P2P BABU AKHLAQ TUCK,Babu Akhlaq Tuck,30,Transfers
Salary Credit - Company Payroll - REF 57639070,Merchant Refund 4542,16102,Income
Zong Prepaid Load - 03148536307,Telecom 4970,4879,Utilities & Services
Bonus Credit - REF 84229107,Merchant Refund 7247,18565,Income
Tuition Fee - FAST - REF 26835514,Online Merchant 517,30796,Education / Tuition
Store Purchase - F-10 Quetta - REF 68360167,Local Shop 881,37155,Shopping (Clothes / Electronics)
Salary Credit - Payroll - REF 10876514,Employer Payroll 2066,123237,Income
ICT/6ea1812e-3335-4ad7- 88da-b6259fdb PK,External Transfer,360,Transfers
LESCO Bill Payment - REF 76210582,ISP 4592,9665,Utilities & Services
Gas Bill Payment - SNGPL - REF 88637560,Generic Store 685,12755,Mobile & Internet
App Store Subscription - REF 76744784,Service Provider 268,2448,Subscriptions (Streaming / Apps)
OGT/51af4fd2-5549-49c5- 861c-ef5837cd PK,External Transfer,340,Transfers
Charity Payment - Alkhidmat - REF 74431728,Fundraiser 8521,27042,Charity & Donations
POS Transaction - Peshawar - REF 60560120,Bank 7815,561,Financial Services
Rent Payment - Fatima Noor - Lahore,Marketplace 568,14393,Housing / Rent
Mobile Topup - Zong - 03327639784,Electric Company 5441,8704,Utilities & Services
Store Purchase - Johar Town Quetta - REF 74304864,Marketplace 500,45953,Shopping (Clothes / Electronics)
POS Transaction - Karachi - REF 13875735,Broker 1304,40375,Financial Services
OGT/582bb302-63fa-4625- 8ecd-194511d7 PK,External Transfer,400,Transfers
ICT/e1d6625d-6d30-4a62- a494-6805a3d5 PK,External Transfer,160,Transfers
Insurance Premium - Jubilee - REF 61880713,Marketplace 571,43465,Insurance
Donation - Shaukat Khanum - REF 71906553,Charity 1146,63682,Charity & Donations
Tea & Snacks - Clifton Peshawar,Online Merchant 554,18382,Groceries
Charity Payment - Alkhidmat - REF 78963166,Charity 1929,39383,Charity & Donations
Hospital Charges - Aga Khan - REF 31231214,Hospital 2605,22700,Healthcare & Medical
Metro Ticket - Lahore - REF 27388876,Marketplace 778,5260,Public Transport
Tax Payment - FBR - REF 91327828,Government 1850,38103,Government & Legal
Online Entertainment - Google Play - REF 55096343,Ticketing 5373,5182,Entertainment & Recreation
Foodpanda Order - Karachi,Cafe 5614,1449,Food & Dining
Lab Test Payment - Quetta - REF 61414726,Local Shop 279,35746,Medical / Pharmacy
Foodpanda Order - Rawalpindi,Online Merchant 925,27891,Coffee & Snacks
Donation - Edhi Foundation - REF 36282953,Charity 2435,7657,Charity & Donations
ICT/b71d4afb-b99b-4e07- 9397-1aa510b9 PK,External Transfer,1000,Transfers
Insurance Premium - EFU - REF 53582907,Generic Store 628,9608,Insurance
Fuel Purchase - Shell - Faisalabad,Marketplace 526,3068,Fuel / Gas
OGT/46dea2da-8bc9-4ca8- a6fa-ef384ce8 PK,External Transfer,300,Transfers
POS Transaction - Multan - REF 41077930,Loan Provider 2751,58047,Financial Services
Freelance Payment - Upwork - REF 10598357,Employer Bonus 6212,81823,Income
POS Transaction - Lahore - REF 83334702,Generic Store 574,41380,Car Maintenance
Restaurant Payment - Bahria Town Multan - REF 46781304,Restaurant 8266,5271,Food & Dining
Maintenance Charges - Johar Town Quetta - REF 71546252,Local Shop 263,46657,Housing / Rent
Water Bill - KWSB - REF 87319692,Online Merchant 339,42503,Electricity / Water / Gas
Subscription Payment - Google One - REF 12378946,Generic Store 811,15630,Subscriptions (Streaming / Apps)
Donation - Shaukat Khanum - REF 78835167,Charity 4686,182828,Charity & Donations
OGT/7b8d7105-06b7-4bea- bda1-71818893 PK,External Transfer,110,Transfers
Electronics Purchase - Haier - Sialkot,Retail Store 9176,16698,Shopping & Retail
Cheetay Order - Faisalabad,Grocery Store 2556,7416,Food & Dining
Grocery Purchase - Al-Fatah - Sialkot,Restaurant 8698,11944,Food & Dining
Store Purchase - Bahria Town Faisalabad - REF 47485022,Clothing Store 8384,11265,Shopping & Retail
RAAST P2P YAHYA KHAN,Yahya Khan,800,Transfers
PUR/NETFLIX.COM 9 Straits View Marina Singapore 018937 SG SGP,Netflix.Com,307.08,Subscriptions
Pharmacy Payment - Servaid - Islamabad,Hospital 9576,29678,Healthcare & Medical
Grocery Purchase - Imtiaz - Rawalpindi,Restaurant 4530,1005,Food & Dining
Foodpanda Order - Quetta,Delivery Service 8207,4114,Food & Dining
Tea & Snacks - DHA Karachi,Cafe 3342,865,Food & Dining
Bonus Credit - REF 20174754,Employer Bonus 8007,30035,Income
Tuition Fee - NUST - REF 35951755,Online Merchant 264,24631,Education / Tuition
Gift Purchase - Rawalpindi - REF 41356193,Generic Store 189,18368,Gifts & Celebrations
Tea & Snacks - G-9 Hyderabad,Cafe 3976,1155,Food & Dining
Nayatel Bill Payment - REF 95374533,Service Provider 331,40775,Electricity / Water / Gas
Store Purchase - Johar Town Multan - REF 46078533,Electronics Store 2759,56204,Shopping & Retail
Grocery Purchase - Carrefour - Hyderabad,Generic Store 732,26338,Restaurants / Eating Out
Gift Purchase - Lahore - REF 94576610,Marketplace 495,28389,Gifts & Celebrations
Water Bill - WASA - REF 28582153,Local Shop 156,9601,Electricity / Water / Gas
POS Transaction - Islamabad - REF 10926180,Bank 4781,395,Financial Services
Pizza Hut - DHA Islamabad,Restaurant 3711,6633,Food & Dining
Lab Test Payment - Quetta - REF 99548760,Hospital 5878,76926,Healthcare & Medical
OGT/a6b8e87d-05cc-4db2- a126-08751960 PK,External Transfer,140,Transfers
Gift Purchase - Lahore - REF 60953973,Marketplace 546,48555,Gifts & Celebrations
Mobile Topup - Telenor - 03476247724,Water Utility 6939,8141,Utilities & Services
Passport Fee - REF 62258518,Legal Service 4482,60013,Government & Legal
Bank Credit - JS Bank - REF 29703791,Client Payment 1480,67325,Income
StormFiber Bill Payment - REF 39185598,ISP 4674,6482,Utilities & Services
Recreation Expense - G-9 Hyderabad - REF 81837471,Ticketing 9887,2291,Entertainment & Recreation
Pharmacy Payment - Imtiaz Pharmacy - Rawalpindi,Diagnostic Lab 2161,20109,Healthcare & Medical
Hospital Charges - Aga Khan - REF 10915854,Pharmacy 7097,6063,Healthcare & Medical
POS Purchase - Outfitters - Peshawar,Retail Store 4795,18458,Shopping & Retail
Investment - Stocks - REF 19669144,Marketplace 163,8524,Savings / Investments
Donation - Edhi Foundation - REF 17157650,Fundraiser 8586,28645,Charity & Donations
App Store Subscription - REF 88549769,Generic Store 665,6921,Subscriptions (Streaming / Apps)
Metro Ticket - Lahore - REF 54440718,Ride-hailing 7730,6849,Transportation
Bykea Ride - Islamabad,Ride-hailing 4953,4276,Transportation
Cinema Ticket - Nueplex - Islamabad,Gym 9482,9304,Entertainment & Recreation
Recreation Expense - Saddar Sialkot - REF 40022253,Cinema 5273,1668,Entertainment & Recreation
Mobile Topup - Telenor - 03362867915,Service Provider 105,22949,Mobile & Internet
Donation - Shaukat Khanum - REF 35680478,Fundraiser 7991,3748,Charity & Donations
Salary Credit - Company Payroll - REF 75895089,Employer Bonus 7917,94183,Income
Hospital Charges - Shaukat Khanum - REF 13460497,Clinic 6478,5547,Healthcare & Medical
Donation - Shaukat Khanum - REF 31519901,Charity 6907,29809,Charity & Donations
Recreation Expense - G-9 Peshawar - REF 64239811,Ticketing 4196,10377,Entertainment & Recreation
Electronics Purchase - Samsung Store - Rawalpindi,Retail Store 9510,12532,Shopping & Retail
Bank Transfer - MUHAMMAD NAVEED - 5010317987400015,Muhammad Naveed,201.54,Transfers
Clinic Fee - Shafqat Khan - Multan,Pharmacy 3663,5971,Healthcare & Medical
Online Entertainment - PSN - REF 33814806,Gym 4720,8717,Entertainment & Recreation
Store Purchase - Clifton Quetta - REF 53830952,Clothing Store 1323,9429,Shopping & Retail
WASA Bill Payment - REF 97717799,Telecom 5924,3221,Utilities & Services
OGT/1dec9bfd-1da0-4a2f- 80e1-a749dffd PK,External Transfer,130,Transfers
Mobile Topup - Telenor - 03112435528,Telecom 5274,4337,Utilities & Services
Grocery Purchase - Al-Fatah - Multan,Grocery Store 8330,3984,Food & Dining
Lab Test Payment - Faisalabad - REF 86898640,Hospital 2509,46536,Healthcare & Medical
POS Transaction - Peshawar - REF 65229703,Broker 7136,108341,Financial Services
POS Purchase - Khaadi - Rawalpindi,Retail Store 4227,11675,Shopping & Retail
Investment - Mutual Fund - REF 69038962,Local Shop 832,46213,Savings / Investments
Gas Bill Payment - SSGC - REF 22751041,ISP 9818,9346,Utilities & Services
POS Transaction - Hyderabad - REF 60224376,Loan Provider 2679,62180,Financial Services
POS Transaction - Hyderabad - REF 71213374,Broker 4377,177568,Financial Services
ICT/e2ac4ca5-2938-49c4- b9cc-8f62eed3 PK,External Transfer,30000,Transfers
Jazz Prepaid Load - 03289193928,Service Provider 206,22866,Mobile & Internet
Recreation Expense - Saddar Sialkot - REF 40076608,Ticketing 8142,18281,Entertainment & Recreation
NETFLIX.COM Singapore SGP,Netflix,360.33,Subscriptions
POS Transaction - Sialkot - REF 78311568,Bank 7710,1058,Financial Services
Online Order - Telemart - REF 54609129,Marketplace 612,19314,Shopping (Clothes / Electronics)
OGT/ffa7b45c-ca71-45a3- 98d5-cfb4bd71 PK,External Transfer,430,Transfers
Pharmacy Payment - Imtiaz Pharmacy - Islamabad,Generic Store 402,29933,Medical / Pharmacy
POS Transaction - Multan - REF 18554804,Bank 7804,1360,Financial Services
ICT/511da23c-3594-4a5a- a53b-9a018d69 PK,External Transfer,5000,Transfers
Recreation Expense - DHA Lahore - REF 25217222,Ticketing 7597,3043,Entertainment & Recreation
Online Entertainment - PSN - REF 51883205,Ticketing 5399,17787,Entertainment & Recreation
Restaurant Payment - Bahria Town Hyderabad - REF 58162619,Restaurant 9911,9679,Food & Dining
Grocery Purchase - Al-Fatah - Sialkot,Grocery Store 8142,1295,Food & Dining
inDrive Ride - Lahore,Auto Service 1985,10969,Transportation
OGT/e0888952-0d27-4ea0- 8087-4813c229 PK,External Transfer,140,Transfers
OGT/cf3e6f6f-9cf8-407f- ac0d-449f9d8b PK,External Transfer,2650,Transfers
Bank Credit - Meezan Bank - REF 52593977,Employer Bonus 6427,76569,Income
Grocery Purchase - Al-Fatah - Faisalabad,Grocery Store 4245,7990,Food & Dining
Tuition Fee - LUMS - REF 16857943,Local Shop 485,8480,Education / Tuition
Toll Payment - M-2 - REF 53581247,Auto Service 3183,4457,Transportation
Cinema Ticket - Cinepax - Sialkot,Cinema 1834,388,Entertainment & Recreation
inDrive Ride - Karachi,Transit 1645,184,Transportation
DLO*Temu Karachi PAK,Temu,3473,Shopping
POS Transaction - Karachi - REF 61937915,Bank 1289,838,Financial Services
Travel Booking - Airblue - REF 70623283,Service Provider 147,35734,Travel (Flights / Hotels)
Salary Credit - Company Payroll - REF 50340464,Employer Payroll 7530,166812,Income
Online Order - Daraz.pk - REF 37630804,Electronics Store 5375,45272,Shopping & Retail
Challan Payment - REF 20367966,Government 8161,287715,Government & Legal
Bus Ticket - Sialkot - REF 74252499,Generic Store 104,41751,Public Transport
Electronics Purchase - Samsung Store - Islamabad,Local Shop 922,23433,Home Supplies / Household Items
ICT/549ce875-2180-4d83- 9919-33bb2050 PK,External Transfer,575,Transfers
Water Bill - WASA - REF 78866026,Electric Company 7989,15974,Utilities & Services
Gift Purchase - Multan - REF 30866457,Generic Store 356,14098,Gifts & Celebrations
Recreation Expense - I-8 Islamabad - REF 84484662,Ticketing 9099,1318,Entertainment & Recreation
OGT/aebcd5f3-9a11-4454- acb7-1dbe4944 PK,External Transfer,600,Transfers
Rent Payment - Ahmed Ali - Sialkot,Generic Store 684,31474,Housing / Rent
Clinic Fee - Ahmed Ali - Peshawar,Pharmacy 5828,3267,Healthcare & Medical
Al-Rehman Biryani - F-10 Quetta,Generic Store 132,47006,Coffee & Snacks
Metro Ticket - Lahore - REF 68043611,Ride-hailing 6438,4492,Transportation
DARAZ.PK KARACHI PAK,Daraz,550,Shopping
POS Transaction - Rawalpindi - REF 30040982,Bank 3069,656,Financial Services
Money Transfer - EMAN FATIMA - 03332968914,Eman Fatima,200,Transfers
POS Purchase - Imtiaz - Lahore,Electronics Store 8151,105864,Shopping & Retail
Clinic Fee - Usman Ghani - Lahore,Pharmacy 3871,5088,Healthcare & Medical
Online Order - Daraz.pk - REF 58999269,Electronics Store 7731,70208,Shopping & Retail
Bundu Khan - Saddar Hyderabad,Cafe 8087,510,Food & Dining
Tax Payment - FBR - REF 67167861,Government 6496,42293,Government & Legal
Online Order - Telemart - REF 80358215,Service Provider 812,31357,Shopping (Clothes / Electronics)
Lab Test Payment - Hyderabad - REF 44762591,Hospital 4510,10997,Healthcare & Medical
Pharmacy Payment - D.Watson - Multan,Pharmacy 2442,3744,Healthcare & Medical
Hospital Charges - Aga Khan - REF 64170547,Hospital 2451,25099,Healthcare & Medical
POS Purchase - Metro - Peshawar,Clothing Store 8399,20127,Shopping & Retail
Bill Payment - REF 21355076,Service Provider 622,20910,Housing / Rent
Bus Ticket - Hyderabad - REF 89897996,Marketplace 129,46490,Fuel / Gas
Bank Credit - HBL - REF 51815943,Client Payment 4933,75523,Income
Grocery Purchase - Metro - Quetta,Generic Store 264,47617,Coffee & Snacks
Cinema Ticket - Nueplex - Faisalabad,Cinema 7372,1075,Entertainment & Recreation
POS Transaction - Sialkot - REF 50083835,Service Provider 997,36902,Car Maintenance
Internet Bill - Nayatel - REF 70491928,ISP 5698,6880,Utilities & Services
ICT/bff2ace5-3c2d-48c9- b2b0-20d4c783 PK,External Transfer,200,Transfers
POS Purchase - Imtiaz - Karachi,Electronics Store 1041,117489,Shopping & Retail
Gas Bill Payment - SNGPL - REF 27509225,Water Utility 5026,4321,Utilities & Services
Electronics Purchase - Samsung Store - Hyderabad,Clothing Store 4406,2227,Shopping & Retail
OGT/b49a1200-d75b-4bc8- a6eb-006138dd PK,External Transfer,200,Transfers
Recreation Expense - DHA Lahore - REF 15499804,Streaming Service 5775,1189,Entertainment & Recreation
Online Order - Daraz.pk - REF 95986371,E-commerce 5699,38454,Shopping & Retail
ICT/122fb71b-de3a-4d49- 83f8-be96fd81 PK,External Transfer,500,Transfers
POS Purchase - Khaadi - Faisalabad,Clothing Store 2585,13275,Shopping & Retail
POS Transaction - Rawalpindi - REF 47901683,Loan Provider 5698,52253,Financial Services
Mobile Topup - Jazz - 03422539446,Water Utility 7414,9407,Utilities & Services
Restaurant Payment - Gulshan Islamabad - REF 38094452,Restaurant 4850,7492,Food & Dining
Metro Ticket - Lahore - REF 41930048,Service Provider 298,23710,Fuel / Gas
Store Purchase - Defence Sialkot - REF 41048072,Electronics Store 3726,84418,Shopping & Retail
Toll Payment - M-2 - REF 31077150,Petrol Pump 1986,12707,Transportation
Toll Payment - M-2 - REF 92557037,Auto Service 5710,22294,Transportation
Grocery Purchase - Carrefour - Peshawar,Cafe 3997,189,Food & Dining
Tea & Snacks - F-10 Lahore,Local Shop 180,47970,Coffee & Snacks
Bill Payment - REF 35664560,Online Merchant 282,47649,Housing / Rent
Donation - Shaukat Khanum - REF 87077339,Charity 9812,170948,Charity & Donations
ICT/0bb89169-0183-4ec5- 8819-efb64af2 PK,External Transfer,300,Transfers
Hospital Charges - Shaukat Khanum - REF 72207767,Clinic 5332,624,Healthcare & Medical
Clinic Fee - Yahya - Rawalpindi,Hospital 4535,40746,Healthcare & Medical
CWD/MINGORA BRANCH MINGORA BRANCH SWAT PK,Mingora Branch Mingora Branch Swat Pk,5023.44,Cash Withdrawal
Recreation Expense - Bahria Town Rawalpindi - REF 92785219,Streaming Service 4727,2943,Entertainment & Recreation
Online Entertainment - Google Play - REF 11636109,Gym 6057,7212,Entertainment & Recreation
Hospital Charges - Aga Khan - REF 38880200,Pharmacy 1872,3516,Healthcare & Medical
Gas Bill Payment - SSGC - REF 24131096,ISP 7836,4699,Utilities & Services
Online Order - Daraz.pk - REF 50468256,Service Provider 137,47959,Home Supplies / Household Items
RAAST P2P MUHAMMAD ASLAM,Muhammad Aslam,320,Transfers
Freelance Payment - Upwork - REF 40063654,Merchant Refund 9037,9025,Income
Lab Test Payment - Faisalabad - REF 21665040,Clinic 6055,13468,Healthcare & Medical
Student Biryani - Defence Lahore,Marketplace 821,31055,Restaurants / Eating Out
Insurance Premium - Jubilee - REF 46489395,Online Merchant 414,26120,Insurance
ICT/b35b3910-eaa7-4fd5- a8ec-9c3fe07d PK,External Transfer,600,Transfers
Mobile Topup - Zong - 03127572658,Electric Company 6206,24299,Utilities & Services
Metro Ticket - Islamabad - REF 48546222,Ride-hailing 9630,4249,Transportation
Mobile Topup - Telenor - 03153110931,Local Shop 966,3550,Electricity / Water / Gas
Gas Bill Payment - SSGC - REF 94524163,Telecom 7072,3125,Utilities & Services
Metro Ticket - Lahore - REF 14709549,Petrol Pump 8393,14103,Transportation
Water Bill - WASA - REF 11964149,Water Utility 9448,6401,Utilities & Services
Freelance Payment - Upwork - REF 51619269,Employer Payroll 3361,113598,Income
Toll Payment - M-2 - REF 49405424,Generic Store 622,23140,Public Transport
Bus Ticket - Rawalpindi - REF 53261509,Transit 3898,373,Transportation
Tuition Fee - NUST - REF 72656995,Marketplace 611,47538,Education / Tuition
Subscription Payment - Netflix - REF 89675325,Online Merchant 943,41099,Subscriptions (Streaming / Apps)
Fuel Purchase - Total Parco - Sialkot,Ride-hailing 9083,5329,Transportation
Recreation Expense - Defence Quetta - REF 99293860,Streaming Service 6511,2802,Entertainment & Recreation
ICT/f177b906-5c44-4e1a- bac1-a7d9314b PK,External Transfer,2000,Transfers
Bonus Credit - REF 45596681,Employer Payroll 9735,44942,Income
Zakat Payment - REF 88788626,Charity 8442,13635,Charity & Donations
Insurance Premium - Jubilee - REF 84285665,Generic Store 917,45601,Insurance
Telenor Prepaid Load - 03253930386,Electric Company 9735,6199,Utilities & Services
Bank Credit - Allied Bank - REF 21919340,Employer Payroll 7947,34865,Income
Store Purchase - Bahria Town Hyderabad - REF 48231532,Local Shop 892,36736,Shopping (Clothes / Electronics)
Freelance Payment - Upwork - REF 34841281,Employer Bonus 6319,45780,Income
Clinic Fee - Ali Raza - Quetta,Hospital 9162,58558,Healthcare & Medical
Bus Ticket - Multan - REF 86771583,Ride-hailing 4174,3812,Transportation
Electronics Purchase - Samsung Store - Faisalabad,Electronics Store 4215,63494,Shopping & Retail
Recreation Expense - Saddar Peshawar - REF 67616033,Cinema 2839,1754,Entertainment & Recreation
Store Purchase - DHA Peshawar - REF 92054644,Marketplace 649,36988,Shopping (Clothes / Electronics)
Zakat Payment - REF 23790545,Charity 2342,15433,Charity & Donations
Cheetay Order - Multan,Restaurant 8427,8754,Food & Dining
Lab Test Payment - Multan - REF 26256610,Pharmacy 6406,1081,Healthcare & Medical
Electronics Purchase - PriceOye - Quetta,E-commerce 9049,24046,Shopping & Retail
Foodpanda Order - Rawalpindi,Cafe 2557,706,Food & Dining
Toll Payment - M-2 - REF 80793246,Petrol Pump 1846,8894,Transportation
POS Transaction - Quetta - REF 30103253,Broker 7274,184421,Financial Services
Internet Bill - Nayatel - REF 28138779,Generic Store 798,9475,Mobile & Internet
POS Transaction - Hyderabad - REF 50561156,Bank 6477,1851,Financial Services
Tax Payment - FBR - REF 65510469,Government 8115,46238,Government & Legal
ICT/7e191bc5-ef6e-4358- 877f-cfec7322 PK,External Transfer,190,Transfers
Challan Payment - REF 89574077,Government 5612,41713,Government & Legal
Recreation Expense - DHA Faisalabad - REF 95587846,Generic Store 236,11041,Entertainment (Movies / Games / Events)
