description,merchant,amount,category
Kitchen supplies,Service Provider 559,37897.0,Home Supplies / Household Items
Bank charges #1910,Bank 1910,1567.0,Financial Services
Fundraiser contribution #1652,Fundraiser 1652,1535.0,Charity & Donations
Vehicle maintenance #8746,Auto Service 8746,14525.0,Transportation
Vehicle maintenance #3563,Auto Service 3563,12463.0,Transportation
OGT/dba879a4-11bd-4ade- 880c-1955c7ba PK,External Transfer,100.0,Transfers
Flight booking,Marketplace 206,20366.0,Travel (Flights / Hotels)
Electricity bill,Generic Store 618,31813.0,Electricity / Water / Gas
Service subscription,Local Shop 563,18512.0,Subscriptions (Streaming / Apps)
Bus fare,Local Shop 577,26025.0,Public Transport
Pharmacy purchase #7882,Pharmacy 7882,2639.0,Healthcare & Medical
Gadget order,Marketplace 647,42453.0,Shopping (Clothes / Electronics)
Traffic fine #8524,Government 8524,24672.0,Government & Legal
Doctor consultation #8789,Clinic 8789,10643.0,Healthcare & Medical
Car service,Local Shop 816,39092.0,Car Maintenance
Hospital charges #1067,Hospital 1067,30548.0,Healthcare & Medical
Course enrollment,Local Shop 137,36329.0,Education / Tuition
Traffic fine #8341,Government 8341,5863.0,Government & Legal
Gym membership #6411,Gym 6411,14719.0,Entertainment & Recreation
Gym membership #7461,Gym 7461,5668.0,Entertainment & Recreation
Hospital charges #5407,Hospital 5407,56963.0,Healthcare & Medical
OGT/f70a5939-d4d3-40e9- a414-90416f42 PK,External Transfer,50.0,Transfers
Event booking #7333,Ticketing 7333,14239.0,Entertainment & Recreation
Coffee purchase #8800,Cafe 8800,772.0,Food & Dining
Utility charges,Marketplace 216,23328.0,Electricity / Water / Gas
OGT/98de3481-3d15-44af- 8757-e6563807 PK,External Transfer,100.0,Transfers
License fee #2426,Government 2426,25200.0,Government & Legal
Traffic fine #7051,Government 7051,10525.0,Government & Legal
Doctor consultation #1462,Clinic 1462,3544.0,Healthcare & Medical
Lab test payment #4546,Diagnostic Lab 4546,9577.0,Healthcare & Medical
Electricity bill payment #4114,Electric Company 4114,17762.0,Utilities & Services
Event booking #1327,Ticketing 1327,1374.0,Entertainment & Recreation
Diesel top-up,Generic Store 480,20113.0,Fuel / Gas
Grocery shopping,Generic Store 527,29762.0,Groceries
Clothing purchase #4406,Clothing Store 4406,2227.0,Shopping & Retail
Home supplies #2470,Retail Store 2470,11721.0,Shopping & Retail
OGT/c188d3d4-b819-4704- 83b5-1e24a347 PK,External Transfer,1700.0,Transfers
Card fee #9219,Bank 9219,1446.0,Financial Services
Electricity bill,Online Merchant 553,13567.0,Electricity / Water / Gas
Dinner at restaurant,Local Shop 337,25852.0,Restaurants / Eating Out
ICT/e898b64a-7911-48c3- 9166-2e946ec7 PK,External Transfer,450.0,Transfers
OGT/00565ff4-9253-4609- b29e-74808cff PK,External Transfer,80.0,Transfers
Food delivery #1995,Delivery Service 1995,1175.0,Food & Dining
Pharmacy purchase #7579,Pharmacy 7579,5292.0,Healthcare & Medical
Dinner at restaurant,Online Merchant 956,2530.0,Restaurants / Eating Out
Freelance payment received #3843,Client Payment 3843,40216.0,Income
Court fee #5270,Legal Service 5270,3480.0,Government & Legal
Zakat contribution #3111,Charity 3111,87438.0,Charity & Donations
Health insurance,Local Shop 366,16995.0,Insurance
Bank charges #3901,Bank 3901,963.0,Financial Services
Clothes shopping,Online Merchant 196,28833.0,Shopping (Clothes / Electronics)
Bus fare #3438,Transit 3438,236.0,Transportation
OGT/e161dbc6-cdc6-4e22- aaec-066a9ac0 PK,External Transfer,60.0,Transfers
RAAST P2P HAMAD KHAN,Hamad Khan,146000.0,Transfers
OGT/dca1f71b-1651-4766- 97d3-50dceb54 PK,External Transfer,60.0,Transfers
OGT/7e787c5d-37d2-4a71- 96d3-2d060c3f PK,External Transfer,180.0,Transfers
Bonus credited #9721,Employer Bonus 9721,77602.0,Income
Event booking #6856,Ticketing 6856,5402.0,Entertainment & Recreation
Bonus credited #9745,Employer Bonus 9745,35439.0,Income
RAAST P2P YAHYA KHAN,Yahya Khan,150.0,Transfers
Donation #9438,Charity 9438,1275.0,Charity & Donations
Freelance payment received #8170,Client Payment 8170,23788.0,Income
Card fee #1024,Bank 1024,1354.0,Financial Services
Fuel purchase #6489,Petrol Pump 6489,8176.0,Transportation
Vehicle maintenance #3183,Auto Service 3183,4457.0,Transportation
OGT/dd015fdb-d59f-46f3- ac41-4ee1eca6 PK,External Transfer,100.0,Transfers
Tax payment #3371,Government 3371,21317.0,Government & Legal
Ride payment #3975,Ride-hailing 3975,784.0,Transportation
OGT/65c6c57a-4eab-4a23- 898e-08d1aa03 PK,External Transfer,400.0,Transfers
Food delivery #5540,Delivery Service 5540,4275.0,Food & Dining
ICT/a448e1f2-42b4-4317- 9b5f-97ae6592 PK,External Transfer,200.0,Transfers
Event booking #6517,Ticketing 6517,9263.0,Entertainment & Recreation
ICT/a81687cb-20cc-48c5- 9a1c-87e2fa2c PK,External Transfer,3000.0,Transfers
Investment deposit,Service Provider 509,10913.0,Savings / Investments
Event booking,Online Merchant 479,49825.0,Entertainment (Movies / Games / Events)
Fuel purchase #4281,Petrol Pump 4281,11203.0,Transportation
Doctor consultation #2370,Clinic 2370,6794.0,Healthcare & Medical
Traffic fine #2150,Government 2150,26480.0,Government & Legal
Electronics purchase #4357,Electronics Store 4357,118618.0,Shopping & Retail
Pharmacy purchase #6257,Pharmacy 6257,3125.0,Healthcare & Medical
Traffic fine #4095,Government 4095,14219.0,Government & Legal
ICT/4f4dee87-0eaf-420d- b8fc-a9cd5e43 PK,External Transfer,5000.0,Transfers
ICT/71fc9c22-2315-4fc4- b77d-af9bbd4b PK,External Transfer,1000.0,Transfers
Mutual fund contribution,Marketplace 636,38042.0,Savings / Investments
Bank charges #7110,Bank 7110,1132.0,Financial Services
Vehicle maintenance #2468,Auto Service 2468,1096.0,Transportation
Diesel top-up,Marketplace 941,48912.0,Fuel / Gas
ICT/1e9f06cd-358c-498b- 8617-50fce4b5 PK,External Transfer,120.0,Transfers
Birthday celebration expense,Service Provider 795,20560.0,Gifts & Celebrations
Water bill payment #4614,Water Utility 4614,1543.0,Utilities & Services
License fee #3488,Government 3488,32334.0,Government & Legal
Electronics purchase #9051,Electronics Store 9051,27729.0,Shopping & Retail
ICT/07f5e813-aa2f-4786- b8cb-599daaf3 PK,External Transfer,150.0,Transfers
Traffic fine #4753,Government 4753,44470.0,Government & Legal
Concert entry,Local Shop 817,29820.0,Entertainment (Movies / Games / Events)
Bank Transfer - YAHYA KHAN - 04450010146803660012,Yahya Khan,5001.54,Transfers
Card fee #2312,Bank 2312,572.0,Financial Services
RAAST P2P MUHAMMAD ASLAM,Muhammad Aslam,110.0,Transfers
Home supplies #4323,Retail Store 4323,17251.0,Shopping & Retail
Bus fare #1563,Transit 1563,155.0,Transportation
Water bill payment #8738,Water Utility 8738,7301.0,Utilities & Services
Card fee #3448,Bank 3448,851.0,Financial Services
Taxi ride,Marketplace 566,36470.0,Ride Sharing / Taxi
Zakat contribution #8651,Charity 8651,36009.0,Charity & Donations
Investment deposit #1035,Broker 1035,71207.0,Financial Services
Vehicle maintenance,Marketplace 299,35614.0,Car Maintenance
ICT/e46ebb7d-7347-487c- 8ed6-8ad61732 PK,External Transfer,92.0,Transfers
OGT/15f8e92d-fd21-45d0- b361-3f678ccd PK,External Transfer,5000.0,Transfers
Fuel purchase #3467,Petrol Pump 3467,12619.0,Transportation
Pharmacy purchase,Marketplace 947,16298.0,Medical / Pharmacy
ICT/3b6c350c-e0c4-46a9- 9244-7ca28cd8 PK,External Transfer,2000.0,Transfers
Ride service fare,Service Provider 421,39400.0,Ride Sharing / Taxi
OGT/18e26e52-e61c-451b- afe5-78e1a158 PK,External Transfer,600.0,Transfers
Course enrollment,Marketplace 836,26447.0,Education / Tuition
Bonus credited #2931,Employer Bonus 2931,98361.0,Income
Ride-share trip,Generic Store 494,35079.0,Ride Sharing / Taxi
Freelance payment received #9122,Client Payment 9122,65053.0,Income
Food delivery #1763,Delivery Service 1763,4172.0,Food & Dining
ICT/cfcfcdaa-340f-4f6a- afc1-7ae56870 PK,External Transfer,9890.0,Transfers
Loan repayment #3148,Loan Provider 3148,29450.0,Financial Services
Court fee #1140,Legal Service 1140,13577.0,Government & Legal
Tuition fee payment,Service Provider 873,18092.0,Education / Tuition
Diesel top-up,Marketplace 310,7002.0,Fuel / Gas
Policy renewal,Local Shop 867,36775.0,Insurance
Fundraiser contribution #6498,Fundraiser 6498,553.0,Charity & Donations
Policy renewal,Online Merchant 780,10624.0,Insurance
Bank charges #8937,Bank 8937,1156.0,Financial Services
Loan repayment #6527,Loan Provider 6527,24841.0,Financial Services
OGT/f9a49e55-0cc3-4172- 94b3-2e22c7fc PK,External Transfer,240.0,Transfers
Freelance payment received #6733,Client Payment 6733,70845.0,Income
Ride payment #4174,Ride-hailing 4174,3812.0,Transportation
Vehicle maintenance,Online Merchant 376,37657.0,Car Maintenance
Vehicle maintenance,Local Shop 508,8201.0,Car Maintenance
OGT/f1935d40-2d09-4bf2- 85ff-fdd33a5b PK,External Transfer,100.0,Transfers
Internet bill payment #7790,ISP 7790,1761.0,Utilities & Services
Electricity bill payment #2804,Electric Company 2804,3709.0,Utilities & Services
Water bill payment #3666,Water Utility 3666,6262.0,Utilities & Services
Electronics purchase #4825,Electronics Store 4825,72289.0,Shopping & Retail
Service subscription,Local Shop 228,13498.0,Subscriptions (Streaming / Apps)
Loan repayment #5508,Loan Provider 5508,18897.0,Financial Services
Court fee #3785,Legal Service 3785,76424.0,Government & Legal
Loan repayment #5599,Loan Provider 5599,39391.0,Financial Services
Streaming subscription,Service Provider 529,32433.0,Subscriptions (Streaming / Apps)
Salary credited #8010,Employer Payroll 8010,165583.0,Income
Water bill payment #3021,Water Utility 3021,9321.0,Utilities & Services
Mobile top-up #2696,Telecom 2696,4004.0,Utilities & Services
Grocery shopping #4572,Grocery Store 4572,6845.0,Food & Dining
Monthly streaming fee,Local Shop 410,7794.0,Subscriptions (Streaming / Apps)
Streaming subscription #2924,Streaming Service 2924,1017.0,Entertainment & Recreation
Transit card recharge,Local Shop 577,24734.0,Public Transport
Electronics purchase,Marketplace 581,2958.0,Shopping (Clothes / Electronics)
Daraz Karachi PAK,Daraz,1898.0,Shopping
Event booking #1288,Ticketing 1288,8802.0,Entertainment & Recreation
OGT/fd356cc7-79e0-42f9- baed-a3d69920 PK,External Transfer,180.0,Transfers
Ride payment #4115,Ride-hailing 4115,1591.0,Transportation
Clothing purchase #8511,Clothing Store 8511,616.0,Shopping & Retail
Birthday celebration expense,Service Provider 943,37684.0,Gifts & Celebrations
Tax payment #3897,Government 3897,112293.0,Government & Legal
OGT/c04e60d3-b455-4e72- 90aa-9887b2b2 PK,External Transfer,1190.0,Transfers
Streaming subscription #4400,Streaming Service 4400,315.0,Entertainment & Recreation
Internet bill payment #3421,ISP 3421,14429.0,Utilities & Services
Coffee purchase #8087,Cafe 8087,510.0,Food & Dining
Health insurance,Marketplace 976,25020.0,Insurance
Cafe snack,Marketplace 860,37173.0,Coffee & Snacks
Donation #4387,Charity 4387,35976.0,Charity & Donations
Policy renewal,Service Provider 336,41390.0,Insurance
Rent for Multan flat,Online Merchant 969,20601.0,Housing / Rent
Vehicle maintenance #6826,Auto Service 6826,16794.0,Transportation
House rent transfer,Generic Store 602,39766.0,Housing / Rent
Freelance payment received #7566,Client Payment 7566,14594.0,Income
License fee #4289,Government 4289,22155.0,Government & Legal
Ride payment #8080,Ride-hailing 8080,699.0,Transportation
RAAST P2P ABDUR RASHEED,Abdur Rasheed,115.0,Transfers
Movie tickets #1465,Cinema 1465,4742.0,Entertainment & Recreation
Policy renewal,Generic Store 370,1285.0,Insurance
ICT/9f79b7c8-f2c3-4494- 898a-f43fef0f PK,External Transfer,5000.0,Transfers
PUR/APPLE.COM/BILL Hollyhill Estate CORK UNKNOWN IR IRL,Apple.Com/Bill Hollyhill Estate Cork Unknown Ir Irl,154.71,Bills
Broadband payment,Generic Store 750,26673.0,Mobile & Internet
Electronics purchase #4853,Electronics Store 4853,108504.0,Shopping & Retail
Petrol purchase,Marketplace 397,21023.0,Fuel / Gas
License fee #4140,Government 4140,46339.0,Government & Legal
Mobile package,Marketplace 982,28524.0,Mobile & Internet
Internet bill payment #7930,ISP 7930,4118.0,Utilities & Services
Tuition fee payment,Generic Store 602,32175.0,Education / Tuition
ICT/f55eabbe-2be1-4057- ad09-0bc35328 PK,External Transfer,50.0,Transfers
Fuel purchase #3778,Petrol Pump 3778,12243.0,Transportation
Traffic fine #8666,Government 8666,12366.0,Government & Legal
Court fee #3941,Legal Service 3941,47936.0,Government & Legal
Broadband payment,Online Merchant 388,41909.0,Mobile & Internet
Car insurance payment,Online Merchant 414,26120.0,Insurance
Diesel top-up,Local Shop 299,44662.0,Fuel / Gas
Movie tickets,Service Provider 125,37334.0,Entertainment (Movies / Games / Events)
Gadget order,Local Shop 113,4597.0,Shopping (Clothes / Electronics)
Broadband payment,Generic Store 346,7292.0,Mobile & Internet
Donation #6491,Charity 6491,32308.0,Charity & Donations
Pharmacy purchase #6938,Pharmacy 6938,2562.0,Healthcare & Medical
Vehicle maintenance,Service Provider 396,47650.0,Car Maintenance
Gas bill payment,Marketplace 529,33932.0,Electricity / Water / Gas
Bank charges #6634,Bank 6634,1555.0,Financial Services
Cab booking,Local Shop 644,24830.0,Ride Sharing / Taxi
Investment deposit #4377,Broker 4377,177568.0,Financial Services
Oil change,Marketplace 757,26051.0,Car Maintenance
Donation #9271,Charity 9271,37580.0,Charity & Donations
Grocery shopping,Local Shop 981,37496.0,Groceries
Vehicle maintenance #6655,Auto Service 6655,2005.0,Transportation
OGT/23e6fd1f-aa37-4730- ad95-21f40912 PK,External Transfer,1360.0,Transfers
Ride payment #4953,Ride-hailing 4953,4276.0,Transportation
House rent transfer,Service Provider 425,47988.0,Housing / Rent
ICT/0c94936a-f74f-4707- 9ee5-fc3f53eb PK,External Transfer,150.0,Transfers
Salary credited #8467,Employer Payroll 8467,98190.0,Income
Loan repayment #2349,Loan Provider 2349,4215.0,Financial Services
Water utility bill,Service Provider 329,18850.0,Electricity / Water / Gas
Bank charges #9555,Bank 9555,1159.0,Financial Services
Transit card recharge,Online Merchant 811,9549.0,Public Transport
Food delivery #7385,Delivery Service 7385,2916.0,Food & Dining
Traffic fine #5276,Government 5276,29498.0,Government & Legal
Investment deposit #9432,Broker 9432,132134.0,Financial Services
Train pass,Online Merchant 704,8113.0,Public Transport
Rent for Karachi flat,Marketplace 181,37455.0,Housing / Rent
Travel agency payment,Generic Store 136,44840.0,Travel (Flights / Hotels)
Prescription refill,Marketplace 303,30365.0,Medical / Pharmacy
Gadget order,Generic Store 319,42613.0,Shopping (Clothes / Electronics)
ICT/dc152a25-3b1a-44c3- a4df-bef744d8 PK,External Transfer,1500.0,Transfers
Home supplies #1542,Retail Store 1542,14429.0,Shopping & Retail
Hospital charges #8163,Hospital 8163,4743.0,Healthcare & Medical
Lab test payment #3476,Diagnostic Lab 3476,21882.0,Healthcare & Medical
Vehicle maintenance #9119,Auto Service 9119,10346.0,Transportation
Diesel top-up,Service Provider 799,8680.0,Fuel / Gas
Home supplies #1238,Retail Store 1238,1940.0,Shopping & Retail
Bank charges #4540,Bank 4540,361.0,Financial Services
Fundraiser contribution #1427,Fundraiser 1427,45114.0,Charity & Donations
Court fee #6783,Legal Service 6783,86286.0,Government & Legal
Zakat contribution #3827,Charity 3827,35416.0,Charity & Donations
Traffic fine #9395,Government 9395,14135.0,Government & Legal
Mobile top-up #3001,Telecom 3001,4981.0,Utilities & Services
Bonus credited #3594,Employer Bonus 3594,90319.0,Income
Fashion store bill,Online Merchant 915,22455.0,Shopping (Clothes / Electronics)
Event booking #6005,Ticketing 6005,2431.0,Entertainment & Recreation
Tax payment #5922,Government 5922,158479.0,Government & Legal
Food delivery #2335,Delivery Service 2335,1200.0,Food & Dining
Electronics purchase,Online Merchant 486,42973.0,Shopping (Clothes / Electronics)
Fuel purchase #1986,Petrol Pump 1986,12707.0,Transportation
Zakat contribution #8978,Charity 8978,41728.0,Charity & Donations
Dinner at restaurant,Online Merchant 281,27784.0,Restaurants / Eating Out
Tax payment #9569,Government 9569,111404.0,Government & Legal
Bonus credited #9246,Employer Bonus 9246,68730.0,Income
Mobile top-up #4952,Telecom 4952,1694.0,Utilities & Services
APPLE.COM/BILL ITUNES.COM IRL,Apple,125.0,Bills
Medicine bill,Marketplace 560,16262.0,Medical / Pharmacy
Coffee purchase #7031,Cafe 7031,699.0,Food & Dining
Online shopping #8536,E-commerce 8536,30543.0,Shopping & Retail
Bank Transfer - YAHYA KHAN - 04450010146803660012,Yahya Khan,500.99,Transfers
Loan repayment #6784,Loan Provider 6784,45116.0,Financial Services
Salary credited #5824,Employer Payroll 5824,211732.0,Income
Refund received #3530,Merchant Refund 3530,2553.0,Income
Zakat contribution #2835,Charity 2835,81030.0,Charity & Donations
Internet bill payment #1382,ISP 1382,3084.0,Utilities & Services
Flight booking,Marketplace 817,11712.0,Travel (Flights / Hotels)
Restaurant bill,Local Shop 961,3922.0,Restaurants / Eating Out
Investment deposit #8872,Broker 8872,99707.0,Financial Services
ICT/e9cf9cb9-2278-4137- bea5-aea5594f PK,External Transfer,160.0,Transfers
Loan repayment #4661,Loan Provider 4661,30248.0,Financial Services
OGT/66627d98-0cb5-4847- 9590-1ea68856 PK,External Transfer,1000.0,Transfers
Ride payment #8216,Ride-hailing 8216,2397.0,Transportation
Course enrollment,Marketplace 962,17615.0,Education / Tuition
Flight booking,Service Provider 232,29141.0,Travel (Flights / Hotels)
License fee #2730,Government 2730,27377.0,Government & Legal
Loan repayment #2821,Loan Provider 2821,1505.0,Financial Services
Fuel refill,Generic Store 376,26738.0,Fuel / Gas
License fee #9009,Government 9009,23953.0,Government & Legal
OGT/ae8a30eb-846c-4b16- acea-816b1f74 PK,External Transfer,50.0,Transfers
Lab test payment #3652,Diagnostic Lab 3652,3995.0,Healthcare & Medical
Lab test payment #9577,Diagnostic Lab 9577,20990.0,Healthcare & Medical
Google One London GBR,Google One,449.95,Subscriptions
Loan repayment #2381,Loan Provider 2381,22572.0,Financial Services
Investment deposit #2100,Broker 2100,185888.0,Financial Services
License fee #5238,Government 5238,32734.0,Government & Legal
Raast Payment - YAHYA KHAN - SBP Raast,Yahya Khan,10000.0,Transfers
Money Transfer - EMAN FATIMA - 03332968914,Eman Fatima,500.0,Transfers
Food delivery #9637,Delivery Service 9637,5647.0,Food & Dining
Ride service fare,Generic Store 354,9963.0,Ride Sharing / Taxi
Gas station payment,Generic Store 928,32418.0,Fuel / Gas
Internet bill payment #9036,ISP 9036,9588.0,Utilities & Services
Lab test payment #3527,Diagnostic Lab 3527,7591.0,Healthcare & Medical
Ride payment #7047,Ride-hailing 7047,5337.0,Transportation
Train pass,Local Shop 982,964.0,Public Transport
Fresh produce purchase,Generic Store 343,42541.0,Groceries
Lab test payment #9459,Diagnostic Lab 9459,1684.0,Healthcare & Medical
Food delivery #2209,Delivery Service 2209,2261.0,Food & Dining
Bank charges #1798,Bank 1798,1017.0,Financial Services
Cleaning products purchase,Marketplace 158,10446.0,Home Supplies / Household Items
Electricity bill payment #2080,Electric Company 2080,5091.0,Utilities & Services
Pharmacy purchase #3884,Pharmacy 3884,700.0,Healthcare & Medical
Brokerage deposit,Local Shop 871,26081.0,Savings / Investments
Petrol purchase,Marketplace 360,49042.0,Fuel / Gas
Donation #9375,Charity 9375,15059.0,Charity & Donations
Ride payment #4109,Ride-hailing 4109,2511.0,Transportation
Cleaning products purchase,Service Provider 819,42063.0,Home Supplies / Household Items
Traffic fine #8359,Government 8359,33149.0,Government & Legal
Loan repayment #2935,Loan Provider 2935,79592.0,Financial Services
Bus fare #9399,Transit 9399,102.0,Transportation
Internet bill payment #9330,ISP 9330,8728.0,Utilities & Services
Hospital charges #7751,Hospital 7751,44026.0,Healthcare & Medical
Streaming subscription,Online Merchant 779,47839.0,Subscriptions (Streaming / Apps)
Doctor consultation #3551,Clinic 3551,4568.0,Healthcare & Medical
Donation #1404,Charity 1404,1191.0,Charity & Donations
Gym membership #6162,Gym 6162,2864.0,Entertainment & Recreation
Card fee #3094,Bank 3094,1068.0,Financial Services
Train pass,Generic Store 977,30993.0,Public Transport
Netflix.com Los Gatos SGP,Netflix,268.47,Subscriptions
Bus fare #9499,Transit 9499,473.0,Transportation
Concert entry,Marketplace 539,25977.0,Entertainment (Movies / Games / Events)
Mobile top-up #2506,Telecom 2506,4838.0,Utilities & Services
Online shopping #1497,E-commerce 1497,9998.0,Shopping & Retail
OGT/d1292fb3-f7db-4f96- ac8f-7b087686 PK,External Transfer,2000.0,Transfers
Online shopping #3033,E-commerce 3033,19036.0,Shopping & Retail
Home supplies #5284,Retail Store 5284,16652.0,Shopping & Retail
Doctor consultation #9986,Clinic 9986,7034.0,Healthcare & Medical
Car insurance payment,Local Shop 925,24407.0,Insurance
Electricity bill,Generic Store 514,15799.0,Electricity / Water / Gas
Coffee purchase #1381,Cafe 1381,155.0,Food & Dining
Fundraiser contribution #3887,Fundraiser 3887,20701.0,Charity & Donations
Food delivery #6596,Delivery Service 6596,880.0,Food & Dining
ICT/9b0e1976-bcaa-4ccb- b6e6-ba1055f5 PK,External Transfer,450.0,Transfers
Electronics purchase #5734,Electronics Store 5734,83347.0,Shopping & Retail
ICT/6f1b3b57-a9a1-4271- 8b74-bca23754 PK,External Transfer,9000.0,Transfers
Loan repayment #2358,Loan Provider 2358,35305.0,Financial Services
Doctor consultation #6576,Clinic 6576,6316.0,Healthcare & Medical
Online shopping #6575,E-commerce 6575,18555.0,Shopping & Retail
Zakat contribution #9577,Charity 9577,187712.0,Charity & Donations
OGT/3fbe0484-7f63-4b06- bf5d-bf22833e PK,External Transfer,200.0,Transfers
ICT/7a25159f-81f4-4769- 9f37-17a73737 PK,External Transfer,1500.0,Transfers
Home supplies #5951,Retail Store 5951,14230.0,Shopping & Retail
Ride payment #2162,Ride-hailing 2162,3080.0,Transportation
Online shopping #2986,E-commerce 2986,24801.0,Shopping & Retail
Hospital charges #8864,Hospital 8864,68097.0,Healthcare & Medical
Tuition fee payment,Marketplace 439,9999.0,Education / Tuition
Birthday celebration expense,Generic Store 356,14098.0,Gifts & Celebrations
App subscription renewal,Marketplace 490,39892.0,Subscriptions (Streaming / Apps)
Movie tickets #1528,Cinema 1528,1953.0,Entertainment & Recreation
Movie tickets #6528,Cinema 6528,3522.0,Entertainment & Recreation
Gadget order,Service Provider 898,42623.0,Shopping (Clothes / Electronics)
Fundraiser contribution #6530,Fundraiser 6530,30447.0,Charity & Donations
Coffee purchase #7629,Cafe 7629,1242.0,Food & Dining
Traffic fine #6143,Government 6143,46275.0,Government & Legal
Fundraiser contribution #6874,Fundraiser 6874,21953.0,Charity & Donations
Monthly streaming fee,Local Shop 437,27678.0,Subscriptions (Streaming / Apps)
OGT/0f56a1ab-56e8-4da8- 8e8d-d638e137 PK,External Transfer,24.0,Transfers
Gas bill payment,Generic Store 121,46891.0,Electricity / Water / Gas
Mobile top-up #1190,Telecom 1190,966.0,Utilities & Services
Anniversary gift,Local Shop 375,49632.0,Gifts & Celebrations
Netflix.com Los Gatos SGP,Netflix,268.47,Subscriptions
Donation #2491,Charity 2491,45187.0,Charity & Donations
Transit card recharge,Service Provider 605,37932.0,Public Transport
RAAST P2P YAHYA KHAN,Yahya Khan,3440.0,Transfers
Taxi ride,Marketplace 187,20761.0,Ride Sharing / Taxi
Freelance payment received #7014,Client Payment 7014,37971.0,Income
Home supplies #7611,Retail Store 7611,5262.0,Shopping & Retail
Clothing purchase #8039,Clothing Store 8039,6386.0,Shopping & Retail
Freelance payment received #1498,Client Payment 1498,58178.0,Income
Water bill payment #5001,Water Utility 5001,2520.0,Utilities & Services
ICT/263540bb-599f-456d- 90b9-918f36a6 PK,External Transfer,5000.0,Transfers
OGT/1ad1c9b8-4a9e-4f2a- 82bf-68cf1688 PK,External Transfer,60.0,Transfers
OGT/6cd5af2e-425a-4f0e- bbaf-c6236eb1 PK,External Transfer,4000.0,Transfers
Lab test payment #3081,Diagnostic Lab 3081,4581.0,Healthcare & Medical
Electronics purchase #1569,Electronics Store 1569,112018.0,Shopping & Retail
Loan repayment #5468,Loan Provider 5468,47513.0,Financial Services
Freelance payment received #2541,Client Payment 2541,17579.0,Income
Coffee purchase #9972,Cafe 9972,678.0,Food & Dining
Ride payment #7838,Ride-hailing 7838,462.0,Transportation
Home supplies #8035,Retail Store 8035,15028.0,Shopping & Retail
Salary credited #5669,Employer Payroll 5669,55515.0,Income
Hospital charges #9313,Hospital 9313,18430.0,Healthcare & Medical
Hospital charges #2818,Hospital 2818,39288.0,Healthcare & Medical
ICT/2b001e27-f1b3-4e1a- b0e4-db839c42 PK,External Transfer,200.0,Transfers
Tax payment #4944,Government 4944,71973.0,Government & Legal
Fuel purchase #8901,Petrol Pump 8901,1223.0,Transportation
Home supplies #4610,Retail Store 4610,4436.0,Shopping & Retail
Monthly rent payment,Local Shop 383,5517.0,Housing / Rent
Hotel reservation,Service Provider 147,35734.0,Travel (Flights / Hotels)
Bonus credited #5506,Employer Bonus 5506,52434.0,Income
Weekly groceries,Marketplace 926,6691.0,Groceries
Refund received #8325,Merchant Refund 8325,8476.0,Income
Ride payment #5526,Ride-hailing 5526,5650.0,Transportation
Gadget order,Service Provider 452,12099.0,Shopping (Clothes / Electronics)
Vehicle maintenance #7226,Auto Service 7226,4289.0,Transportation
Electricity bill payment #1646,Electric Company 1646,9875.0,Utilities & Services
Internet bill,Local Shop 582,149.0,Mobile & Internet
ICT/56545aa4-26f7-4d50- 9e09-82de48bc PK,External Transfer,280.0,Transfers
Hotel reservation,Service Provider 262,25776.0,Travel (Flights / Hotels)
RAAST P2P YAHYA KHAN,Yahya Khan,10.0,Transfers
Event booking #7597,Ticketing 7597,3043.0,Entertainment & Recreation
Hospital charges #9192,Hospital 9192,73323.0,Healthcare & Medical
RAAST P2P YAHYA KHAN,Yahya Khan,355.0,Transfers
Card fee #9936,Bank 9936,147.0,Financial Services
Internet bill payment #5093,ISP 5093,8840.0,Utilities & Services
Travel agency payment,Marketplace 161,34781.0,Travel (Flights / Hotels)
Ride payment #1235,Ride-hailing 1235,5607.0,Transportation
Event booking #7790,Ticketing 7790,9202.0,Entertainment & Recreation
ICT/09198eca-2ea1-4d35- ae6d-6a42a007 PK,External Transfer,1000.0,Transfers
Home essentials,Local Shop 854,46238.0,Home Supplies / Household Items
Traffic fine #2538,Government 2538,267.0,Government & Legal
Electricity bill payment #3989,Electric Company 3989,20738.0,Utilities & Services
Clothing purchase #3883,Clothing Store 3883,4917.0,Shopping & Retail
OGT/8f220e83-aed8-47c3- b9e7-0a53bdd9 PK,External Transfer,500.0,Transfers
Brokerage deposit,Generic Store 467,36522.0,Savings / Investments
Insurance premium,Marketplace 875,35406.0,Insurance
Bank charges #8324,Bank 8324,506.0,Financial Services
Coffee purchase #9727,Cafe 9727,713.0,Food & Dining
Lab test payment #4596,Diagnostic Lab 4596,13372.0,Healthcare & Medical
Bonus credited #4190,Employer Bonus 4190,71550.0,Income
Utility charges,Online Merchant 930,33682.0,Electricity / Water / Gas
Traffic fine #8193,Government 8193,38964.0,Government & Legal
Mobile top-up #8658,Telecom 8658,3110.0,Utilities & Services
Hospital charges #7372,Hospital 7372,67929.0,Healthcare & Medical
ICT/f841e96d-7006-4f34- a804-92d9c376 PK,External Transfer,160.0,Transfers
Bus fare #7166,Transit 7166,303.0,Transportation
Water bill payment #5501,Water Utility 5501,9462.0,Utilities & Services
Court fee #3631,Legal Service 3631,28397.0,Government & Legal
Mobile top-up #5525,Telecom 5525,1612.0,Utilities & Services
Birthday celebration expense,Marketplace 188,8103.0,Gifts & Celebrations
Mobile package,Local Shop 937,15432.0,Mobile & Internet
Bonus credited #6349,Employer Bonus 6349,50165.0,Income
Apartment rent,Service Provider 923,48760.0,Housing / Rent
Electronics purchase #1360,Electronics Store 1360,17228.0,Shopping & Retail
Internet bill payment #9907,ISP 9907,1388.0,Utilities & Services
Gas station payment,Online Merchant 515,29339.0,Fuel / Gas
Water bill payment #3381,Water Utility 3381,5748.0,Utilities & Services
Mobile top-up #5251,Telecom 5251,2667.0,Utilities & Services
Internet bill payment #6129,ISP 6129,3624.0,Utilities & Services
Fundraiser contribution #9308,Fundraiser 9308,5603.0,Charity & Donations
Streaming subscription #9747,Streaming Service 9747,824.0,Entertainment & Recreation
Bank charges #9382,Bank 9382,1709.0,Financial Services
Freelance payment received #5193,Client Payment 5193,40695.0,Income
ICT/f765420d-1a79-48a8- 9eaa-610cc600 PK,External Transfer,1000.0,Transfers
Ride-share trip,Online Merchant 637,37285.0,Ride Sharing / Taxi
Ride-share trip,Service Provider 172,35553.0,Ride Sharing / Taxi
Ride-share trip,Marketplace 145,18055.0,Ride Sharing / Taxi
Traffic fine #7766,Government 7766,12038.0,Government & Legal
Insurance premium,Local Shop 599,37336.0,Insurance
Tuition fee payment,Online Merchant 442,3120.0,Education / Tuition
Brokerage deposit,Online Merchant 890,25676.0,Savings / Investments
Electronics purchase #5487,Electronics Store 5487,39798.0,Shopping & Retail
Netflix.com Los Gatos SGP,Netflix,363.08,Subscriptions
Ride payment #5023,Ride-hailing 5023,4126.0,Transportation
Streaming subscription #4924,Streaming Service 4924,2656.0,Entertainment & Recreation
ICT/c2fac43f-d97a-4736- beca-d7fa7bfa PK,External Transfer,10000.0,Transfers
Cafe snack,Service Provider 279,46003.0,Coffee & Snacks
OGT/9c095add-547f-4fde- bedf-ea2c1809 PK,External Transfer,780.0,Transfers
ICT/7716d599-ccbd-4412- 9f43-6d5920fd PK,External Transfer,1400.0,Transfers
Internet bill payment #7241,ISP 7241,5248.0,Utilities & Services
Cafe snack,Service Provider 578,36315.0,Coffee & Snacks
Movie tickets #8823,Cinema 8823,4220.0,Entertainment & Recreation
House rent transfer,Online Merchant 491,48471.0,Housing / Rent
Movie tickets #4167,Cinema 4167,3904.0,Entertainment & Recreation
ICT/a1f57784-b4a2-4f59- 9cec-8e7cfcf9 PK,External Transfer,3000.0,Transfers
Savings transfer,Marketplace 925,29150.0,Savings / Investments
Zakat contribution #2736,Charity 2736,136846.0,Charity & Donations
Traffic fine #2237,Government 2237,42060.0,Government & Legal
Money Transfer - ZAHIR REHMAN - 03439348723,Zahir Rehman,2050.0,Transfers
License fee #1763,Government 1763,42924.0,Government & Legal
Card fee #6978,Bank 6978,326.0,Financial Services
NETFLIX.COM Singapore SGP,Netflix,360.33,Subscriptions
Electronics purchase #6815,Electronics Store 6815,93052.0,Shopping & Retail
Home supplies #7820,Retail Store 7820,5394.0,Shopping & Retail
Salary credited #9422,Employer Payroll 9422,145110.0,Income
Coffee purchase #2557,Cafe 2557,706.0,Food & Dining
Petrol purchase,Marketplace 224,29470.0,Fuel / Gas
Tea and pastry,Online Merchant 117,35134.0,Coffee & Snacks
App subscription renewal,Generic Store 762,43415.0,Subscriptions (Streaming / Apps)
OGT/46b3d191-06b0-473a- 870c-9a71d71c PK,External Transfer,100.0,Transfers
Zakat contribution #6455,Charity 6455,143761.0,Charity & Donations
Coffee purchase #3829,Cafe 3829,482.0,Food & Dining
Court fee #2288,Legal Service 2288,50309.0,Government & Legal
Water bill payment #9448,Water Utility 9448,6401.0,Utilities & Services
Zakat contribution #4411,Charity 4411,96700.0,Charity & Donations
Event booking #1604,Ticketing 1604,12442.0,Entertainment & Recreation
Court fee #1279,Legal Service 1279,55968.0,Government & Legal
OGT/52404b9b-ca6f-4480- 8df0-d052192d PK,External Transfer,2600.0,Transfers
Electricity bill payment #3211,Electric Company 3211,20077.0,Utilities & Services
Household supplies,Local Shop 683,24631.0,Home Supplies / Household Items
Vehicle maintenance #6484,Auto Service 6484,45863.0,Transportation
OGT/c567b064-78fa-4814- b999-b1bdcca9 PK,External Transfer,500.0,Transfers
Household supplies,Online Merchant 106,11961.0,Home Supplies / Household Items
Streaming subscription #2797,Streaming Service 2797,524.0,Entertainment & Recreation
Mobile top-up #3887,Telecom 3887,285.0,Utilities & Services
Kitchen supplies,Online Merchant 420,26288.0,Home Supplies / Household Items
Fundraiser contribution #9160,Fundraiser 9160,768.0,Charity & Donations
ICT/ff0e3834-a3ed-40cd- a25f-defb49b7 PK,External Transfer,1170.0,Transfers
Mobile top-up #9658,Telecom 9658,4844.0,Utilities & Services
Coffee purchase #9990,Cafe 9990,1049.0,Food & Dining
ICT/1d467346-15fa-4ac9- a797-fb884bcb PK,External Transfer,60.0,Transfers
Card fee #1289,Bank 1289,838.0,Financial Services
Transit card recharge,Service Provider 423,21508.0,Public Transport
Bank charges #7509,Bank 7509,119.0,Financial Services
Streaming subscription,Local Shop 132,43412.0,Subscriptions (Streaming / Apps)
Household supplies,Local Shop 393,20254.0,Home Supplies / Household Items
Lunch outing,Marketplace 767,10859.0,Restaurants / Eating Out
Donation #5799,Charity 5799,25886.0,Charity & Donations
Fundraiser contribution #7906,Fundraiser 7906,3956.0,Charity & Donations
Food delivery #1361,Delivery Service 1361,2845.0,Food & Dining
License fee #8788,Government 8788,40713.0,Government & Legal
Fundraiser contribution #7991,Fundraiser 7991,3748.0,Charity & Donations
Food court meal,Service Provider 905,30569.0,Restaurants / Eating Out
Court fee #4419,Legal Service 4419,96983.0,Government & Legal
Bus fare #5293,Transit 5293,56.0,Transportation
Traffic fine #9881,Government 9881,28992.0,Government & Legal
RAAST P2P MALIK MUHAMMAD Y,Malik Muhammad Y,200.0,Transfers
Ride payment #6549,Ride-hailing 6549,6331.0,Transportation
License fee #8772,Government 8772,23084.0,Government & Legal
Bonus credited #7995,Employer Bonus 7995,99813.0,Income
Home essentials,Local Shop 851,14063.0,Home Supplies / Household Items
Doctor consultation #2465,Clinic 2465,5318.0,Healthcare & Medical
Online shopping #2939,E-commerce 2939,21438.0,Shopping & Retail
OGT/2455e2a3-4ed7-4a9e- bc18-b2789ab5 PK,External Transfer,60.0,Transfers
Fuel purchase #8947,Petrol Pump 8947,8660.0,Transportation
Utility charges,Generic Store 343,41367.0,Electricity / Water / Gas
Doctor consultation #1558,Clinic 1558,13233.0,Healthcare & Medical
Online shopping #6413,E-commerce 6413,37259.0,Shopping & Retail
Home essentials,Local Shop 817,4751.0,Home Supplies / Household Items
Health insurance,Generic Store 864,46579.0,Insurance
Birthday celebration expense,Service Provider 981,12338.0,Gifts & Celebrations
Gift purchase,Local Shop 498,29169.0,Gifts & Celebrations
OGT/a895f96f-af99-402a- 87d0-6115018e PK,External Transfer,500.0,Transfers
Doctor consultation #5215,Clinic 5215,1327.0,Healthcare & Medical
Coffee purchase #2076,Cafe 2076,1053.0,Food & Dining
Internet bill,Online Merchant 818,11019.0,Mobile & Internet
Oil change,Online Merchant 713,13217.0,Car Maintenance
Bonus credited #9695,Employer Bonus 9695,5618.0,Income
Donation #8736,Charity 8736,42504.0,Charity & Donations
Salary credited #7884,Employer Payroll 7884,47423.0,Income
Oil change,Local Shop 355,31130.0,Car Maintenance
Coffee shop order,Local Shop 499,5320.0,Coffee & Snacks
Car service,Marketplace 527,31080.0,Car Maintenance
Ride-share trip,Generic Store 121,47195.0,Ride Sharing / Taxi
Vehicle maintenance #2549,Auto Service 2549,42515.0,Transportation
Water bill payment #5707,Water Utility 5707,2754.0,Utilities & Services
Trip expenses,Marketplace 419,6500.0,Travel (Flights / Hotels)
Bonus credited #5239,Employer Bonus 5239,67171.0,Income
Court fee #2859,Legal Service 2859,27680.0,Government & Legal
Donation #9825,Charity 9825,48710.0,Charity & Donations
Bonus credited #5776,Employer Bonus 5776,36753.0,Income
Taxi ride,Service Provider 272,37019.0,Ride Sharing / Taxi
Loan repayment #8628,Loan Provider 8628,77403.0,Financial Services
Restaurant bill #9180,Restaurant 9180,10724.0,Food & Dining
Tuition fee payment,Online Merchant 941,43549.0,Education / Tuition
Lab test payment #8491,Diagnostic Lab 8491,18003.0,Healthcare & Medical
Fundraiser contribution #8027,Fundraiser 8027,15265.0,Charity & Donations
App subscription renewal,Local Shop 407,13750.0,Subscriptions (Streaming / Apps)
Mobile top-up #3209,Telecom 3209,3505.0,Utilities & Services
Prescription refill,Online Merchant 891,25276.0,Medical / Pharmacy
Electronics purchase #2097,Electronics Store 2097,49472.0,Shopping & Retail
Raast Payment - YAHYA KHAN - SBP Raast,Yahya Khan,1500.0,Transfers
Traffic fine #2485,Government 2485,11980.0,Government & Legal
RAAST P2P AKHLAQ,Akhlaq,9400.0,Transfers
Hospital charges #9285,Hospital 9285,66642.0,Healthcare & Medical
ICT/9c4c9853-5b64-4fd5- 9715-079de82a PK,External Transfer,250.0,Transfers
Streaming subscription #2176,Streaming Service 2176,1229.0,Entertainment & Recreation
Fuel purchase #7797,Petrol Pump 7797,13432.0,Transportation
Clothes shopping,Marketplace 553,26765.0,Shopping (Clothes / Electronics)
CWD/GIK TOPI MARDAN GIK TOPI MARDAN MARDAN PK,Gik Topi Mardan Gik Topi Mardan Mardan Pk,3023.44,Cash Withdrawal
Raast Payment - YAHYA KHAN - SBP Raast,Yahya Khan,130.0,Transfers
OGT/3fa21cf4-9528-4c8e- b5d4-13f072bf PK,External Transfer,3000.0,Transfers
Pharmacy purchase #7097,Pharmacy 7097,6063.0,Healthcare & Medical
Data recharge,Local Shop 197,46173.0,Mobile & Internet
Cab booking,Online Merchant 571,43343.0,Ride Sharing / Taxi
OGT/0403531c-5ce5-4adc- 97e6-95346778 PK,External Transfer,1000.0,Transfers
Taxi ride,Online Merchant 184,29909.0,Ride Sharing / Taxi
Grocery shopping #3690,Grocery Store 3690,13558.0,Food & Dining
Salary credited #5990,Employer Payroll 5990,50269.0,Income
Loan repayment #7563,Loan Provider 7563,27808.0,Financial Services
Freelance payment received #2179,Client Payment 2179,66947.0,Income
Food delivery #2287,Delivery Service 2287,2884.0,Food & Dining
Grocery shopping #4089,Grocery Store 4089,13235.0,Food & Dining
Internet bill,Service Provider 192,4717.0,Mobile & Internet
Concert entry,Local Shop 169,20842.0,Entertainment (Movies / Games / Events)
Flight booking,Marketplace 480,48509.0,Travel (Flights / Hotels)
Clothing purchase #8741,Clothing Store 8741,16463.0,Shopping & Retail
License fee #7343,Government 7343,37966.0,Government & Legal
RAAST P2P MUHAMMAD ZUBAIR,Muhammad Zubair,1350.0,Transfers
Coffee purchase #6283,Cafe 6283,562.0,Food & Dining
RAAST P2P Raast IBAN Payme,Raast Iban Payme,20000.0,Transfers
Prescription refill,Service Provider 808,25134.0,Medical / Pharmacy
Movie tickets #1355,Cinema 1355,3563.0,Entertainment & Recreation
Zakat contribution #4468,Charity 4468,91049.0,Charity & Donations
Taxi ride,Online Merchant 768,46408.0,Ride Sharing / Taxi
Bonus credited #8004,Employer Bonus 8004,69402.0,Income
OGT/4d4f5abf-70e3-489e- b077-76acb347 PK,External Transfer,1000.0,Transfers
Fundraiser contribution #5087,Fundraiser 5087,39585.0,Charity & Donations
Loan repayment #9536,Loan Provider 9536,14110.0,Financial Services
OGT/31fa8dbe-37af-4e9d- 90d0-fc8a8f49 PK,External Transfer,530.0,Transfers
Donation #4364,Charity 4364,16044.0,Charity & Donations
Pharmacy purchase,Generic Store 114,3984.0,Medical / Pharmacy
ICT/749c79a3-2bff-4377- 8852-0a7a3476 PK,External Transfer,435.0,Transfers
Trip expenses,Marketplace 910,40052.0,Travel (Flights / Hotels)
Streaming subscription,Service Provider 838,18768.0,Subscriptions (Streaming / Apps)
Vehicle maintenance #1769,Auto Service 1769,5296.0,Transportation
Loan repayment #7530,Loan Provider 7530,74371.0,Financial Services
Monthly rent payment,Generic Store 226,27787.0,Housing / Rent
Internet bill payment #8293,ISP 8293,8070.0,Utilities & Services
Coffee purchase,Local Shop 180,47970.0,Coffee & Snacks
OGT/e81cdf0a-5938-4447- 9d2a-0ae31a37 PK,External Transfer,210.0,Transfers
Anniversary gift,Generic Store 302,22794.0,Gifts & Celebrations
Tax payment #9331,Government 9331,161042.0,Government & Legal
OGT/2828af54-ae45-4259- a27e-a4a042f2 PK,External Transfer,150.0,Transfers
Fuel purchase #1632,Petrol Pump 1632,1170.0,Transportation
Apartment rent,Generic Store 412,21892.0,Housing / Rent
Investment deposit #2633,Broker 2633,160082.0,Financial Services
Restaurant bill #3902,Restaurant 3902,3806.0,Food & Dining
Restaurant bill #7603,Restaurant 7603,9912.0,Food & Dining
Ride-share trip,Online Merchant 360,9692.0,Ride Sharing / Taxi
Supermarket groceries,Local Shop 526,7481.0,Groceries
ICT/0c0534d0-0ffc-46b6- 8976-c4306f80 PK,External Transfer,170.0,Transfers
Travel agency payment,Online Merchant 582,36537.0,Travel (Flights / Hotels)
Trip expenses,Generic Store 862,38937.0,Travel (Flights / Hotels)
Electronics purchase #8469,Electronics Store 8469,65354.0,Shopping & Retail
Salary credited #1205,Employer Payroll 1205,94845.0,Income
Electricity bill,Online Merchant 202,12560.0,Electricity / Water / Gas
Investment deposit #7359,Broker 7359,52122.0,Financial Services
ICT/dc47db8e-1cb2-4ac3- aeac-a0e6046e PK,External Transfer,39000.0,Transfers
Grocery shopping #2958,Grocery Store 2958,12634.0,Food & Dining
Refund received #5327,Merchant Refund 5327,17113.0,Income
Tax payment #8457,Government 8457,224295.0,Government & Legal
Loan repayment #8535,Loan Provider 8535,43070.0,Financial Services
Traffic fine #2891,Government 2891,47154.0,Government & Legal
Donation #8333,Charity 8333,6629.0,Charity & Donations
Vehicle maintenance,Marketplace 709,46102.0,Car Maintenance
Movie tickets #2366,Cinema 2366,533.0,Entertainment & Recreation
Mobile top-up #1641,Telecom 1641,1964.0,Utilities & Services
ICT/efbf92fa-794f-4cc7- a98e-20833a54 PK,External Transfer,1500.0,Transfers
Donation #1823,Charity 1823,12513.0,Charity & Donations
Vehicle maintenance #1519,Auto Service 1519,1798.0,Transportation
Loan repayment #8452,Loan Provider 8452,5671.0,Financial Services
Petrol purchase,Service Provider 374,1086.0,Fuel / Gas
Pharmacy purchase,Local Shop 969,28955.0,Medical / Pharmacy
Movie tickets #4050,Cinema 4050,782.0,Entertainment & Recreation
Vehicle maintenance #1039,Auto Service 1039,35043.0,Transportation
Coffee purchase,Online Merchant 221,14809.0,Coffee & Snacks
ICT/0970c94a-17cc-40a3- b99b-e760a759 PK,External Transfer,639.0,Transfers
Freelance payment received #5976,Client Payment 5976,18200.0,Income
Event booking #2178,Ticketing 2178,863.0,Entertainment & Recreation
Bus fare #2675,Transit 2675,228.0,Transportation
ICT/06f539a9-1b13-4db3- 843f-c9fee49d PK,External Transfer,340.0,Transfers
ICT/88b95341-1312-4be4- 8898-55c48352 PK,External Transfer,200.0,Transfers
Bus fare #6803,Transit 6803,325.0,Transportation
ICT/770a80da-9194-491c- 905d-233c1b88 PK,External Transfer,500.0,Transfers
CWD/MINGORA BRANCH MINGORA BRANCH SWAT PK,Mingora Branch Mingora Branch Swat Pk,5023.44,Cash Withdrawal
Home supplies #6110,Retail Store 6110,19396.0,Shopping & Retail
Card fee #9218,Bank 9218,1113.0,Financial Services
Refund received #7862,Merchant Refund 7862,16379.0,Income
School fee,Marketplace 400,10309.0,Education / Tuition
Salary credited #9040,Employer Payroll 9040,79152.0,Income
Event booking #4403,Ticketing 4403,13305.0,Entertainment & Recreation
Home essentials,Service Provider 794,21582.0,Home Supplies / Household Items
Gas station payment,Generic Store 843,17491.0,Fuel / Gas
Movie tickets #5402,Cinema 5402,3541.0,Entertainment & Recreation
OGT/e2f186c8-f164-4c54- a2e2-48b39160 PK,External Transfer,30.0,Transfers
Restaurant bill #7418,Restaurant 7418,9224.0,Food & Dining
Dinner at restaurant,Online Merchant 900,45462.0,Restaurants / Eating Out
Investment deposit,Marketplace 371,45708.0,Savings / Investments
ICT/634237fe-1e4d-41e2- b05b-fbcf7d9a PK,External Transfer,1000.0,Transfers
Fundraiser contribution #7274,Fundraiser 7274,17252.0,Charity & Donations
Bus fare #9437,Transit 9437,183.0,Transportation
Grocery shopping,Online Merchant 554,18382.0,Groceries
Bonus credited #3947,Employer Bonus 3947,75010.0,Income
RAAST P2P ZAHID HUSSAIN KH,Zahid Hussain Kh,120.0,Transfers
OGT/f2eec87a-c558-4330- bd99-7a8b7609 PK,External Transfer,250.0,Transfers
Clinic visit,Online Merchant 319,17334.0,Medical / Pharmacy
Mobile top-up #9152,Telecom 9152,1061.0,Utilities & Services
Loan repayment #6793,Loan Provider 6793,9616.0,Financial Services
Water bill payment #8223,Water Utility 8223,4683.0,Utilities & Services
ICT/d2546e94-2406-41aa- b43f-611049a6 PK,External Transfer,5000.0,Transfers
Birthday celebration expense,Generic Store 166,17385.0,Gifts & Celebrations
Medicine bill,Marketplace 129,17679.0,Medical / Pharmacy
Bus fare #9695,Transit 9695,54.0,Transportation
Electronics purchase #3123,Electronics Store 3123,108195.0,Shopping & Retail
Court fee #2505,Legal Service 2505,90432.0,Government & Legal
Mutual fund contribution,Service Provider 574,9474.0,Savings / Investments
Refund received #6711,Merchant Refund 6711,11577.0,Income
License fee #1781,Government 1781,23589.0,Government & Legal
Cleaning products purchase,Marketplace 677,25757.0,Home Supplies / Household Items
ICT/f113e7e7-b7e8-46f0- b2b2-c8ab10d5 PK,External Transfer,10000.0,Transfers
Event booking #5033,Ticketing 5033,3685.0,Entertainment & Recreation
Donation #7338,Charity 7338,30670.0,Charity & Donations
Party supplies,Local Shop 229,17840.0,Gifts & Celebrations
OGT/ad8d5d52-927d-475d- bb7e-295570b0 PK,External Transfer,540.0,Transfers
Donation #5006,Charity 5006,25328.0,Charity & Donations
Coffee purchase #1916,Cafe 1916,581.0,Food & Dining
Mobile package,Service Provider 605,21062.0,Mobile & Internet
Internet bill payment #7522,ISP 7522,2544.0,Utilities & Services
OGT/5e069885-452f-4c66- adfc-c9ae722c PK,External Transfer,400.0,Transfers
Tire replacement,Service Provider 542,42501.0,Car Maintenance
Coffee purchase #3138,Cafe 3138,494.0,Food & Dining
Gym membership #2532,Gym 2532,5548.0,Entertainment & Recreation
Mutual fund contribution,Online Merchant 899,18237.0,Savings / Investments
Apartment rent,Generic Store 905,27187.0,Housing / Rent
Gift purchase,Generic Store 809,43744.0,Gifts & Celebrations
Fundraiser contribution #9601,Fundraiser 9601,43951.0,Charity & Donations
Mobile top-up #4970,Telecom 4970,4879.0,Utilities & Services
Electricity bill payment #3475,Electric Company 3475,22349.0,Utilities & Services
Health insurance,Marketplace 146,14598.0,Insurance
Supermarket groceries,Local Shop 963,42443.0,Groceries
Grocery shopping #3054,Grocery Store 3054,5133.0,Food & Dining
Travel agency payment,Generic Store 733,41242.0,Travel (Flights / Hotels)
Anniversary gift,Service Provider 810,47308.0,Gifts & Celebrations
Home supplies #1898,Retail Store 1898,14079.0,Shopping & Retail
Refund received #2257,Merchant Refund 2257,12808.0,Income
Movie tickets #9365,Cinema 9365,1080.0,Entertainment & Recreation
Streaming subscription,Marketplace 602,32031.0,Subscriptions (Streaming / Apps)
Cafe snack,Online Merchant 925,27891.0,Coffee & Snacks
Home supplies #6833,Retail Store 6833,14477.0,Shopping & Retail
Exam fee,Generic Store 322,15105.0,Education / Tuition
Zakat contribution #8184,Charity 8184,107955.0,Charity & Donations
Brokerage deposit,Generic Store 876,4428.0,Savings / Investments
Doctor consultation #2295,Clinic 2295,4377.0,Healthcare & Medical
Vehicle maintenance,Marketplace 926,45314.0,Car Maintenance
Online shopping #2065,E-commerce 2065,5412.0,Shopping & Retail
Pharmacy purchase #7780,Pharmacy 7780,3888.0,Healthcare & Medical
Medicine bill,Marketplace 154,23496.0,Medical / Pharmacy
Donation #2847,Charity 2847,46502.0,Charity & Donations
Fundraiser contribution #7444,Fundraiser 7444,11053.0,Charity & Donations
Zakat contribution #5551,Charity 5551,187012.0,Charity & Donations
ICT/72fb1617-a19f-428e- 937f-f109385d PK,External Transfer,500.0,Transfers
OGT/7983444a-d203-4bc9- b513-e8394e0c PK,External Transfer,400.0,Transfers
Fundraiser contribution #3196,Fundraiser 3196,41152.0,Charity & Donations
Coffee shop order,Local Shop 312,6388.0,Coffee & Snacks
Water bill payment #9750,Water Utility 9750,2852.0,Utilities & Services
Ride payment #4789,Ride-hailing 4789,1266.0,Transportation
Coffee purchase #7077,Cafe 7077,1408.0,Food & Dining
Electronics purchase #6567,Electronics Store 6567,95071.0,Shopping & Retail
Food delivery #5088,Delivery Service 5088,845.0,Food & Dining
Household supplies,Online Merchant 989,6719.0,Home Supplies / Household Items
Doctor consultation #4941,Clinic 4941,8200.0,Healthcare & Medical
OGT/57d7fcbb-7cb5-4b4b- a570-3498e38b PK,External Transfer,15.0,Transfers
Freelance payment received #5996,Client Payment 5996,49770.0,Income
Fashion store bill,Generic Store 837,21169.0,Shopping (Clothes / Electronics)
Tax payment #2802,Government 2802,174191.0,Government & Legal
Service subscription,Online Merchant 634,8747.0,Subscriptions (Streaming / Apps)
OGT/4ef5239d-54eb-4dd5- 8c0b-b827feae PK,External Transfer,57.0,Transfers
Electronics purchase #2234,Electronics Store 2234,102591.0,Shopping & Retail
Zakat contribution #9830,Charity 9830,176792.0,Charity & Donations
Refund received #5685,Merchant Refund 5685,10991.0,Income
ICT/9e9f2be8-9dab-4223- 9188-b470b0fe PK,External Transfer,430.0,Transfers
Vehicle maintenance #4161,Auto Service 4161,9773.0,Transportation
Restaurant bill #7307,Restaurant 7307,10312.0,Food & Dining
Travel agency payment,Marketplace 127,28070.0,Travel (Flights / Hotels)
Lab test payment #5849,Diagnostic Lab 5849,14186.0,Healthcare & Medical
Movie tickets #1880,Cinema 1880,1936.0,Entertainment & Recreation
Refund received #4949,Merchant Refund 4949,13161.0,Income
Coffee purchase,Marketplace 269,40846.0,Coffee & Snacks
Taxi ride,Service Provider 674,21730.0,Ride Sharing / Taxi
Internet bill,Generic Store 542,30477.0,Mobile & Internet
Donation #3201,Charity 3201,45723.0,Charity & Donations
Refund received #4386,Merchant Refund 4386,2970.0,Income
NETFLIX.COM Singapore SGP,Netflix,307.08,Subscriptions
License fee #7030,Government 7030,12199.0,Government & Legal
Fundraiser contribution #2939,Fundraiser 2939,42220.0,Charity & Donations
Grocery shopping #1522,Grocery Store 1522,9285.0,Food & Dining
Lab test payment #9860,Diagnostic Lab 9860,3346.0,Healthcare & Medical
OGT/d37c3dcf-87a6-407e- 8dcd-c6e98fa3 PK,External Transfer,300.0,Transfers
OGT/94f5f8ce-8ea3-40c8- 834e-f3176efe PK,External Transfer,400.0,Transfers
Electronics purchase #1538,Electronics Store 1538,34638.0,Shopping & Retail
Ride service fare,Online Merchant 552,33651.0,Ride Sharing / Taxi
OGT/55f902c0-3f20-40a0- a581-706b1dce PK,External Transfer,200.0,Transfers
OGT/017d10d0-d7fb-421d- 95b6-18fdcf03 PK,External Transfer,400.0,Transfers
Grocery shopping #4586,Grocery Store 4586,524.0,Food & Dining
Zakat contribution #8820,Charity 8820,19761.0,Charity & Donations
License fee #4958,Government 4958,4122.0,Government & Legal
Clothing purchase #9424,Clothing Store 9424,16775.0,Shopping & Retail
Bonus credited #6319,Employer Bonus 6319,45780.0,Income
Refund received #5627,Merchant Refund 5627,6597.0,Income
Gym membership #2692,Gym 2692,1287.0,Entertainment & Recreation
Water bill payment #4629,Water Utility 4629,6630.0,Utilities & Services
Water bill payment #9167,Water Utility 9167,2354.0,Utilities & Services
Clothing purchase #2704,Clothing Store 2704,19887.0,Shopping & Retail
Streaming subscription #5775,Streaming Service 5775,1189.0,Entertainment & Recreation
Bus fare #3914,Transit 3914,114.0,Transportation
Mobile top-up #9856,Telecom 9856,868.0,Utilities & Services
Vehicle maintenance #6066,Auto Service 6066,45241.0,Transportation
Train pass,Generic Store 690,47281.0,Public Transport
Doctor consultation #5459,Clinic 5459,10266.0,Healthcare & Medical
House rent transfer,Online Merchant 638,36024.0,Housing / Rent
Anniversary gift,Local Shop 411,7516.0,Gifts & Celebrations
Dinner at restaurant,Service Provider 137,21745.0,Restaurants / Eating Out
License fee #8237,Government 8237,19084.0,Government & Legal
Mobile top-up #9259,Telecom 9259,4090.0,Utilities & Services
Fresh produce purchase,Marketplace 314,14461.0,Groceries
Electricity bill payment #8798,Electric Company 8798,13357.0,Utilities & Services
ICT/493e8476-fe67-40ab- 8f70-3acec95f PK,External Transfer,400.0,Transfers
Grocery shopping #3182,Grocery Store 3182,9043.0,Food & Dining
Donation #7379,Charity 7379,43828.0,Charity & Donations
Card fee #5173,Bank 5173,420.0,Financial Services
Electronics purchase #9314,Electronics Store 9314,13366.0,Shopping & Retail
Weekly groceries,Marketplace 532,38537.0,Groceries
Loan repayment #7269,Loan Provider 7269,21666.0,Financial Services
Zakat contribution #3203,Charity 3203,93738.0,Charity & Donations
Water bill payment #1646,Water Utility 1646,1464.0,Utilities & Services
Gas station payment,Online Merchant 514,8973.0,Fuel / Gas
Electronics purchase #3341,Electronics Store 3341,74683.0,Shopping & Retail
License fee #4710,Government 4710,32162.0,Government & Legal
Salary credited #1066,Employer Payroll 1066,207078.0,Income
Restaurant bill #7317,Restaurant 7317,7200.0,Food & Dining
Car service,Marketplace 495,12154.0,Car Maintenance
Ride payment #9481,Ride-hailing 9481,1257.0,Transportation
Mobile top-up #5274,Telecom 5274,4337.0,Utilities & Services
OGT/6ee82b09-0af3-4436- 96d9-f4b6e8c9 PK,External Transfer,200.0,Transfers
Savings transfer,Generic Store 655,31099.0,Savings / Investments
Movie tickets #9873,Cinema 9873,2168.0,Entertainment & Recreation
Apartment rent,Marketplace 448,44914.0,Housing / Rent
Lab test payment #9896,Diagnostic Lab 9896,21121.0,Healthcare & Medical
License fee #3947,Government 3947,20118.0,Government & Legal
Dinner at restaurant,Marketplace 764,5239.0,Restaurants / Eating Out
Refund received #4832,Merchant Refund 4832,18545.0,Income
Loan repayment #6088,Loan Provider 6088,33320.0,Financial Services
Tax payment #5172,Government 5172,263720.0,Government & Legal
Ride payment #5976,Ride-hailing 5976,4193.0,Transportation
License fee #4811,Government 4811,49546.0,Government & Legal
Electricity bill payment #8970,Electric Company 8970,18502.0,Utilities & Services
Home supplies #5294,Retail Store 5294,11739.0,Shopping & Retail
Clothing purchase #6078,Clothing Store 6078,6489.0,Shopping & Retail
Gym membership #1545,Gym 1545,12700.0,Entertainment & Recreation
APPLE.COM/BILL ITUNES.COM IRL,Apple,118.13,Bills
Restaurant bill #5867,Restaurant 5867,6186.0,Food & Dining
Pharmacy purchase #4394,Pharmacy 4394,2837.0,Healthcare & Medical
Medicine bill,Service Provider 506,36897.0,Medical / Pharmacy
OGT/e1d192f1-bcbc-44a8- b12c-3d0143de PK,External Transfer,8250.0,Transfers
Card fee #4777,Bank 4777,1040.0,Financial Services
RAAST P2P EMAN FATIMA,Eman Fatima,5000.0,Transfers
Grocery shopping,Service Provider 484,39300.0,Groceries
Event booking #5450,Ticketing 5450,11509.0,Entertainment & Recreation
Hospital charges #9074,Hospital 9074,46670.0,Healthcare & Medical
Movie tickets #4073,Cinema 4073,2597.0,Entertainment & Recreation
Pharmacy purchase,Service Provider 375,18748.0,Medical / Pharmacy
Hospital charges #9472,Hospital 9472,49063.0,Healthcare & Medical
Electricity bill payment #2144,Electric Company 2144,13425.0,Utilities & Services
Electricity bill payment #3216,Electric Company 3216,19004.0,Utilities & Services
Donation #9454,Charity 9454,13756.0,Charity & Donations
Grocery shopping #5033,Grocery Store 5033,7643.0,Food & Dining
OGT/3252abb2-65de-489b- b7a0-d32f25ae PK,External Transfer,19000.0,Transfers
Online shopping #6085,E-commerce 6085,34081.0,Shopping & Retail
Bus fare #2381,Transit 2381,470.0,Transportation
ICT/2411734a-7742-42fe- 99e5-fab58cb6 PK,External Transfer,3500.0,Transfers
Vehicle maintenance #3027,Auto Service 3027,22616.0,Transportation
OGT/6122d171-ee08-4cbb- 9dc2-0ac9822d PK,External Transfer,670.0,Transfers
Money Transfer - EMAN FATIMA - 03332968914,Eman Fatima,800.0,Transfers
Zakat contribution #8116,Charity 8116,121097.0,Charity & Donations
Vehicle maintenance,Local Shop 475,31944.0,Car Maintenance
Electricity bill payment #4754,Electric Company 4754,12284.0,Utilities & Services
Weekly groceries,Generic Store 257,41566.0,Groceries
Gas station payment,Online Merchant 359,20990.0,Fuel / Gas
Tax payment #7125,Government 7125,120515.0,Government & Legal
Home essentials,Local Shop 230,49550.0,Home Supplies / Household Items
Vehicle maintenance #1947,Auto Service 1947,47730.0,Transportation
Coffee purchase #9346,Cafe 9346,971.0,Food & Dining
Food delivery #4980,Delivery Service 4980,2098.0,Food & Dining
OGT/9084efa6-5847-459a- a7c9-6f838b6a PK,External Transfer,550.0,Transfers
Ride payment #6311,Ride-hailing 6311,7807.0,Transportation
RAAST P2P YASIR MANZOOR,Yasir Manzoor,12000.0,Transfers
Gadget order,Online Merchant 223,16568.0,Shopping (Clothes / Electronics)
Hospital charges #7995,Hospital 7995,2240.0,Healthcare & Medical
Event booking,Generic Store 236,11041.0,Entertainment (Movies / Games / Events)
Data recharge,Service Provider 650,43767.0,Mobile & Internet
ICT/2d53fe40-bf96-49fb- a898-d46b0d1e PK,External Transfer,860.0,Transfers
Mutual fund contribution,Marketplace 163,8524.0,Savings / Investments
Fresh produce purchase,Marketplace 834,47961.0,Groceries
Grocery shopping #9958,Grocery Store 9958,1333.0,Food & Dining
Fundraiser contribution #5267,Fundraiser 5267,29714.0,Charity & Donations
Car service,Generic Store 782,49235.0,Car Maintenance
Gadget order,Online Merchant 369,29670.0,Shopping (Clothes / Electronics)
Bonus credited #4741,Employer Bonus 4741,76962.0,Income
Movie tickets #5273,Cinema 5273,1668.0,Entertainment & Recreation
Ride-share trip,Local Shop 986,21682.0,Ride Sharing / Taxi
Policy renewal,Local Shop 987,40043.0,Insurance
Ride-share trip,Generic Store 307,23427.0,Ride Sharing / Taxi
License fee #8944,Government 8944,37181.0,Government & Legal
Fashion store bill,Service Provider 880,42106.0,Shopping (Clothes / Electronics)
Course enrollment,Generic Store 285,38744.0,Education / Tuition
Money Transfer - EMAN FATIMA - 03332968914,Eman Fatima,500.0,Transfers
Electricity bill payment #7989,Electric Company 7989,15974.0,Utilities & Services
Tax payment #5633,Government 5633,170138.0,Government & Legal
Supermarket groceries,Online Merchant 215,36511.0,Groceries
Cleaning products purchase,Local Shop 496,2720.0,Home Supplies / Household Items
Ride-share trip,Online Merchant 839,30354.0,Ride Sharing / Taxi
Electricity bill,Service Provider 655,45581.0,Electricity / Water / Gas
Fundraiser contribution #1546,Fundraiser 1546,24973.0,Charity & Donations
Grocery shopping #4006,Grocery Store 4006,8566.0,Food & Dining
Freelance payment received #9815,Client Payment 9815,22991.0,Income
Freelance payment received #4771,Client Payment 4771,61162.0,Income
ICT/8439f9d5-7c9d-4392- b925-dc27aa23 PK,External Transfer,40400.0,Transfers
Salary credited #3708,Employer Payroll 3708,244087.0,Income
Loan repayment #9462,Loan Provider 9462,48312.0,Financial Services
Tea and pastry,Marketplace 433,41776.0,Coffee & Snacks
Internet bill payment #9952,ISP 9952,11673.0,Utilities & Services
Clothing purchase #5573,Clothing Store 5573,1271.0,Shopping & Retail
License fee #3884,Government 3884,42091.0,Government & Legal
OGT/02542837-4529-4201- 9bd5-4c1440b5 PK,External Transfer,100.0,Transfers
Lab test payment #5989,Diagnostic Lab 5989,9817.0,Healthcare & Medical
Gaming purchase,Service Provider 564,45440.0,Entertainment (Movies / Games / Events)
Apartment rent,Local Shop 591,8920.0,Housing / Rent
Zakat contribution #7389,Charity 7389,136170.0,Charity & Donations
OGT/797c95d9-bab5-417a- a3af-bbd155d7 PK,External Transfer,500.0,Transfers
License fee #5484,Government 5484,46976.0,Government & Legal
RAAST P2P MUSA MART,Musa Mart,330.0,Transfers
Utility charges,Local Shop 654,9969.0,Electricity / Water / Gas
Zakat contribution #2455,Charity 2455,57214.0,Charity & Donations
Home supplies #8944,Retail Store 8944,4024.0,Shopping & Retail
Card fee #8880,Bank 8880,137.0,Financial Services
Electricity bill payment #2813,Electric Company 2813,8106.0,Utilities & Services
Bus fare,Service Provider 970,19515.0,Public Transport
Pharmacy purchase #2587,Pharmacy 2587,4690.0,Healthcare & Medical
Household supplies,Marketplace 870,14836.0,Home Supplies / Household Items
License fee #6060,Government 6060,5201.0,Government & Legal
Bus fare #9916,Transit 9916,121.0,Transportation
Bonus credited #7451,Employer Bonus 7451,29808.0,Income
Clothing purchase #4665,Clothing Store 4665,12552.0,Shopping & Retail
Salary credited #7474,Employer Payroll 7474,138408.0,Income
Fundraiser contribution #4976,Fundraiser 4976,40158.0,Charity & Donations
Doctor consultation #2240,Clinic 2240,6447.0,Healthcare & Medical
Online shopping #3166,E-commerce 3166,11291.0,Shopping & Retail
Bonus credited #8435,Employer Bonus 8435,39549.0,Income
Internet bill payment #5492,ISP 5492,8337.0,Utilities & Services
Home supplies #3915,Retail Store 3915,1527.0,Shopping & Retail
Food delivery #1926,Delivery Service 1926,4514.0,Food & Dining
Doctor consultation #5414,Clinic 5414,4592.0,Healthcare & Medical
Doctor consultation #3316,Clinic 3316,9019.0,Healthcare & Medical
Bank Transfer - ABL,Abl,2298.0,Transfers
Vehicle maintenance #1183,Auto Service 1183,2024.0,Transportation
Zakat contribution #5119,Charity 5119,178163.0,Charity & Donations
Freelance payment received #8236,Client Payment 8236,69824.0,Income
Card fee #8528,Bank 8528,510.0,Financial Services
Coffee purchase #4678,Cafe 4678,357.0,Food & Dining
Pharmacy purchase #1177,Pharmacy 1177,2579.0,Healthcare & Medical
Restaurant bill #9597,Restaurant 9597,4032.0,Food & Dining
Car insurance payment,Online Merchant 312,48838.0,Insurance
Online shopping #8794,E-commerce 8794,32002.0,Shopping & Retail
Fuel purchase #1032,Petrol Pump 1032,1742.0,Transportation
ICT/cc8a9c63-1644-497f- 94b8-558ef1c4 PK,External Transfer,1000.0,Transfers
Doctor consultation #1903,Clinic 1903,11038.0,Healthcare & Medical
Investment deposit #3225,Broker 3225,15647.0,Financial Services
Vehicle maintenance #9890,Auto Service 9890,6644.0,Transportation
Internet bill,Local Shop 121,24679.0,Mobile & Internet
Money Transfer - LIAQUAT ZAMAN - 03482041253,Liaquat Zaman,120.0,Transfers
Freelance payment received #2262,Client Payment 2262,45712.0,Income
Lunch outing,Generic Store 332,1338.0,Restaurants / Eating Out
Online shopping #2177,E-commerce 2177,14810.0,Shopping & Retail
ICT/576b5666-fea3-4382- 9eb7-5929a5fe PK,External Transfer,800.0,Transfers
Loan repayment #2556,Loan Provider 2556,36099.0,Financial Services
License fee #4970,Government 4970,39742.0,Government & Legal
Bank charges #2883,Bank 2883,1250.0,Financial Services
Course enrollment,Service Provider 456,45632.0,Education / Tuition
Movie tickets,Service Provider 117,49455.0,Entertainment (Movies / Games / Events)
Grocery shopping,Marketplace 295,47462.0,Groceries
License fee #2170,Government 2170,13370.0,Government & Legal
School fee,Generic Store 131,47908.0,Education / Tuition
Fresh produce purchase,Generic Store 515,25466.0,Groceries
Court fee #9773,Legal Service 9773,73123.0,Government & Legal
Hotel reservation,Marketplace 112,31409.0,Travel (Flights / Hotels)
Tuition fee payment,Generic Store 417,294.0,Education / Tuition
Vehicle maintenance #7215,Auto Service 7215,3705.0,Transportation
Home supplies #5957,Retail Store 5957,14995.0,Shopping & Retail
Donation #1100,Charity 1100,32863.0,Charity & Donations
Household supplies,Generic Store 526,40694.0,Home Supplies / Household Items
Mobile top-up #9134,Telecom 9134,3011.0,Utilities & Services
Hospital charges #8685,Hospital 8685,68091.0,Healthcare & Medical
Coffee shop order,Generic Store 102,10299.0,Coffee & Snacks
Clothing purchase #2519,Clothing Store 2519,22616.0,Shopping & Retail
Fundraiser contribution #2557,Fundraiser 2557,29838.0,Charity & Donations
ICT/e25f953f-976d-4ee7- acb9-76b20fd8 PK,External Transfer,440.0,Transfers
Money Transfer - EMAN FATIMA - 03332968914,Eman Fatima,490.0,Transfers
Ride payment #2250,Ride-hailing 2250,1667.0,Transportation
Court fee #5808,Legal Service 5808,50708.0,Government & Legal
Food delivery #9122,Delivery Service 9122,4128.0,Food & Dining
Electricity bill payment #6611,Electric Company 6611,4300.0,Utilities & Services
Donation #9983,Charity 9983,16913.0,Charity & Donations
Salary credited #2236,Employer Payroll 2236,189152.0,Income
Electricity bill payment #6206,Electric Company 6206,24299.0,Utilities & Services
Food delivery #3436,Delivery Service 3436,389.0,Food & Dining
OGT/1ec794d2-aa65-4237- b7b0-33b9790b PK,External Transfer,200000.0,Transfers
Insurance premium,Online Merchant 858,26417.0,Insurance
Vehicle maintenance #7345,Auto Service 7345,31572.0,Transportation
Coffee purchase #9236,Cafe 9236,819.0,Food & Dining
Food delivery #5725,Delivery Service 5725,4612.0,Food & Dining
Mobile top-up #6925,Telecom 6925,1541.0,Utilities & Services
Utility charges,Marketplace 371,23681.0,Electricity / Water / Gas
Concert entry,Generic Store 937,22589.0,Entertainment (Movies / Games / Events)
Freelance payment received #2633,Client Payment 2633,41981.0,Income
Ride-share trip,Marketplace 268,26420.0,Ride Sharing / Taxi
Car service,Online Merchant 914,47229.0,Car Maintenance
Diesel top-up,Online Merchant 511,39914.0,Fuel / Gas
Electricity bill payment #7567,Electric Company 7567,24829.0,Utilities & Services
Mobile top-up #8647,Telecom 8647,426.0,Utilities & Services
Birthday celebration expense,Marketplace 723,13757.0,Gifts & Celebrations
Electronics purchase #9644,Electronics Store 9644,111662.0,Shopping & Retail
Mobile top-up #3050,Telecom 3050,376.0,Utilities & Services
Car service,Marketplace 663,44663.0,Car Maintenance
Electronics purchase #8151,Electronics Store 8151,105864.0,Shopping & Retail
Travel agency payment,Generic Store 945,29567.0,Travel (Flights / Hotels)
Coffee purchase #5126,Cafe 5126,1458.0,Food & Dining
Donation #3846,Charity 3846,27023.0,Charity & Donations
Mobile top-up #4680,Telecom 4680,352.0,Utilities & Services
Dinner at restaurant,Online Merchant 768,27022.0,Restaurants / Eating Out
Train pass,Marketplace 530,47939.0,Public Transport
Train pass,Online Merchant 972,17351.0,Public Transport
Internet bill payment #6221,ISP 6221,11156.0,Utilities & Services
Electricity bill payment #9296,Electric Company 9296,17112.0,Utilities & Services
Ride payment #5913,Ride-hailing 5913,4340.0,Transportation
Coffee purchase #2231,Cafe 2231,871.0,Food & Dining
Electronics purchase,Service Provider 873,898.0,Shopping (Clothes / Electronics)
Salary credited #6317,Employer Payroll 6317,164740.0,Income
Hospital charges #9633,Hospital 9633,9007.0,Healthcare & Medical
Food delivery #4353,Delivery Service 4353,613.0,Food & Dining
Vehicle maintenance #9163,Auto Service 9163,25144.0,Transportation
Internet bill payment #3751,ISP 3751,8351.0,Utilities & Services
APPLE.COM/BILL ITUNES.COM IRL,Apple,118.13,Bills
Tax payment #7348,Government 7348,191456.0,Government & Legal
CWD/PAK AUSTRIA PAK AUSTRIA HARIPUR PK,Pak Austria Pak Austria Haripur Pk,20023.44,Cash Withdrawal
Monthly rent payment,Generic Store 684,31474.0,Housing / Rent
OGT/26643a12-6f70-498c- b75f-ef459c2e PK,External Transfer,220.0,Transfers
Hospital charges #4117,Hospital 4117,59400.0,Healthcare & Medical
Mobile package,Service Provider 746,18885.0,Mobile & Internet
Mutual fund contribution,Service Provider 981,20622.0,Savings / Investments
Coffee purchase,Generic Store 264,47617.0,Coffee & Snacks
Food delivery #2042,Delivery Service 2042,537.0,Food & Dining
Event booking #7284,Ticketing 7284,19813.0,Entertainment & Recreation
Rent for Rawalpindi flat,Generic Store 854,22574.0,Housing / Rent
ICT/7453eb83-f020-486a- ab78-f1dc6d52 PK,External Transfer,200.0,Transfers
Bonus credited #3617,Employer Bonus 3617,65309.0,Income
Court fee #3499,Legal Service 3499,50883.0,Government & Legal
Bonus credited #7917,Employer Bonus 7917,94183.0,Income
OGT/78537596-094f-4cb9- b95e-240c8bc0 PK,External Transfer,270.0,Transfers
ICT/8072b097-32c3-47c6- 8bcd-8b034b06 PK,External Transfer,500.0,Transfers
Lab test payment #1163,Diagnostic Lab 1163,5392.0,Healthcare & Medical
Internet bill payment #6773,ISP 6773,6232.0,Utilities & Services
Fashion store bill,Generic Store 307,15248.0,Shopping (Clothes / Electronics)
RAAST P2P SHAWAL KHAN,Shawal Khan,300.0,Transfers
Doctor consultation #9924,Clinic 9924,2259.0,Healthcare & Medical
Gym membership #4050,Gym 4050,14724.0,Entertainment & Recreation
Transit card recharge,Local Shop 736,19921.0,Public Transport
Medicine bill,Online Merchant 765,25175.0,Medical / Pharmacy
Gadget order,Online Merchant 756,20580.0,Shopping (Clothes / Electronics)
Food court meal,Marketplace 340,39400.0,Restaurants / Eating Out
Investment deposit #5854,Broker 5854,138528.0,Financial Services
Online shopping #4758,E-commerce 4758,5372.0,Shopping & Retail
Lab test payment #9313,Diagnostic Lab 9313,23898.0,Healthcare & Medical
Vehicle maintenance #7808,Auto Service 7808,35116.0,Transportation
Bus fare,Local Shop 185,15353.0,Public Transport
Vehicle maintenance #1489,Auto Service 1489,27151.0,Transportation
Restaurant bill #1648,Restaurant 1648,954.0,Food & Dining
Gift purchase,Marketplace 490,10829.0,Gifts & Celebrations
ICT/24a0493f-a201-4ed2- 8a65-3a9bc5c5 PK,External Transfer,300.0,Transfers
Clinic visit,Generic Store 813,16880.0,Medical / Pharmacy
Loan repayment #5889,Loan Provider 5889,44461.0,Financial Services
Doctor consultation #5324,Clinic 5324,2026.0,Healthcare & Medical
Online shopping #9524,E-commerce 9524,20628.0,Shopping & Retail
Monthly streaming fee,Generic Store 434,22107.0,Subscriptions (Streaming / Apps)
Event booking #5071,Ticketing 5071,13815.0,Entertainment & Recreation
Water utility bill,Online Merchant 234,49269.0,Electricity / Water / Gas
Car insurance payment,Local Shop 884,21863.0,Insurance
Lab test payment #9652,Diagnostic Lab 9652,9503.0,Healthcare & Medical
Restaurant bill #3711,Restaurant 3711,6633.0,Food & Dining
Tax payment #6877,Government 6877,36121.0,Government & Legal
Cleaning products purchase,Service Provider 828,37941.0,Home Supplies / Household Items
Utility charges,Online Merchant 275,2804.0,Electricity / Water / Gas
License fee #9560,Government 9560,15688.0,Government & Legal
Water utility bill,Online Merchant 767,29673.0,Electricity / Water / Gas
Party supplies,Generic Store 631,5801.0,Gifts & Celebrations
Ride payment #5458,Ride-hailing 5458,1761.0,Transportation
Grocery shopping #9194,Grocery Store 9194,415.0,Food & Dining
Home supplies #1363,Retail Store 1363,13316.0,Shopping & Retail
Streaming subscription #2374,Streaming Service 2374,1031.0,Entertainment & Recreation
Mobile top-up #9730,Telecom 9730,3605.0,Utilities & Services
OGT/283786be-09ed-4ca4- adc5-75e9b8c4 PK,External Transfer,5000.0,Transfers
Court fee #9305,Legal Service 9305,27559.0,Government & Legal
ICT/4a6a9571-a1ee-44fb- a2d6-ee32414f PK,External Transfer,1000.0,Transfers
Online shopping #6050,E-commerce 6050,14136.0,Shopping & Retail
Monthly streaming fee,Online Merchant 957,5352.0,Subscriptions (Streaming / Apps)
ICT/549ce875-2180-4d83- 9919-33bb2050 PK,External Transfer,575.0,Transfers
Investment deposit #4700,Broker 4700,87822.0,Financial Services
Investment deposit #5688,Broker 5688,140092.0,Financial Services
OGT/b9dbeb2f-86ad-418d- bc2a-b388fd5f PK,External Transfer,60.0,Transfers
Raast Payment - YAHYA KHAN - SBP Raast,Yahya Khan,300.0,Transfers
Streaming subscription #7606,Streaming Service 7606,1707.0,Entertainment & Recreation
Fuel purchase #8393,Petrol Pump 8393,14103.0,Transportation
Pharmacy purchase,Service Provider 412,804.0,Medical / Pharmacy
Bonus credited #4767,Employer Bonus 4767,74237.0,Income
Clothing purchase #6106,Clothing Store 6106,21846.0,Shopping & Retail
Rent for Peshawar flat,Generic Store 696,5546.0,Housing / Rent
Electronics purchase #7787,Electronics Store 7787,115553.0,Shopping & Retail
Supermarket groceries,Generic Store 487,26530.0,Groceries
Gym membership #5523,Gym 5523,6242.0,Entertainment & Recreation
OGT/73057412-f173-459a- 8b55-39d994f7 PK,External Transfer,300.0,Transfers
Water bill payment #1494,Water Utility 1494,398.0,Utilities & Services
Oil change,Generic Store 989,4475.0,Car Maintenance
Money Transfer - QAMAR AYOUB - 03135936908,Qamar Ayoub,480.0,Transfers
ICT/dbe2a6c3-85fb-4b6e- aa93-16ccdfd2 PK,External Transfer,130.0,Transfers
Restaurant bill #6503,Restaurant 6503,9069.0,Food & Dining
ICT/e8476772-bba1-4496- b732-ef273a6e PK,External Transfer,1000.0,Transfers
Online shopping #1457,E-commerce 1457,24564.0,Shopping & Retail
Streaming subscription #9042,Streaming Service 9042,2625.0,Entertainment & Recreation
Loan repayment #5528,Loan Provider 5528,27295.0,Financial Services
OGT/c5d35d3f-f786-4337- b284-43b8082d PK,External Transfer,450.0,Transfers
Clothing purchase #6112,Clothing Store 6112,11558.0,Shopping & Retail
Card fee #7213,Bank 7213,795.0,Financial Services
Clothing purchase #5229,Clothing Store 5229,2828.0,Shopping & Retail
License fee #5510,Government 5510,409.0,Government & Legal
Gadget order,Service Provider 414,19132.0,Shopping (Clothes / Electronics)
Salary credited #8081,Employer Payroll 8081,205306.0,Income
Tax payment #2700,Government 2700,139213.0,Government & Legal
Electricity bill payment #4710,Electric Company 4710,15136.0,Utilities & Services
Bus fare #8136,Transit 8136,91.0,Transportation
Gift purchase,Service Provider 487,43250.0,Gifts & Celebrations
Grocery shopping #5765,Grocery Store 5765,4729.0,Food & Dining
Fuel refill,Service Provider 595,19259.0,Fuel / Gas
Ride payment #7433,Ride-hailing 7433,627.0,Transportation
Tax payment #5421,Government 5421,106923.0,Government & Legal
Restaurant bill,Marketplace 445,17095.0,Restaurants / Eating Out
Mobile top-up #8938,Telecom 8938,2106.0,Utilities & Services
Train pass,Online Merchant 491,33160.0,Public Transport
OGT/bf6091aa-4f2f-44e7- 921c-1ba0ed7e PK,External Transfer,170.0,Transfers
Bonus credited #7459,Employer Bonus 7459,5464.0,Income
Salary credited #8217,Employer Payroll 8217,100553.0,Income
Traffic fine #6389,Government 6389,25941.0,Government & Legal
Lab test payment #2795,Diagnostic Lab 2795,17304.0,Healthcare & Medical
Tea and pastry,Generic Store 775,31902.0,Coffee & Snacks
Anniversary gift,Marketplace 486,20057.0,Gifts & Celebrations
Grocery shopping #4705,Grocery Store 4705,14578.0,Food & Dining
Grocery shopping #1438,Grocery Store 1438,14307.0,Food & Dining
Traffic fine #1181,Government 1181,13801.0,Government & Legal
Movie tickets #5933,Cinema 5933,2511.0,Entertainment & Recreation
Internet bill payment #6743,ISP 6743,5655.0,Utilities & Services
Electricity bill,Service Provider 162,4315.0,Electricity / Water / Gas
Restaurant bill #4253,Restaurant 4253,1229.0,Food & Dining
Mobile top-up #2589,Telecom 2589,507.0,Utilities & Services
Electricity bill,Marketplace 518,15673.0,Electricity / Water / Gas
Salary credited #6256,Employer Payroll 6256,60849.0,Income
Fundraiser contribution #5851,Fundraiser 5851,35731.0,Charity & Donations
Fuel purchase #7299,Petrol Pump 7299,8436.0,Transportation
Broadband payment,Online Merchant 717,35702.0,Mobile & Internet
Coffee purchase,Marketplace 956,7421.0,Coffee & Snacks
Home essentials,Online Merchant 101,7862.0,Home Supplies / Household Items
Water bill payment #2811,Water Utility 2811,4529.0,Utilities & Services
Vehicle maintenance #1363,Auto Service 1363,2829.0,Transportation
OGT/41379b8a-9cf5-4794- 97ab-3da0c7a3 PK,External Transfer,840.0,Transfers
Apartment rent,Online Merchant 168,23530.0,Housing / Rent
Money Transfer - EMAN FATIMA - 03332968914,Eman Fatima,600.0,Transfers
RAAST P2P SUFYAN HUMAM MUS,Sufyan Humam Mus,750.0,Transfers
CWD/AMEEN KHANNAPUL AMEEN KHANNAPUL,Ameen Khannapul Ameen Khannapul,2535.0,Cash Withdrawal
Mobile top-up #3117,Telecom 3117,2159.0,Utilities & Services
Zakat contribution #9374,Charity 9374,52623.0,Charity & Donations
Tuition fee payment,Service Provider 172,49778.0,Education / Tuition
OGT/9b7b37af-aa50-4de6- 8d7a-08a07651 PK,External Transfer,140.0,Transfers
Mobile top-up #9323,Telecom 9323,1588.0,Utilities & Services
Event booking #2801,Ticketing 2801,11480.0,Entertainment & Recreation
Restaurant bill #6727,Restaurant 6727,3277.0,Food & Dining
Lab test payment #2487,Diagnostic Lab 2487,13408.0,Healthcare & Medical
Tax payment #5603,Government 5603,223449.0,Government & Legal
Doctor consultation #6261,Clinic 6261,8878.0,Healthcare & Medical
Donation #3207,Charity 3207,37956.0,Charity & Donations
Food court meal,Service Provider 355,48164.0,Restaurants / Eating Out
Travel agency payment,Marketplace 307,46026.0,Travel (Flights / Hotels)
Gadget order,Online Merchant 389,46267.0,Shopping (Clothes / Electronics)
Travel agency payment,Online Merchant 480,24935.0,Travel (Flights / Hotels)
Monthly rent payment,Marketplace 348,31620.0,Housing / Rent
Grocery shopping #9987,Grocery Store 9987,8097.0,Food & Dining
Fundraiser contribution #1310,Fundraiser 1310,43893.0,Charity & Donations
Streaming subscription #6380,Streaming Service 6380,1210.0,Entertainment & Recreation
Court fee #3126,Legal Service 3126,51800.0,Government & Legal
Ride payment #1116,Ride-hailing 1116,4965.0,Transportation
ICT/50bd2e03-e864-4257- b9c0-843a6e19 PK,External Transfer,1160.0,Transfers
Restaurant bill #4635,Restaurant 4635,8383.0,Food & Dining
Donation #7066,Charity 7066,6127.0,Charity & Donations
Refund received #3753,Merchant Refund 3753,14488.0,Income
Restaurant bill #9321,Restaurant 9321,3413.0,Food & Dining
Coffee purchase #6633,Cafe 6633,865.0,Food & Dining
RAAST P2P USMAN GHANI,Usman Ghani,50.0,Transfers
ICT/9a40593c-9d7e-42cb- b14b-cc4b41c8 PK,External Transfer,1000.0,Transfers
Pharmacy purchase #6603,Pharmacy 6603,5329.0,Healthcare & Medical
Online shopping #1442,E-commerce 1442,22651.0,Shopping & Retail
Bus fare #6087,Transit 6087,173.0,Transportation
Loan repayment #4197,Loan Provider 4197,20885.0,Financial Services
Loan repayment #9959,Loan Provider 9959,7351.0,Financial Services
NETFLIX.COM Singapore SGP,Netflix,268.47,Subscriptions
Salary credited #9016,Employer Payroll 9016,216042.0,Income
Movie tickets #2042,Cinema 2042,1191.0,Entertainment & Recreation
Streaming subscription #6511,Streaming Service 6511,2802.0,Entertainment & Recreation
Tax payment #6045,Government 6045,102712.0,Government & Legal
Food delivery #7610,Delivery Service 7610,4936.0,Food & Dining
Policy renewal,Marketplace 794,40090.0,Insurance
Gym membership #7119,Gym 7119,11001.0,Entertainment & Recreation
Streaming subscription #9787,Streaming Service 9787,2762.0,Entertainment & Recreation
Policy renewal,Marketplace 450,40308.0,Insurance
Electricity bill payment #8653,Electric Company 8653,13544.0,Utilities & Services
Tax payment #8308,Government 8308,96658.0,Government & Legal
Money Transfer - KAMRAN YAQOOB - 03005341038,Kamran Yaqoob,120.0,Transfers
Lab test payment #5537,Diagnostic Lab 5537,5675.0,Healthcare & Medical
Anniversary gift,Generic Store 980,11124.0,Gifts & Celebrations
Monthly rent payment,Marketplace 316,1692.0,Housing / Rent
Hospital charges #4689,Hospital 4689,30278.0,Healthcare & Medical
Brokerage deposit,Online Merchant 576,1567.0,Savings / Investments
Metro ticket,Online Merchant 692,17586.0,Public Transport
Car insurance payment,Marketplace 539,1498.0,Insurance
Ride payment #3731,Ride-hailing 3731,2000.0,Transportation
Pharmacy purchase,Marketplace 898,37450.0,Medical / Pharmacy
Tuition fee payment,Online Merchant 726,40072.0,Education / Tuition
Gas station payment,Marketplace 861,42713.0,Fuel / Gas
Investment deposit #8729,Broker 8729,160410.0,Financial Services
Petrol purchase,Local Shop 459,22074.0,Fuel / Gas
Freelance payment received #6393,Client Payment 6393,32541.0,Income
Movie tickets,Generic Store 710,16967.0,Entertainment (Movies / Games / Events)
Food court meal,Local Shop 759,26061.0,Restaurants / Eating Out
Cleaning products purchase,Generic Store 590,9696.0,Home Supplies / Household Items
Traffic fine #4614,Government 4614,31395.0,Government & Legal
Court fee #4737,Legal Service 4737,64653.0,Government & Legal
Electricity bill payment #2981,Electric Company 2981,11659.0,Utilities & Services
School fee,Generic Store 785,11366.0,Education / Tuition
Grocery shopping #6990,Grocery Store 6990,554.0,Food & Dining
Money Transfer - SYED MEHFOOZ AHMED - 03409899099,Syed Mehfooz Ahmed,100.0,Transfers
ICT/d0014930-a84a-4f55- 8d9c-7ecaeb7c PK,External Transfer,2700.0,Transfers
Event booking #1279,Ticketing 1279,4395.0,Entertainment & Recreation
Trip expenses,Marketplace 604,5570.0,Travel (Flights / Hotels)
Tax payment #3461,Government 3461,5106.0,Government & Legal
Travel agency payment,Online Merchant 116,47748.0,Travel (Flights / Hotels)
OGT/afba498f-1108-4040- 9c90-65dc8366 PK,External Transfer,200.0,Transfers
Loan repayment #8129,Loan Provider 8129,18492.0,Financial Services
License fee #2281,Government 2281,25705.0,Government & Legal
Tax payment #4877,Government 4877,216119.0,Government & Legal
Internet bill,Online Merchant 781,10550.0,Mobile & Internet
Exam fee,Service Provider 159,17134.0,Education / Tuition
OGT/0bf438ca-499d-41d0- 8072-6ba33791 PK,External Transfer,120.0,Transfers
Fundraiser contribution #5035,Fundraiser 5035,3473.0,Charity & Donations
OGT/715026d1-8fe4-408d- 80c8-88b68ec3 PK,External Transfer,1340.0,Transfers
Diesel top-up,Generic Store 123,7428.0,Fuel / Gas
Weekly groceries,Service Provider 220,41320.0,Groceries
ICT/721be5b3-9851-44e1- 90f8-51c40c7f PK,External Transfer,860.0,Transfers
OGT/7c5632a2-012c-4499- 8644-5f4337e0 PK,External Transfer,100.0,Transfers
Coffee purchase #5342,Cafe 5342,597.0,Food & Dining
Vehicle maintenance,Online Merchant 496,41642.0,Car Maintenance
Internet bill payment #1347,ISP 1347,13303.0,Utilities & Services
Investment deposit #8747,Broker 8747,75906.0,Financial Services
Investment deposit #4802,Broker 4802,30698.0,Financial Services
Pharmacy purchase #2907,Pharmacy 2907,6654.0,Healthcare & Medical
Insurance premium,Service Provider 569,28053.0,Insurance
Salary credited #5793,Employer Payroll 5793,151668.0,Income
OGT/a18f51b8-c95d-4b88- bee5-7b0e0fc7 PK,External Transfer,50.0,Transfers
Electronics purchase #6697,Electronics Store 6697,96281.0,Shopping & Retail
Ride payment #5642,Ride-hailing 5642,3416.0,Transportation
Loan repayment #8856,Loan Provider 8856,78139.0,Financial Services
School fee,Local Shop 867,13725.0,Education / Tuition
Salary credited #5703,Employer Payroll 5703,179441.0,Income
Fundraiser contribution #2758,Fundraiser 2758,11226.0,Charity & Donations
License fee #5667,Government 5667,20322.0,Government & Legal
OGT/40935cf8-357f-4572- 9478-565a224b PK,External Transfer,20.0,Transfers
House rent transfer,Generic Store 940,795.0,Housing / Rent
Coffee purchase,Marketplace 738,6791.0,Coffee & Snacks
Mobile package,Online Merchant 690,658.0,Mobile & Internet
Clinic visit,Online Merchant 137,45014.0,Medical / Pharmacy
Service subscription,Marketplace 220,27048.0,Subscriptions (Streaming / Apps)
Bank charges #5246,Bank 5246,1021.0,Financial Services
Gym membership #3380,Gym 3380,9472.0,Entertainment & Recreation
Train pass,Marketplace 168,48182.0,Public Transport
Loan repayment #6980,Loan Provider 6980,1394.0,Financial Services
Bus fare #4818,Transit 4818,377.0,Transportation
License fee #7761,Government 7761,8074.0,Government & Legal
RAAST P2P YAHYA KHAN,Yahya Khan,40.0,Transfers
Fundraiser contribution #1715,Fundraiser 1715,16723.0,Charity & Donations
Fresh produce purchase,Local Shop 225,18880.0,Groceries
Party supplies,Online Merchant 838,45857.0,Gifts & Celebrations
Home essentials,Service Provider 137,47959.0,Home Supplies / Household Items
House rent transfer,Service Provider 616,31772.0,Housing / Rent
Clothing purchase #5033,Clothing Store 5033,5549.0,Shopping & Retail
Restaurant bill #8651,Restaurant 8651,1706.0,Food & Dining
Grocery shopping,Online Merchant 677,28604.0,Groceries
Mobile top-up #5333,Telecom 5333,3376.0,Utilities & Services
Fundraiser contribution #8374,Fundraiser 8374,20143.0,Charity & Donations
Vehicle maintenance #7001,Auto Service 7001,9124.0,Transportation
Pharmacy purchase #5828,Pharmacy 5828,3267.0,Healthcare & Medical
Tire replacement,Online Merchant 612,48779.0,Car Maintenance
Monthly rent payment,Service Provider 418,3489.0,Housing / Rent
Streaming subscription #2406,Streaming Service 2406,1572.0,Entertainment & Recreation
Bank charges #3458,Bank 3458,254.0,Financial Services
Electricity bill payment #5587,Electric Company 5587,18207.0,Utilities & Services
Metro ticket,Marketplace 449,2351.0,Public Transport
Donation #2435,Charity 2435,7657.0,Charity & Donations
Fuel purchase #5358,Petrol Pump 5358,14528.0,Transportation
Bus fare #9860,Transit 9860,302.0,Transportation
Gas bill payment,Service Provider 646,30768.0,Electricity / Water / Gas
Salary credited #2077,Employer Payroll 2077,215910.0,Income
Doctor consultation #9925,Clinic 9925,4527.0,Healthcare & Medical
Donation #7657,Charity 7657,23018.0,Charity & Donations
Gym membership #4196,Gym 4196,5567.0,Entertainment & Recreation
OGT/3e00b3a8-d162-4f5b- a895-8a20a57e PK,External Transfer,2150.0,Transfers
Internet bill,Generic Store 685,12755.0,Mobile & Internet
OGT/ca99e818-13d2-4b9a- b9c1-39a35302 PK,External Transfer,10.0,Transfers
Gaming purchase,Generic Store 419,38625.0,Entertainment (Movies / Games / Events)
Pharmacy purchase #4804,Pharmacy 4804,405.0,Healthcare & Medical
Electricity bill payment #2905,Electric Company 2905,7629.0,Utilities & Services
Restaurant bill #7683,Restaurant 7683,1078.0,Food & Dining
PUR/NETFLIX.COM 9 Straits View Marina Singapore 018937 SG SGP,Netflix.Com,307.08,Subscriptions
Zakat contribution #9727,Charity 9727,131357.0,Charity & Donations
Online shopping #5136,E-commerce 5136,19747.0,Shopping & Retail
Transit card recharge,Online Merchant 853,3538.0,Public Transport
OGT/9fd165db-36b2-4cdc- 996e-41d9fbc9 PK,External Transfer,50.0,Transfers
Clothes shopping,Online Merchant 818,25347.0,Shopping (Clothes / Electronics)
Investment deposit #6069,Broker 6069,80277.0,Financial Services
ICT/3e32430b-8ca1-4b52- ad8c-b095eb20 PK,External Transfer,80.0,Transfers
Home supplies #4879,Retail Store 4879,2934.0,Shopping & Retail
Bonus credited #6212,Employer Bonus 6212,81823.0,Income
Tax payment #4150,Government 4150,83880.0,Government & Legal
Hospital charges #2070,Hospital 2070,77024.0,Healthcare & Medical
Tax payment #8745,Government 8745,235832.0,Government & Legal
Mutual fund contribution,Service Provider 427,43876.0,Savings / Investments
Movie tickets #7873,Cinema 7873,1461.0,Entertainment & Recreation
Pharmacy purchase #2041,Pharmacy 2041,4918.0,Healthcare & Medical
OGT/7356d698-0fad-4f82- 9919-6cab84b5 PK,External Transfer,500.0,Transfers
Insurance premium,Online Merchant 880,41639.0,Insurance
Internet bill payment #3076,ISP 3076,12035.0,Utilities & Services
Bonus credited #8062,Employer Bonus 8062,65259.0,Income
Apartment rent,Online Merchant 314,15145.0,Housing / Rent
Home supplies #2145,Retail Store 2145,7834.0,Shopping & Retail
CWD/F-10 F-10 ISLAMABAD PK ISLAMABAD PAK,F,3023.44,Cash Withdrawal
ICT/693fda97-82b1-4762- ae32-544aa799 PK,External Transfer,200.0,Transfers
Coffee purchase #2492,Cafe 2492,1111.0,Food & Dining
Car service,Generic Store 594,39488.0,Car Maintenance
Home supplies #9745,Retail Store 9745,4546.0,Shopping & Retail
Cafe snack,Marketplace 114,27712.0,Coffee & Snacks
Grocery shopping #3473,Grocery Store 3473,1895.0,Food & Dining
Taxi ride,Marketplace 497,35529.0,Ride Sharing / Taxi
Lab test payment #9031,Diagnostic Lab 9031,7810.0,Healthcare & Medical
RAAST P2P ZAIN UL ABADEEN,Zain Ul Abadeen,600.0,Transfers
Online shopping #5206,E-commerce 5206,9484.0,Shopping & Retail
Event booking #3949,Ticketing 3949,15261.0,Entertainment & Recreation
Pharmacy purchase #4995,Pharmacy 4995,3028.0,Healthcare & Medical
Internet bill payment #6417,ISP 6417,9810.0,Utilities & Services
Salary credited #3562,Employer Payroll 3562,64289.0,Income
Traffic fine #5282,Government 5282,30768.0,Government & Legal
OGT/8753b6a1-7763-453b- bb1f-80ddc684 PK,External Transfer,400.0,Transfers
OGT/348da976-3b5e-4672- 9e90-3889d36c PK,External Transfer,1440.0,Transfers
OGT/9eaf550e-216d-4d5b- bb11-47f8317d PK,External Transfer,50.0,Transfers
Pharmacy purchase #9006,Pharmacy 9006,6224.0,Healthcare & Medical
House rent transfer,Local Shop 520,31751.0,Housing / Rent
Ride payment #9269,Ride-hailing 9269,3677.0,Transportation
Monthly rent payment,Service Provider 281,36108.0,Housing / Rent
Investment deposit #4232,Broker 4232,169021.0,Financial Services
Rent for Lahore flat,Marketplace 398,27295.0,Housing / Rent
Internet bill payment #9940,ISP 9940,11387.0,Utilities & Services
Fuel refill,Local Shop 407,34856.0,Fuel / Gas
Donation #9618,Charity 9618,1149.0,Charity & Donations
Bonus credited #8464,Employer Bonus 8464,32353.0,Income
Hospital charges #2085,Hospital 2085,33861.0,Healthcare & Medical
License fee #7521,Government 7521,23856.0,Government & Legal
Medicine bill,Generic Store 595,44928.0,Medical / Pharmacy
Monthly streaming fee,Marketplace 593,46947.0,Subscriptions (Streaming / Apps)
Medicine bill,Service Provider 513,23378.0,Medical / Pharmacy
Household supplies,Local Shop 162,7252.0,Home Supplies / Household Items
RAAST P2P BABU AKHLAQ TUCK,Babu Akhlaq Tuck,580.0,Transfers
Clothing purchase #1851,Clothing Store 1851,13538.0,Shopping & Retail
ICT/835774dd-50e4-47d1- 8e91-8ca6a691 PK,External Transfer,333.0,Transfers
Insurance premium,Local Shop 478,24950.0,Insurance
Food delivery #7347,Delivery Service 7347,1121.0,Food & Dining
Lab test payment #5782,Diagnostic Lab 5782,11759.0,Healthcare & Medical
Internet bill payment #1675,ISP 1675,10779.0,Utilities & Services
Cleaning products purchase,Marketplace 266,41011.0,Home Supplies / Household Items
Gym membership #3579,Gym 3579,8593.0,Entertainment & Recreation
Water bill payment #7414,Water Utility 7414,9407.0,Utilities & Services
Fundraiser contribution #5060,Fundraiser 5060,43052.0,Charity & Donations
ICT/836ff9fe-e205-43d9- ab90-3b2d0747 PK,External Transfer,560.0,Transfers
Court fee #8182,Legal Service 8182,25936.0,Government & Legal
Ride payment #7542,Ride-hailing 7542,7527.0,Transportation
Bank charges #5545,Bank 5545,794.0,Financial Services
Monthly streaming fee,Service Provider 492,14665.0,Subscriptions (Streaming / Apps)
OGT/9b9e225c-a025-41aa- a9c4-bc6ae3d2 PK,External Transfer,200.0,Transfers
Coffee purchase,Service Provider 545,44192.0,Coffee & Snacks
Apartment rent,Generic Store 961,20965.0,Housing / Rent
Streaming subscription #1350,Streaming Service 1350,2302.0,Entertainment & Recreation
Internet bill payment #6118,ISP 6118,14781.0,Utilities & Services
Travel agency payment,Marketplace 905,11850.0,Travel (Flights / Hotels)
Birthday celebration expense,Online Merchant 332,6781.0,Gifts & Celebrations
Zakat contribution #5431,Charity 5431,2419.0,Charity & Donations
Investment deposit #4057,Broker 4057,104397.0,Financial Services
Loan repayment #5564,Loan Provider 5564,25984.0,Financial Services
Event booking #2782,Ticketing 2782,2885.0,Entertainment & Recreation
RAAST P2P MUHAMMAD JASEEM,Muhammad Jaseem,230.0,Transfers
Transit card recharge,Service Provider 451,38669.0,Public Transport
Gas station payment,Marketplace 589,35262.0,Fuel / Gas
Pharmacy purchase,Service Provider 322,38215.0,Medical / Pharmacy
Car service,Marketplace 985,22369.0,Car Maintenance
Bonus credited #7141,Employer Bonus 7141,27758.0,Income
Medicine bill,Service Provider 197,20724.0,Medical / Pharmacy
Fresh produce purchase,Service Provider 664,32159.0,Groceries
Investment deposit #6328,Broker 6328,170020.0,Financial Services
School fee,Marketplace 122,11991.0,Education / Tuition
Dinner at restaurant,Generic Store 813,32526.0,Restaurants / Eating Out
ICT/49e77569-926c-4197- b3b6-6bf395ee PK,External Transfer,490.0,Transfers
Train pass,Online Merchant 746,31916.0,Public Transport
OGT/25333e58-83ee-4a7e- 96ee-d787f059 PK,External Transfer,150.0,Transfers
Electronics purchase #7867,Electronics Store 7867,65181.0,Shopping & Retail
Hospital charges #7615,Hospital 7615,42874.0,Healthcare & Medical
Grocery shopping #1011,Grocery Store 1011,2606.0,Food & Dining
OGT/5f222c88-0bf0-4019- 802f-7bd86f2c PK,External Transfer,460.0,Transfers
Ride payment #8377,Ride-hailing 8377,4529.0,Transportation
Home supplies #2787,Retail Store 2787,7921.0,Shopping & Retail
Monthly streaming fee,Service Provider 396,19696.0,Subscriptions (Streaming / Apps)
Gym membership #2736,Gym 2736,4821.0,Entertainment & Recreation
ICT/1faf4110-40c0-4f78- 8bca-5952b22c PK,External Transfer,3000.0,Transfers
Brokerage deposit,Generic Store 386,35592.0,Savings / Investments
Kitchen supplies,Generic Store 152,19858.0,Home Supplies / Household Items
License fee #9359,Government 9359,41556.0,Government & Legal
Donation #2071,Charity 2071,30420.0,Charity & Donations
Money Transfer - EMAN FATIMA - 03332968914,Eman Fatima,110.0,Transfers
Fundraiser contribution #7404,Fundraiser 7404,3557.0,Charity & Donations
OGT/2faa0aac-7ed6-4513- a5a1-403b9cf9 PK,External Transfer,900.0,Transfers
Court fee #6783,Legal Service 6783,91507.0,Government & Legal
OGT/8d08aa77-bc62-43fa- bcbb-2b9dda92 PK,External Transfer,314.0,Transfers
Event booking #4057,Ticketing 4057,17225.0,Entertainment & Recreation
Gym membership #6690,Gym 6690,8024.0,Entertainment & Recreation
Tax payment #8127,Government 8127,187910.0,Government & Legal
Court fee #2603,Legal Service 2603,50903.0,Government & Legal
Coffee shop order,Online Merchant 471,25899.0,Coffee & Snacks
CWD/CHAKDARA CHAKDARA SWAT PK SWAT PAK,Chakdara Chakdara Swat Pk Swat Pak,5035.0,Cash Withdrawal
OGT/0e72738e-c0df-4477- a004-8ee41ebb PK,External Transfer,1600.0,Transfers
Gym membership #7807,Gym 7807,5384.0,Entertainment & Recreation
Card fee #7104,Bank 7104,942.0,Financial Services
Oil change,Service Provider 706,42896.0,Car Maintenance
House rent transfer,Service Provider 784,35902.0,Housing / Rent
Data recharge,Online Merchant 970,29687.0,Mobile & Internet
Birthday celebration expense,Service Provider 509,38600.0,Gifts & Celebrations
Donation #2868,Charity 2868,28908.0,Charity & Donations
Insurance premium,Local Shop 263,11164.0,Insurance
Home essentials,Local Shop 349,46899.0,Home Supplies / Household Items
Gym membership #3432,Gym 3432,3591.0,Entertainment & Recreation
Dinner at restaurant,Service Provider 700,6071.0,Restaurants / Eating Out
Insurance premium,Marketplace 774,32455.0,Insurance
Bus fare #1238,Transit 1238,109.0,Transportation
Zakat contribution #7710,Charity 7710,56513.0,Charity & Donations
Lab test payment #3938,Diagnostic Lab 3938,22274.0,Healthcare & Medical
Donation #7932,Charity 7932,37684.0,Charity & Donations
Salary credited #6934,Employer Payroll 6934,83652.0,Income
Electronics purchase #2445,Electronics Store 2445,80974.0,Shopping & Retail
Movie tickets #4015,Cinema 4015,2704.0,Entertainment & Recreation
Mobile top-up #2668,Telecom 2668,951.0,Utilities & Services
Refund received #2096,Merchant Refund 2096,19393.0,Income
Clothing purchase #4804,Clothing Store 4804,3064.0,Shopping & Retail
Food delivery #7749,Delivery Service 7749,5831.0,Food & Dining
Streaming subscription,Online Merchant 505,18397.0,Subscriptions (Streaming / Apps)
Investment deposit #6986,Broker 6986,23321.0,Financial Services
Mobile top-up #5208,Telecom 5208,922.0,Utilities & Services
Loan repayment #5006,Loan Provider 5006,48558.0,Financial Services
Water bill payment #1801,Water Utility 1801,7746.0,Utilities & Services
Coffee shop order,Online Merchant 289,46196.0,Coffee & Snacks
Internet bill,Generic Store 472,20801.0,Mobile & Internet
Money Transfer - SHAFQAT KHAN - 03149794493,Shafqat Khan,2050.0,Transfers
Electronics purchase #9717,Electronics Store 9717,21485.0,Shopping & Retail
Restaurant bill #9072,Restaurant 9072,8265.0,Food & Dining
Vehicle maintenance #6436,Auto Service 6436,40213.0,Transportation
OGT/dbc77b4f-d5f6-427e- 8376-28cd240f PK,External Transfer,2000.0,Transfers
GOOGLE *Google One g.co/helppay# GBR,Google One,491.01,Subscriptions
Lab test payment #3603,Diagnostic Lab 3603,16138.0,Healthcare & Medical
Card fee #4044,Bank 4044,377.0,Financial Services
Flight booking,Marketplace 530,1292.0,Travel (Flights / Hotels)
Event booking #1977,Ticketing 1977,15315.0,Entertainment & Recreation
Cab booking,Online Merchant 293,8573.0,Ride Sharing / Taxi
Grocery shopping #1223,Grocery Store 1223,4035.0,Food & Dining
Investment deposit #3439,Broker 3439,18170.0,Financial Services
Ride payment #9317,Ride-hailing 9317,5598.0,Transportation
Restaurant bill #2072,Restaurant 2072,1813.0,Food & Dining
OGT/9e94aa13-bf59-4b05- b99b-5e7cac3c PK,External Transfer,500.0,Transfers
Household supplies,Local Shop 698,39438.0,Home Supplies / Household Items
Travel agency payment,Service Provider 262,22146.0,Travel (Flights / Hotels)
Coffee purchase #1440,Cafe 1440,665.0,Food & Dining
Food delivery #3657,Delivery Service 3657,2758.0,Food & Dining
Ride payment #3958,Ride-hailing 3958,7924.0,Transportation
Home supplies #9736,Retail Store 9736,6008.0,Shopping & Retail
Fresh produce purchase,Service Provider 343,39781.0,Groceries
Internet bill payment #1038,ISP 1038,10311.0,Utilities & Services
House rent transfer,Online Merchant 845,23055.0,Housing / Rent
Movie tickets #3562,Cinema 3562,4549.0,Entertainment & Recreation
Water bill payment #8026,Water Utility 8026,1481.0,Utilities & Services
Course enrollment,Marketplace 921,2572.0,Education / Tuition
ICT/122fb71b-de3a-4d49- 83f8-be96fd81 PK,External Transfer,500.0,Transfers
Lab test payment #8407,Diagnostic Lab 8407,18871.0,Healthcare & Medical
Freelance payment received #8207,Client Payment 8207,17704.0,Income
Fuel purchase #2033,Petrol Pump 2033,2414.0,Transportation
Loan repayment #3027,Loan Provider 3027,75731.0,Financial Services
Electronics purchase,Service Provider 895,10446.0,Shopping (Clothes / Electronics)
Fundraiser contribution #8586,Fundraiser 8586,28645.0,Charity & Donations
Donation #9109,Charity 9109,11776.0,Charity & Donations
Clinic visit,Service Provider 509,15792.0,Medical / Pharmacy
Clothing purchase #2926,Clothing Store 2926,1161.0,Shopping & Retail
Movie tickets #4908,Cinema 4908,1098.0,Entertainment & Recreation
ICT/0d2fbaba-81ba-488e- 8482-4e791478 PK,External Transfer,4000.0,Transfers
License fee #4113,Government 4113,8910.0,Government & Legal
OGT/dad5514d-ae26-4079- bc00-96e621bf PK,External Transfer,150.0,Transfers
Internet bill payment #3382,ISP 3382,14698.0,Utilities & Services
Electronics purchase #5345,Electronics Store 5345,91943.0,Shopping & Retail
Movie tickets #7512,Cinema 7512,337.0,Entertainment & Recreation
Vehicle maintenance #1985,Auto Service 1985,10969.0,Transportation
Lab test payment #3279,Diagnostic Lab 3279,2779.0,Healthcare & Medical
Court fee #2978,Legal Service 2978,26681.0,Government & Legal
Home supplies #7690,Retail Store 7690,6911.0,Shopping & Retail
Traffic fine #3952,Government 3952,3217.0,Government & Legal
Hospital charges #2451,Hospital 2451,25099.0,Healthcare & Medical
Mobile top-up #6012,Telecom 6012,4974.0,Utilities & Services
Fundraiser contribution #6817,Fundraiser 6817,35582.0,Charity & Donations
Rent for Lahore flat,Online Merchant 519,24939.0,Housing / Rent
Gaming purchase,Local Shop 692,22018.0,Entertainment (Movies / Games / Events)
Event booking #1043,Ticketing 1043,18032.0,Entertainment & Recreation
Travel agency payment,Service Provider 472,17977.0,Travel (Flights / Hotels)
Pharmacy purchase #4681,Pharmacy 4681,3200.0,Healthcare & Medical
Freelance payment received #1204,Client Payment 1204,30072.0,Income
Concert entry,Generic Store 575,39815.0,Entertainment (Movies / Games / Events)
Fuel purchase #3265,Petrol Pump 3265,5850.0,Transportation
Donation #7680,Charity 7680,17593.0,Charity & Donations
Tax payment #4093,Government 4093,112131.0,Government & Legal
Refund received #6920,Merchant Refund 6920,9866.0,Income
ICT/1e76fbec-3d85-486e- b346-1001c3d3 PK,External Transfer,500.0,Transfers
Concert entry,Generic Store 703,8988.0,Entertainment (Movies / Games / Events)
ICT/8703affb-e94c-4e3f- 9927-e3210107 PK,External Transfer,10.0,Transfers
Online shopping #1239,E-commerce 1239,18726.0,Shopping & Retail
Tire replacement,Generic Store 416,24153.0,Car Maintenance
Streaming subscription #2465,Streaming Service 2465,1722.0,Entertainment & Recreation
App subscription renewal,Generic Store 243,9617.0,Subscriptions (Streaming / Apps)
Bonus credited #5993,Employer Bonus 5993,18420.0,Income
ICT/2afea6f4-e52c-4c33- ad9b-17b52c36 PK,External Transfer,5000.0,Transfers
Online shopping #7507,E-commerce 7507,20176.0,Shopping & Retail
Fundraiser contribution #3405,Fundraiser 3405,38703.0,Charity & Donations
Traffic fine #4881,Government 4881,7604.0,Government & Legal
OGT/3e0f9905-6bf7-4ab3- af74-4643eca7 PK,External Transfer,1100.0,Transfers
Car insurance payment,Local Shop 393,34841.0,Insurance
Internet bill payment #7836,ISP 7836,4699.0,Utilities & Services
OGT/7b8d7105-06b7-4bea- bda1-71818893 PK,External Transfer,110.0,Transfers
Refund received #6866,Merchant Refund 6866,2451.0,Income
Pharmacy purchase #2241,Pharmacy 2241,7520.0,Healthcare & Medical
Home essentials,Service Provider 626,11849.0,Home Supplies / Household Items
OGT/eef3eed2-eda2-4d39- aee9-702535bb PK,External Transfer,160.0,Transfers
ICT/3c40d84c-2df4-498e- 8108-a530366d PK,External Transfer,1500.0,Transfers
ICT/d87e5571-7f5b-4527- a6c8-00ddd238 PK,External Transfer,2540.0,Transfers
Home supplies #6076,Retail Store 6076,9174.0,Shopping & Retail
Bank charges #4046,Bank 4046,627.0,Financial Services
Hospital charges #5107,Hospital 5107,50846.0,Healthcare & Medical
OGT/6ef0a482-97fa-407e- b2ad-4f431042 PK,External Transfer,200.0,Transfers
Gym membership #5804,Gym 5804,10699.0,Entertainment & Recreation
Brokerage deposit,Generic Store 896,14285.0,Savings / Investments
Freelance payment received #6965,Client Payment 6965,43128.0,Income
Card fee #3054,Bank 3054,559.0,Financial Services
Apartment rent,Online Merchant 816,23204.0,Housing / Rent
OGT/375f65e2-3813-41e6- 8d6b-cf0c2ace PK,External Transfer,250.0,Transfers
Pharmacy purchase #3899,Pharmacy 3899,2759.0,Healthcare & Medical
Bank charges #4620,Bank 4620,220.0,Financial Services
Coffee purchase #3214,Cafe 3214,219.0,Food & Dining
Grocery shopping #2243,Grocery Store 2243,4921.0,Food & Dining
Movie tickets #2975,Cinema 2975,2072.0,Entertainment & Recreation
Water bill payment #1780,Water Utility 1780,4521.0,Utilities & Services
Fresh produce purchase,Generic Store 852,42194.0,Groceries
Pharmacy purchase #4721,Pharmacy 4721,5276.0,Healthcare & Medical
App subscription renewal,Local Shop 603,46753.0,Subscriptions (Streaming / Apps)
Clothing purchase #6640,Clothing Store 6640,9661.0,Shopping & Retail
Electronics purchase #8204,Electronics Store 8204,61387.0,Shopping & Retail
Event booking #6905,Ticketing 6905,5893.0,Entertainment & Recreation
Card fee #4766,Bank 4766,1250.0,Financial Services
Refund received #2188,Merchant Refund 2188,18395.0,Income
Clothes shopping,Online Merchant 324,43068.0,Shopping (Clothes / Electronics)
Car insurance payment,Service Provider 228,18852.0,Insurance
ICT/ab098d7e-f6f7-4fb0- 92f5-958fbfc0 PK,External Transfer,3000.0,Transfers
Fundraiser contribution #6555,Fundraiser 6555,23171.0,Charity & Donations
ICT/6f66ddb1-6b07-4623- 81bc-b3f9b805 PK,External Transfer,74000.0,Transfers
Bonus credited #7171,Employer Bonus 7171,22377.0,Income
Gift purchase,Service Provider 410,12593.0,Gifts & Celebrations
Mobile package,Marketplace 940,25335.0,Mobile & Internet
Concert entry,Local Shop 682,45268.0,Entertainment (Movies / Games / Events)
Vehicle maintenance #5686,Auto Service 5686,45182.0,Transportation
Pharmacy purchase #3663,Pharmacy 3663,5971.0,Healthcare & Medical
ICT/e81e2869-a4cc-4562- 9136-e9dd3562 PK,External Transfer,600.0,Transfers
Lab test payment #5579,Diagnostic Lab 5579,15068.0,Healthcare & Medical
Movie tickets #6223,Cinema 6223,4211.0,Entertainment & Recreation
Travel agency payment,Marketplace 994,37260.0,Travel (Flights / Hotels)
Coffee purchase,Local Shop 155,22547.0,Coffee & Snacks
Concert entry,Service Provider 642,44413.0,Entertainment (Movies / Games / Events)
Bank Transfer - MUHAMMAD ZUBAIR - 03260112055649,Muhammad Zubair,500.99,Transfers
Mobile top-up #7833,Telecom 7833,613.0,Utilities & Services
Food delivery #8317,Delivery Service 8317,4485.0,Food & Dining
Train pass,Service Provider 815,10173.0,Public Transport
Party supplies,Marketplace 177,25094.0,Gifts & Celebrations
Cab booking,Marketplace 477,11839.0,Ride Sharing / Taxi
Clothing purchase #7115,Clothing Store 7115,7878.0,Shopping & Retail
Gym membership #4314,Gym 4314,14142.0,Entertainment & Recreation
Internet bill payment #5698,ISP 5698,6880.0,Utilities & Services
OGT/85038b99-dcf1-4555- ad2f-d2d6d8b8 PK,External Transfer,610.0,Transfers
OGT/5ada30a5-c0e7-43d0- bdd9-66cbceda PK,External Transfer,250.0,Transfers
Vehicle maintenance #8795,Auto Service 8795,7366.0,Transportation
Pharmacy purchase #8904,Pharmacy 8904,5227.0,Healthcare & Medical
Loan repayment #2114,Loan Provider 2114,61278.0,Financial Services
Doctor consultation #4811,Clinic 4811,2758.0,Healthcare & Medical
Bus fare #1348,Transit 1348,453.0,Transportation
Card fee #5059,Bank 5059,340.0,Financial Services
Electricity bill payment #7212,Electric Company 7212,18595.0,Utilities & Services
Fuel purchase #4184,Petrol Pump 4184,4861.0,Transportation
Movie tickets #7564,Cinema 7564,4792.0,Entertainment & Recreation
Bonus credited #8007,Employer Bonus 8007,30035.0,Income
Electronics purchase #9508,Electronics Store 9508,79132.0,Shopping & Retail
OGT/be20c517-fa39-48b9- 8c36-c0b14506 PK,External Transfer,400.0,Transfers
Flight booking,Generic Store 709,25581.0,Travel (Flights / Hotels)
Bonus credited #9347,Employer Bonus 9347,58892.0,Income
Bus fare #6005,Transit 6005,447.0,Transportation
ICT/00fffc07-2b75-46a6- 9643-a0aa6925 PK,External Transfer,860.0,Transfers
Apartment rent,Online Merchant 607,33523.0,Housing / Rent
Movie tickets,Service Provider 381,41069.0,Entertainment (Movies / Games / Events)
Grocery shopping #3560,Grocery Store 3560,14712.0,Food & Dining
OGT/7a22cf78-f893-4df2- af8f-558169a3 PK,External Transfer,130.0,Transfers
Cleaning products purchase,Generic Store 345,1105.0,Home Supplies / Household Items
ICT/3be252a1-88a3-4b42- a8c7-0f441b92 PK,External Transfer,4000.0,Transfers
Hospital charges #1209,Hospital 1209,44469.0,Healthcare & Medical
Traffic fine #7452,Government 7452,5766.0,Government & Legal
Investment deposit #1296,Broker 1296,198017.0,Financial Services
Gaming purchase,Service Provider 787,28782.0,Entertainment (Movies / Games / Events)
OGT/c289e26f-7cc9-4cef- be63-95386d61 PK,External Transfer,200.0,Transfers
Gas station payment,Online Merchant 296,32906.0,Fuel / Gas
Fundraiser contribution #4538,Fundraiser 4538,20044.0,Charity & Donations
Court fee #1271,Legal Service 1271,71498.0,Government & Legal
OGT/e0cb4f38-5679-4813- 816a-5a346ec9 PK,External Transfer,90.0,Transfers
Dinner at restaurant,Marketplace 101,14234.0,Restaurants / Eating Out
Zakat contribution #1772,Charity 1772,142501.0,Charity & Donations
Weekly groceries,Service Provider 589,713.0,Groceries
Donation #1882,Charity 1882,37669.0,Charity & Donations
Streaming subscription #3592,Streaming Service 3592,2861.0,Entertainment & Recreation
Money Transfer - EMAN FATIMA - 03332968914,Eman Fatima,1000.0,Transfers
Restaurant bill #1322,Restaurant 1322,1934.0,Food & Dining
Electricity bill,Online Merchant 200,6684.0,Electricity / Water / Gas
Investment deposit #9031,Broker 9031,102037.0,Financial Services
Movie tickets #3310,Cinema 3310,4836.0,Entertainment & Recreation
Grocery shopping #5266,Grocery Store 5266,7264.0,Food & Dining
Monthly rent payment,Generic Store 404,48098.0,Housing / Rent
Investment deposit #9883,Broker 9883,36277.0,Financial Services
Car insurance payment,Online Merchant 580,46604.0,Insurance
Tax payment #6472,Government 6472,21643.0,Government & Legal
Ride payment #7101,Ride-hailing 7101,3928.0,Transportation
Vehicle maintenance #4890,Auto Service 4890,49572.0,Transportation
Salary credited #2066,Employer Payroll 2066,123237.0,Income
OGT/2f5826de-75af-47d1- ac15-2f2e1414 PK,External Transfer,50.0,Transfers
Streaming subscription #5785,Streaming Service 5785,2457.0,Entertainment & Recreation
Doctor consultation #8176,Clinic 8176,7090.0,Healthcare & Medical
Utility charges,Local Shop 449,37500.0,Electricity / Water / Gas
Electricity bill payment #8185,Electric Company 8185,14755.0,Utilities & Services
Bus fare,Local Shop 144,17831.0,Public Transport
Freelance payment received #6794,Client Payment 6794,63618.0,Income
Court fee #1525,Legal Service 1525,80421.0,Government & Legal
OGT/39a626bd-7e8c-4ef5- 829a-94e2d5c5 PK,External Transfer,50.0,Transfers
CWD/PAK AUSTRIA PAK AUSTRIA HARIPUR PK,Pak Austria Pak Austria Haripur Pk,10023.44,Cash Withdrawal
Court fee #9656,Legal Service 9656,85577.0,Government & Legal
RAAST P2P EMAN FATIMA,Eman Fatima,3000.0,Transfers
Ride payment #2387,Ride-hailing 2387,2898.0,Transportation
Bank charges #5766,Bank 5766,161.0,Financial Services
Grocery shopping #1720,Grocery Store 1720,5063.0,Food & Dining
Doctor consultation #6628,Clinic 6628,4962.0,Healthcare & Medical
Gym membership #3914,Gym 3914,8174.0,Entertainment & Recreation
OGT/74edee1c-a203-4a56- affa-1b155e0e PK,External Transfer,200.0,Transfers
Bus fare #1515,Transit 1515,372.0,Transportation
OGT/5d8f21e4-1d4f-454c- 9c63-cc615f6f PK,External Transfer,470.0,Transfers
Streaming subscription #9187,Streaming Service 9187,631.0,Entertainment & Recreation
Card fee #3369,Bank 3369,1157.0,Financial Services
Tuition fee payment,Online Merchant 565,44655.0,Education / Tuition
Train pass,Online Merchant 273,49095.0,Public Transport
Refund received #8042,Merchant Refund 8042,9015.0,Income
Tuition fee payment,Service Provider 603,17339.0,Education / Tuition
Home supplies #9176,Retail Store 9176,16698.0,Shopping & Retail
Streaming subscription #9724,Streaming Service 9724,2806.0,Entertainment & Recreation
Streaming subscription #9538,Streaming Service 9538,2968.0,Entertainment & Recreation
Salary credited #6695,Employer Payroll 6695,198583.0,Income
ICT/f347a6a2-18b6-448c- aa46-574c2a6f PK,External Transfer,370.0,Transfers
Refund received #3244,Merchant Refund 3244,4716.0,Income
Clothing purchase #6509,Clothing Store 6509,20962.0,Shopping & Retail
OGT/90e26f6d-5235-490f- bc65-150af9fa PK,External Transfer,800.0,Transfers
Movie tickets #4629,Cinema 4629,424.0,Entertainment & Recreation
Internet bill payment #6677,ISP 6677,1040.0,Utilities & Services
Home essentials,Marketplace 696,24217.0,Home Supplies / Household Items
ICT/50144eb9-989a-4a90- b168-139e599e PK,External Transfer,550.0,Transfers
Water utility bill,Generic Store 455,9388.0,Electricity / Water / Gas
Travel agency payment,Service Provider 587,46545.0,Travel (Flights / Hotels)
Traffic fine #1746,Government 1746,43654.0,Government & Legal
Party supplies,Marketplace 546,48555.0,Gifts & Celebrations
Mobile package,Marketplace 688,6725.0,Mobile & Internet
Bank charges #9611,Bank 9611,421.0,Financial Services
Metro ticket,Generic Store 869,38548.0,Public Transport
Lab test payment #5969,Diagnostic Lab 5969,13055.0,Healthcare & Medical
Mutual fund contribution,Online Merchant 766,30956.0,Savings / Investments
Fundraiser contribution #7848,Fundraiser 7848,25399.0,Charity & Donations
Hospital charges #9162,Hospital 9162,58558.0,Healthcare & Medical
OGT/e69e7e57-ed72-4867- b808-60a291cf PK,External Transfer,1000.0,Transfers
Cleaning products purchase,Online Merchant 582,37386.0,Home Supplies / Household Items
ICT/35f1e63f-7e3b-4ecc- b10b-68b88770 PK,External Transfer,750.0,Transfers
Car insurance payment,Local Shop 687,3550.0,Insurance
License fee #3811,Government 3811,4021.0,Government & Legal
OGT/435692a3-6d6e-4270- 8842-041e8b4f PK,External Transfer,90.0,Transfers
Broadband payment,Generic Store 349,35472.0,Mobile & Internet
License fee #3031,Government 3031,12743.0,Government & Legal
ICT/63aad7ef-fc93-43d8- aa4c-58ae14da PK,External Transfer,500.0,Transfers
Mobile top-up #5214,Telecom 5214,2831.0,Utilities & Services
Pharmacy purchase #1941,Pharmacy 1941,3666.0,Healthcare & Medical
ICT/c8b57b95-40ad-410a- a173-f039e55f PK,External Transfer,1200.0,Transfers
RAAST P2P EMAN FATIMA,Eman Fatima,5000.0,Transfers
Rent for Lahore flat,Marketplace 106,39862.0,Housing / Rent
Utility charges,Local Shop 705,7407.0,Electricity / Water / Gas
Electricity bill payment #8466,Electric Company 8466,21213.0,Utilities & Services
Zakat contribution #1577,Charity 1577,117684.0,Charity & Donations
License fee #5628,Government 5628,21519.0,Government & Legal
OGT/55ca801f-8a55-42ad- 925b-8440bcf6 PK,External Transfer,800.0,Transfers
Grocery shopping #9072,Grocery Store 9072,5331.0,Food & Dining
License fee #7639,Government 7639,3272.0,Government & Legal
Savings transfer,Online Merchant 868,13442.0,Savings / Investments
Lab test payment #7745,Diagnostic Lab 7745,18863.0,Healthcare & Medical
Monthly rent payment,Generic Store 396,33063.0,Housing / Rent
Electronics purchase #6097,Electronics Store 6097,1768.0,Shopping & Retail
CWD/PAK AUSTRIA PAK AUSTRIA HARIPUR PK,Pak Austria Pak Austria Haripur Pk,1023.44,Cash Withdrawal
Pharmacy purchase #9526,Pharmacy 9526,3017.0,Healthcare & Medical
Zakat contribution #7846,Charity 7846,141377.0,Charity & Donations
Doctor consultation #7009,Clinic 7009,13742.0,Healthcare & Medical
Zakat contribution #8396,Charity 8396,185648.0,Charity & Donations
RAAST P2P QAMAR AYOUB,Qamar Ayoub,600.0,Transfers
OGT/98c3014b-3cef-4681- aed3-98d267e7 PK,External Transfer,60.0,Transfers
Fundraiser contribution #3314,Fundraiser 3314,5831.0,Charity & Donations
Bonus credited #9084,Employer Bonus 9084,75132.0,Income
Bonus credited #8653,Employer Bonus 8653,30742.0,Income
Freelance payment received #9513,Client Payment 9513,74853.0,Income
Anniversary gift,Marketplace 495,28389.0,Gifts & Celebrations
OGT/41eee3b0-85f0-479b- 8d54-ac69eedb PK,External Transfer,4000.0,Transfers
Grocery shopping #5297,Grocery Store 5297,13210.0,Food & Dining
Clothing purchase #9240,Clothing Store 9240,2196.0,Shopping & Retail
Fuel purchase #8306,Petrol Pump 8306,8318.0,Transportation
Clothing purchase #3453,Clothing Store 3453,18445.0,Shopping & Retail
Party supplies,Generic Store 126,20741.0,Gifts & Celebrations
Mobile package,Online Merchant 929,6012.0,Mobile & Internet
Bonus credited #6342,Employer Bonus 6342,43638.0,Income
Investment deposit #6558,Broker 6558,163353.0,Financial Services
Policy renewal,Generic Store 644,38907.0,Insurance
Bus fare #2113,Transit 2113,414.0,Transportation
Food delivery #8443,Delivery Service 8443,2789.0,Food & Dining
Streaming subscription,Online Merchant 571,28180.0,Subscriptions (Streaming / Apps)
OGT/8a15890c-20f6-4814- b09a-19f9f563 PK,External Transfer,500.0,Transfers
Coffee purchase #6452,Cafe 6452,1257.0,Food & Dining
Car service,Local Shop 700,41658.0,Car Maintenance
OGT/4c9e484d-cc7e-42cc- 9533-23857198 PK,External Transfer,1.0,Transfers
Policy renewal,Generic Store 930,30472.0,Insurance
Fuel refill,Service Provider 124,10783.0,Fuel / Gas
Zakat contribution #7199,Charity 7199,125048.0,Charity & Donations
Food delivery #8569,Delivery Service 8569,2963.0,Food & Dining
Ride payment #2388,Ride-hailing 2388,4608.0,Transportation
ICT/95db61bf-3993-44d2- a47c-01085534 PK,External Transfer,230.0,Transfers
Cab booking,Service Provider 220,49151.0,Ride Sharing / Taxi
Fuel purchase #3054,Petrol Pump 3054,9312.0,Transportation
Coffee purchase #2666,Cafe 2666,785.0,Food & Dining
Fuel purchase #7346,Petrol Pump 7346,5431.0,Transportation
Vehicle maintenance #9432,Auto Service 9432,31436.0,Transportation
Money Transfer - ABDUR RASHEED - 03345005977,Abdur Rasheed,250.0,Transfers
Grocery shopping,Marketplace 207,39319.0,Groceries
Water bill payment #3556,Water Utility 3556,1244.0,Utilities & Services
Mobile package,Marketplace 569,36844.0,Mobile & Internet
OGT/f4435114-2634-45bd- aa24-7a48a421 PK,External Transfer,120.0,Transfers
Lunch outing,Marketplace 235,15386.0,Restaurants / Eating Out
Freelance payment received #1480,Client Payment 1480,67325.0,Income
ICT/80a5f997-7370-4a27- a9b4-414fee3f PK,External Transfer,210.0,Transfers
RAAST P2P MUHAMMAD KASHIF,Muhammad Kashif,50.0,Transfers
Gym membership #8256,Gym 8256,11000.0,Entertainment & Recreation
Food court meal,Local Shop 706,12857.0,Restaurants / Eating Out
Pharmacy purchase #6350,Pharmacy 6350,3688.0,Healthcare & Medical
Policy renewal,Online Merchant 779,42231.0,Insurance
Loan repayment #8848,Loan Provider 8848,64695.0,Financial Services
Doctor consultation #9802,Clinic 9802,14074.0,Healthcare & Medical
Salary credited #2053,Employer Payroll 2053,202911.0,Income
Bank charges #1479,Bank 1479,1698.0,Financial Services
RAAST P2P ABDUR RASHEED,Abdur Rasheed,100.0,Transfers
License fee #5672,Government 5672,7556.0,Government & Legal
Medicine bill,Generic Store 490,6179.0,Medical / Pharmacy
Exam fee,Generic Store 802,7250.0,Education / Tuition
Card fee #5648,Bank 5648,410.0,Financial Services
Diesel top-up,Generic Store 747,29519.0,Fuel / Gas
Bank Transfer - YAHYA KHAN - 04450010146803660012,Yahya Khan,271.54,Transfers
ICT/80b6be49-8891-492b- 96f3-63c8260c PK,External Transfer,500.0,Transfers
Cleaning products purchase,Marketplace 560,11204.0,Home Supplies / Household Items
Household supplies,Local Shop 969,32625.0,Home Supplies / Household Items
Car service,Service Provider 498,19194.0,Car Maintenance
Travel agency payment,Generic Store 542,44634.0,Travel (Flights / Hotels)
Anniversary gift,Local Shop 828,16224.0,Gifts & Celebrations
Internet bill payment #5054,ISP 5054,7940.0,Utilities & Services
Mobile top-up #6779,Telecom 6779,2680.0,Utilities & Services
Tire replacement,Service Provider 756,9252.0,Car Maintenance
Loan repayment #2443,Loan Provider 2443,40379.0,Financial Services
Utility charges,Service Provider 186,43467.0,Electricity / Water / Gas
Dinner at restaurant,Marketplace 945,2327.0,Restaurants / Eating Out
Investment deposit #7839,Broker 7839,165406.0,Financial Services
Home supplies #8377,Retail Store 8377,2337.0,Shopping & Retail
Home essentials,Generic Store 830,22999.0,Home Supplies / Household Items
Hospital charges #8086,Hospital 8086,27252.0,Healthcare & Medical
ICT/9d2976bb-fd5b-449a- b5f5-cafc3b82 PK,External Transfer,1000.0,Transfers
Clothing purchase #2587,Clothing Store 2587,4951.0,Shopping & Retail
School fee,Online Merchant 596,13675.0,Education / Tuition
Donation #6640,Charity 6640,26437.0,Charity & Donations
Donation #8872,Charity 8872,19592.0,Charity & Donations
ICT/d069619f-82a2-4dd6- 9513-232672a7 PK,External Transfer,100.0,Transfers
Lab test payment #8141,Diagnostic Lab 8141,16223.0,Healthcare & Medical
Supermarket groceries,Local Shop 383,22171.0,Groceries
Hospital charges #1112,Hospital 1112,75525.0,Healthcare & Medical
Pharmacy purchase,Marketplace 903,45846.0,Medical / Pharmacy
Fuel purchase #2418,Petrol Pump 2418,5925.0,Transportation
Tax payment #9174,Government 9174,274298.0,Government & Legal
Zakat contribution #6895,Charity 6895,165020.0,Charity & Donations
Vehicle maintenance,Marketplace 276,45304.0,Car Maintenance
Coffee shop order,Generic Store 235,30219.0,Coffee & Snacks
ICT/b35b3910-eaa7-4fd5- a8ec-9c3fe07d PK,External Transfer,600.0,Transfers
Movie tickets #3370,Cinema 3370,1788.0,Entertainment & Recreation
Movie tickets #1356,Cinema 1356,1516.0,Entertainment & Recreation
Donation #7650,Charity 7650,46449.0,Charity & Donations
Doctor consultation #6750,Clinic 6750,4664.0,Healthcare & Medical
OGT/fdef716d-a0bb-401a- 97dc-272c5390 PK,External Transfer,440.0,Transfers
Water bill payment #5640,Water Utility 5640,4276.0,Utilities & Services
Cleaning products purchase,Local Shop 356,14586.0,Home Supplies / Household Items
License fee #6211,Government 6211,33068.0,Government & Legal
Lab test payment #1856,Diagnostic Lab 1856,3364.0,Healthcare & Medical
Gym membership #8610,Gym 8610,1357.0,Entertainment & Recreation
Utility charges,Service Provider 675,18961.0,Electricity / Water / Gas
Food delivery #5033,Delivery Service 5033,4238.0,Food & Dining
Doctor consultation #8611,Clinic 8611,12339.0,Healthcare & Medical
Netflix.com Los Gatos SGP,Netflix,268.47,Subscriptions
Electricity bill payment #6046,Electric Company 6046,2474.0,Utilities & Services
Mobile package,Service Provider 642,3093.0,Mobile & Internet
Internet bill payment #8889,ISP 8889,1322.0,Utilities & Services
Grocery shopping,Marketplace 941,18103.0,Groceries
Hotel reservation,Local Shop 267,28489.0,Travel (Flights / Hotels)
OGT/95dffa36-5caa-4689- 889c-ddaec81e PK,External Transfer,150.0,Transfers
Water bill payment #7922,Water Utility 7922,3855.0,Utilities & Services
Raast Payment - PK37SADA0000003409095882,Pk37Sada0000003409095882,100.0,Transfers
OGT/ff0dcd2b-1dbb-48b7- aa7f-c6dbd7df PK,External Transfer,150.0,Transfers
Event booking #6341,Ticketing 6341,4503.0,Entertainment & Recreation
OGT/adcadcb5-5d3f-4633- b1c0-e48c8d6c PK,External Transfer,2500.0,Transfers
ICT/7a4cb62a-cc8a-4a00- aeea-2db361fe PK,External Transfer,1860.0,Transfers
Ride service fare,Generic Store 209,39063.0,Ride Sharing / Taxi
Tea and pastry,Online Merchant 389,29913.0,Coffee & Snacks
Hospital charges #2381,Hospital 2381,27420.0,Healthcare & Medical
Water utility bill,Service Provider 124,12329.0,Electricity / Water / Gas
Grocery shopping #9464,Grocery Store 9464,6752.0,Food & Dining
Data recharge,Marketplace 508,19332.0,Mobile & Internet
Investment deposit,Online Merchant 457,32435.0,Savings / Investments
Investment deposit #8598,Broker 8598,61062.0,Financial Services
Event booking #6882,Ticketing 6882,2771.0,Entertainment & Recreation
Salary credited #2489,Employer Payroll 2489,161683.0,Income
Salary credited #1810,Employer Payroll 1810,53351.0,Income
Ride-share trip,Online Merchant 909,11876.0,Ride Sharing / Taxi
Restaurant bill #7297,Restaurant 7297,6589.0,Food & Dining
Gas bill payment,Service Provider 836,38071.0,Electricity / Water / Gas
Rent for Lahore flat,Online Merchant 467,49634.0,Housing / Rent
Online shopping #5155,E-commerce 5155,23374.0,Shopping & Retail
OGT/11dd7883-e157-4b90- 8ba3-a477d7da PK,External Transfer,1100.0,Transfers
Online shopping #6336,E-commerce 6336,29438.0,Shopping & Retail
OGT/48720468-560a-4470- 87e8-8c41de51 PK,External Transfer,130.0,Transfers
Course enrollment,Online Merchant 223,26424.0,Education / Tuition
Bank charges #7815,Bank 7815,561.0,Financial Services
Cafe snack,Service Provider 917,49234.0,Coffee & Snacks
Anniversary gift,Local Shop 222,23860.0,Gifts & Celebrations
Zakat contribution #2884,Charity 2884,151808.0,Charity & Donations
Water bill payment #1856,Water Utility 1856,1697.0,Utilities & Services
Streaming subscription #7207,Streaming Service 7207,558.0,Entertainment & Recreation
Coffee purchase #6294,Cafe 6294,1432.0,Food & Dining
Online shopping #4574,E-commerce 4574,28403.0,Shopping & Retail
Lab test payment #7600,Diagnostic Lab 7600,22096.0,Healthcare & Medical
Clinic visit,Generic Store 866,2879.0,Medical / Pharmacy
Traffic fine #2290,Government 2290,21578.0,Government & Legal
Google One London GBR,Google One,476.15,Subscriptions
Hospital charges #8617,Hospital 8617,15871.0,Healthcare & Medical
Pharmacy purchase #8910,Pharmacy 8910,4645.0,Healthcare & Medical
Rent for Islamabad flat,Marketplace 709,38941.0,Housing / Rent
Water bill payment #5173,Water Utility 5173,4214.0,Utilities & Services
Lab test payment #2132,Diagnostic Lab 2132,7056.0,Healthcare & Medical
Gym membership #3830,Gym 3830,14067.0,Entertainment & Recreation
Electricity bill payment #8304,Electric Company 8304,21012.0,Utilities & Services
ICT/88c6f8a0-10a1-4c5e- a21f-daceb133 PK,External Transfer,120.0,Transfers
Traffic fine #7788,Government 7788,28987.0,Government & Legal
Oil change,Generic Store 482,10924.0,Car Maintenance
Lunch outing,Local Shop 750,24715.0,Restaurants / Eating Out
Card fee #1837,Bank 1837,1486.0,Financial Services
Clothing purchase #2688,Clothing Store 2688,21362.0,Shopping & Retail
Car insurance payment,Generic Store 785,17670.0,Insurance
Grocery shopping #8659,Grocery Store 8659,1473.0,Food & Dining
Coffee purchase #9860,Cafe 9860,294.0,Food & Dining
OGT/88b682a1-3b4f-4fb5- b0e5-54e3c9af PK,External Transfer,1020.0,Transfers
Movie tickets #1839,Cinema 1839,470.0,Entertainment & Recreation
Rent for Peshawar flat,Online Merchant 903,5887.0,Housing / Rent
House rent transfer,Generic Store 352,12269.0,Housing / Rent
Health insurance,Online Merchant 812,34618.0,Insurance
Movie tickets #2936,Cinema 2936,760.0,Entertainment & Recreation
Water bill payment #4892,Water Utility 4892,9865.0,Utilities & Services
Salary credited #8192,Employer Payroll 8192,232426.0,Income
Fuel purchase #1229,Petrol Pump 1229,3485.0,Transportation
Court fee #7706,Legal Service 7706,72979.0,Government & Legal
Broadband payment,Marketplace 468,32602.0,Mobile & Internet
Vehicle maintenance #7086,Auto Service 7086,11324.0,Transportation
Gaming purchase,Service Provider 325,40638.0,Entertainment (Movies / Games / Events)
Streaming subscription,Generic Store 878,24182.0,Subscriptions (Streaming / Apps)
Hospital charges #6489,Hospital 6489,47426.0,Healthcare & Medical
Utility charges,Online Merchant 410,14155.0,Electricity / Water / Gas
Anniversary gift,Generic Store 554,21323.0,Gifts & Celebrations
Vehicle maintenance #5351,Auto Service 5351,17632.0,Transportation
RAAST P2P MUHAMMAD ASLAM,Muhammad Aslam,320.0,Transfers
Salary credited #4486,Employer Payroll 4486,215173.0,Income
Donation #5459,Charity 5459,43261.0,Charity & Donations
Internet bill payment #4168,ISP 4168,6188.0,Utilities & Services
Petrol purchase,Service Provider 517,15527.0,Fuel / Gas
Fuel purchase #5423,Petrol Pump 5423,8411.0,Transportation
Bonus credited #2294,Employer Bonus 2294,46201.0,Income
Data recharge,Online Merchant 574,6847.0,Mobile & Internet
Internet bill payment #9878,ISP 9878,1530.0,Utilities & Services
Court fee #8949,Legal Service 8949,74679.0,Government & Legal
Food delivery #6385,Delivery Service 6385,1111.0,Food & Dining
Freelance payment received #8479,Client Payment 8479,10073.0,Income
Electricity bill payment #3828,Electric Company 3828,4428.0,Utilities & Services
Bus fare #1899,Transit 1899,215.0,Transportation
OGT/e03279de-2df2-4cd4- b401-feeefa79 PK,External Transfer,500.0,Transfers
RAAST P2P MUHAMMAD ASLAM,Muhammad Aslam,200.0,Transfers
Restaurant bill #9268,Restaurant 9268,3207.0,Food & Dining
RAAST P2P BABU AKHLAQ TUCK,Babu Akhlaq Tuck,200.0,Transfers
Donation #9002,Charity 9002,15941.0,Charity & Donations
Cab booking,Service Provider 940,41496.0,Ride Sharing / Taxi
Course enrollment,Local Shop 502,14331.0,Education / Tuition
ICT/b11c4e3d-47e8-4db8- b08d-69ddedaa PK,External Transfer,620.0,Transfers
Investment deposit,Marketplace 198,5497.0,Savings / Investments
Zakat contribution #8341,Charity 8341,14295.0,Charity & Donations
Electronics purchase #2532,Electronics Store 2532,111068.0,Shopping & Retail
Raast Payment - PK91NAYA1234503176001939,Pk91Naya1234503176001939,1116.0,Transfers
Online shopping #3976,E-commerce 3976,37471.0,Shopping & Retail
Bank charges #9621,Bank 9621,118.0,Financial Services
Money Transfer - IBRAR AHMAD - 03440026850,Ibrar Ahmad,30.0,Transfers
Lab test payment #3854,Diagnostic Lab 3854,20788.0,Healthcare & Medical
Electronics purchase #5834,Electronics Store 5834,32037.0,Shopping & Retail
Dinner at restaurant,Online Merchant 608,16773.0,Restaurants / Eating Out
Cafe snack,Online Merchant 888,38656.0,Coffee & Snacks
Court fee #3799,Legal Service 3799,74384.0,Government & Legal
Cleaning products purchase,Service Provider 490,4163.0,Home Supplies / Household Items
Traffic fine #8205,Government 8205,45001.0,Government & Legal
ICT/08fa8a7d-834e-4d81- 8ef9-915daf71 PK,External Transfer,1150.0,Transfers
Traffic fine #7250,Government 7250,28815.0,Government & Legal
Water bill payment #4556,Water Utility 4556,1661.0,Utilities & Services
OGT/73f38425-a188-4fbf- a290-aa55e6d5 PK,External Transfer,200.0,Transfers
Zakat contribution #1906,Charity 1906,182347.0,Charity & Donations
Loan repayment #6622,Loan Provider 6622,64084.0,Financial Services
Electronics purchase #7936,Electronics Store 7936,39744.0,Shopping & Retail
OGT/51faa4d5-7b72-44d1- 9c91-cde36515 PK,External Transfer,1650.0,Transfers
OGT/96bf7fdf-b40b-4610- 81bb-151b7739 PK,External Transfer,20.0,Transfers
Donation #7511,Charity 7511,27005.0,Charity & Donations
ICT/7c7a06f6-cd85-42d3- 85b6-37e1a611 PK,External Transfer,2500.0,Transfers
Cleaning products purchase,Marketplace 523,49813.0,Home Supplies / Household Items
Clothing purchase #5696,Clothing Store 5696,3740.0,Shopping & Retail
ICT/32d06f3c-6c37-4be3- a92f-d12c3765 PK,External Transfer,2000.0,Transfers
Ride payment #9766,Ride-hailing 9766,2077.0,Transportation
ICT/e3c41546-1958-42a4- 9a6e-64002ae7 PK,External Transfer,400.0,Transfers
Fundraiser contribution #6164,Fundraiser 6164,8112.0,Charity & Donations
Tax payment #9650,Government 9650,111420.0,Government & Legal
Electronics purchase #5989,Electronics Store 5989,42700.0,Shopping & Retail
Ride payment #6078,Ride-hailing 6078,2494.0,Transportation
ICT/bff2ace5-3c2d-48c9- b2b0-20d4c783 PK,External Transfer,200.0,Transfers
Fashion store bill,Local Shop 524,29492.0,Shopping (Clothes / Electronics)
Movie tickets #2228,Cinema 2228,2594.0,Entertainment & Recreation
Bank charges #8044,Bank 8044,974.0,Financial Services
Streaming subscription,Local Shop 269,48926.0,Subscriptions (Streaming / Apps)
Bank Transfer - YAHYA KHAN - 04450010146803660012,Yahya Khan,535.99,Transfers
Zakat contribution #2653,Charity 2653,59578.0,Charity & Donations
Online shopping #3432,E-commerce 3432,2613.0,Shopping & Retail
Traffic fine #6434,Government 6434,22291.0,Government & Legal
Taxi ride,Service Provider 896,14967.0,Ride Sharing / Taxi
Freelance payment received #2379,Client Payment 2379,71894.0,Income
Electricity bill payment #1666,Electric Company 1666,2648.0,Utilities & Services
Tea and pastry,Service Provider 263,13732.0,Coffee & Snacks
Freelance payment received #7702,Client Payment 7702,74190.0,Income
Gaming purchase,Marketplace 254,9545.0,Entertainment (Movies / Games / Events)
Medicine bill,Marketplace 404,17150.0,Medical / Pharmacy
Clothing purchase #7089,Clothing Store 7089,16165.0,Shopping & Retail
OGT/e7a7afde-9d74-4808- a5e1-afed1463 PK,External Transfer,260.0,Transfers
Loan repayment #5791,Loan Provider 5791,5436.0,Financial Services
Travel agency payment,Online Merchant 418,29651.0,Travel (Flights / Hotels)
Refund received #8806,Merchant Refund 8806,19260.0,Income
Restaurant bill,Marketplace 688,20900.0,Restaurants / Eating Out
Metro ticket,Service Provider 852,45589.0,Public Transport
Money Transfer - SHAISTA KHAN - 03478613356,Shaista Khan,240.0,Transfers
ICT/a130ca96-bde8-4056- ad86-b31d9b31 PK,External Transfer,3800.0,Transfers
Investment deposit #1630,Broker 1630,121870.0,Financial Services
Pharmacy purchase #3871,Pharmacy 3871,5088.0,Healthcare & Medical
Mutual fund contribution,Online Merchant 694,29815.0,Savings / Investments
Home supplies #4476,Retail Store 4476,17293.0,Shopping & Retail
Card fee #5996,Bank 5996,617.0,Financial Services
Mutual fund contribution,Service Provider 359,44531.0,Savings / Investments
Online shopping #1049,E-commerce 1049,18251.0,Shopping & Retail
Event booking #6965,Ticketing 6965,1861.0,Entertainment & Recreation
Salary credited #5200,Employer Payroll 5200,110059.0,Income
Gym membership #5521,Gym 5521,11225.0,Entertainment & Recreation
Fundraiser contribution #3428,Fundraiser 3428,25316.0,Charity & Donations
Gas station payment,Service Provider 454,20216.0,Fuel / Gas
Event booking #8597,Ticketing 8597,14802.0,Entertainment & Recreation
Food delivery #4896,Delivery Service 4896,5628.0,Food & Dining
Water utility bill,Generic Store 133,25410.0,Electricity / Water / Gas
Course enrollment,Service Provider 541,1675.0,Education / Tuition
Health insurance,Service Provider 849,43481.0,Insurance
Gym membership #2573,Gym 2573,14580.0,Entertainment & Recreation
Zakat contribution #1146,Charity 1146,63682.0,Charity & Donations
Money Transfer - EMAN FATIMA - 03332968914,Eman Fatima,450.0,Transfers
Court fee #1830,Legal Service 1830,62542.0,Government & Legal
Internet bill payment #9869,ISP 9869,4003.0,Utilities & Services
Weekly groceries,Online Merchant 964,25685.0,Groceries
OGT/8abe44c0-cae9-42c4- a700-354243ab PK,External Transfer,2250.0,Transfers
Bonus credited #2821,Employer Bonus 2821,71883.0,Income
ICT/57b6a264-a3d4-49fb- be1d-98452602 PK,External Transfer,1000.0,Transfers
ICT/245b03cf-5778-4a81- a651-a8725bcc PK,External Transfer,27.0,Transfers
Grocery shopping,Marketplace 879,13776.0,Groceries
ICT/0099cb4b-1f73-4726- a017-5b2f935d PK,External Transfer,3000.0,Transfers
Salary credited #6982,Employer Payroll 6982,201680.0,Income
License fee #4511,Government 4511,15638.0,Government & Legal
Cleaning products purchase,Online Merchant 218,9099.0,Home Supplies / Household Items
Salary credited #8808,Employer Payroll 8808,235310.0,Income
Movie tickets #1348,Cinema 1348,3078.0,Entertainment & Recreation
Ride payment #1644,Ride-hailing 1644,2701.0,Transportation
Clothing purchase #5813,Clothing Store 5813,18193.0,Shopping & Retail
OGT/c21dc7dc-e527-4baa- adaf-a3d7a40a PK,External Transfer,200.0,Transfers
Food delivery #8540,Delivery Service 8540,4973.0,Food & Dining
Bank charges #3092,Bank 3092,1618.0,Financial Services
Bank charges #5610,Bank 5610,1058.0,Financial Services
Clothing purchase #4369,Clothing Store 4369,14701.0,Shopping & Retail
Bonus credited #8021,Employer Bonus 8021,39274.0,Income
OGT/d68af9b2-739c-46a8- 8943-78712a05 PK,External Transfer,740.0,Transfers
OGT/e1342a1c-e78d-4ae9- ae12-691f5ac7 PK,External Transfer,280.0,Transfers
License fee #8567,Government 8567,40060.0,Government & Legal
Restaurant bill #5998,Restaurant 5998,2896.0,Food & Dining
OGT/9254a8c5-9c40-4e0d- 91a7-4bc63ebe PK,External Transfer,5000.0,Transfers
OGT/cf3e6f6f-9cf8-407f- ac0d-449f9d8b PK,External Transfer,2650.0,Transfers
Ride payment #4978,Ride-hailing 4978,2412.0,Transportation
Gift purchase,Generic Store 194,48665.0,Gifts & Celebrations
Ride service fare,Online Merchant 967,28127.0,Ride Sharing / Taxi
Grocery shopping #3525,Grocery Store 3525,1349.0,Food & Dining
Mobile package,Marketplace 453,28433.0,Mobile & Internet
ICT/c21b21bf-e5f1-4b76- acf5-f730a40a PK,External Transfer,1000.0,Transfers
ICT/9e08fb17-c086-4511- 9c91-4ee526a4 PK,External Transfer,1000.0,Transfers
Food delivery #5574,Delivery Service 5574,2931.0,Food & Dining
Fashion store bill,Local Shop 269,1453.0,Shopping (Clothes / Electronics)
Court fee #2416,Legal Service 2416,5515.0,Government & Legal
Zakat contribution #4686,Charity 4686,182828.0,Charity & Donations
Coffee purchase #3742,Cafe 3742,276.0,Food & Dining
Taxi ride,Generic Store 754,48764.0,Ride Sharing / Taxi
Electronics purchase #3726,Electronics Store 3726,84418.0,Shopping & Retail
Bonus credited #5508,Employer Bonus 5508,90559.0,Income
Bonus credited #9439,Employer Bonus 9439,46911.0,Income
Electronics purchase,Service Provider 449,14700.0,Shopping (Clothes / Electronics)
Kitchen supplies,Service Provider 200,3540.0,Home Supplies / Household Items
Online shopping #5147,E-commerce 5147,14544.0,Shopping & Retail
Water utility bill,Local Shop 966,3550.0,Electricity / Water / Gas
Monthly rent payment,Marketplace 172,19939.0,Housing / Rent
Insurance premium,Local Shop 790,21369.0,Insurance
Taxi ride,Service Provider 152,31506.0,Ride Sharing / Taxi
Ride payment #8105,Ride-hailing 8105,3876.0,Transportation
Bank Transfer - MUHAMMAD ZUBAIR - 03260112055649,Muhammad Zubair,6000.99,Transfers
Tuition fee payment,Local Shop 902,15621.0,Education / Tuition
Bank charges #4751,Bank 4751,1024.0,Financial Services
Kitchen supplies,Marketplace 223,43951.0,Home Supplies / Household Items
OGT/d09fb424-a884-4b0f- 9e12-373c5629 PK,External Transfer,20.0,Transfers
Food delivery #3694,Delivery Service 3694,442.0,Food & Dining
Court fee #3292,Legal Service 3292,42445.0,Government & Legal
ICT/9efe655c-6ffe-404a- b3e0-333dda0f PK,External Transfer,300.0,Transfers
Bus fare #2205,Transit 2205,499.0,Transportation
Vehicle maintenance #5710,Auto Service 5710,22294.0,Transportation
Bus fare #1645,Transit 1645,184.0,Transportation
Doctor consultation #4296,Clinic 4296,10861.0,Healthcare & Medical
Water bill payment #3608,Water Utility 3608,2712.0,Utilities & Services
Google One London GBR,Google One,454.88,Subscriptions
Electronics purchase #1807,Electronics Store 1807,14575.0,Shopping & Retail
Salary credited #1969,Employer Payroll 1969,100549.0,Income
Water bill payment #1809,Water Utility 1809,1591.0,Utilities & Services
Data recharge,Service Provider 609,26302.0,Mobile & Internet
Tire replacement,Local Shop 962,47662.0,Car Maintenance
Gym membership #4319,Gym 4319,7564.0,Entertainment & Recreation
Trip expenses,Service Provider 124,37871.0,Travel (Flights / Hotels)
Netflix.com Los Gatos SGP,Netflix,284.1,Subscriptions
App subscription renewal,Marketplace 815,6943.0,Subscriptions (Streaming / Apps)
Salary credited #1982,Employer Payroll 1982,175984.0,Income
OGT/fb65c535-f3b9-491f- a1a3-0b81ffc3 PK,External Transfer,1000.0,Transfers
Pharmacy purchase #5786,Pharmacy 5786,4323.0,Healthcare & Medical
Grocery shopping #7282,Grocery Store 7282,12723.0,Food & Dining
Electricity bill payment #1165,Electric Company 1165,9297.0,Utilities & Services
Exam fee,Online Merchant 314,37141.0,Education / Tuition
Raast Payment - YAHYA KHAN - SBP Raast,Yahya Khan,460.0,Transfers
Movie tickets #8976,Cinema 8976,761.0,Entertainment & Recreation
Fashion store bill,Service Provider 127,5774.0,Shopping (Clothes / Electronics)
Mobile top-up #8515,Telecom 8515,3716.0,Utilities & Services
Pharmacy purchase #9789,Pharmacy 9789,1122.0,Healthcare & Medical
Pharmacy purchase #5218,Pharmacy 5218,3093.0,Healthcare & Medical
License fee #8109,Government 8109,21387.0,Government & Legal
Freelance payment received #6645,Client Payment 6645,28150.0,Income
Lab test payment #2375,Diagnostic Lab 2375,21109.0,Healthcare & Medical
Movie tickets,Local Shop 307,10447.0,Entertainment (Movies / Games / Events)
Zakat contribution #9267,Charity 9267,136298.0,Charity & Donations
ICT/86e0400b-4d42-40f5- 9728-f6fc02af PK,External Transfer,400.0,Transfers
Mobile top-up #7142,Telecom 7142,2842.0,Utilities & Services
RAAST P2P MUHAMMAD KASHIF,Muhammad Kashif,70.0,Transfers
Car insurance payment,Marketplace 200,33294.0,Insurance
Mobile top-up #1925,Telecom 1925,324.0,Utilities & Services
Card fee #5692,Bank 5692,557.0,Financial Services
Raast Payment - PK62JCMA2601923017811338,Pk62Jcma2601923017811338,2000.0,Transfers
Donation #7583,Charity 7583,7232.0,Charity & Donations
Bonus credited #5260,Employer Bonus 5260,56513.0,Income
Loan repayment #4431,Loan Provider 4431,31703.0,Financial Services
Fundraiser contribution #3982,Fundraiser 3982,29067.0,Charity & Donations
ICT/e787e779-02af-489b- 9965-7a269a0f PK,External Transfer,220.0,Transfers
Fundraiser contribution #5148,Fundraiser 5148,8961.0,Charity & Donations
Tax payment #3035,Government 3035,125812.0,Government & Legal
Water bill payment #6492,Water Utility 6492,4619.0,Utilities & Services
Car service,Marketplace 611,12510.0,Car Maintenance
Household supplies,Service Provider 716,49284.0,Home Supplies / Household Items
Bus fare #2389,Transit 2389,416.0,Transportation
Tax payment #3763,Government 3763,70318.0,Government & Legal
Bonus credited #9325,Employer Bonus 9325,33499.0,Income
Traffic fine #3916,Government 3916,27828.0,Government & Legal
Grocery shopping #8531,Grocery Store 8531,11715.0,Food & Dining
Online shopping #8254,E-commerce 8254,36656.0,Shopping & Retail
Card fee #8111,Bank 8111,464.0,Financial Services
Vehicle maintenance #7462,Auto Service 7462,48435.0,Transportation
Loan repayment #1606,Loan Provider 1606,11822.0,Financial Services
Fresh produce purchase,Generic Store 698,49955.0,Groceries
Investment deposit #7731,Broker 7731,67763.0,Financial Services
Dinner at restaurant,Local Shop 922,11052.0,Restaurants / Eating Out
Internet bill payment #1454,ISP 1454,8084.0,Utilities & Services
Vehicle maintenance #8802,Auto Service 8802,6832.0,Transportation
Electricity bill payment #4404,Electric Company 4404,14681.0,Utilities & Services
OGT/750ecf31-8741-4020- 8f26-303508f0 PK,External Transfer,900.0,Transfers
Household supplies,Service Provider 492,14220.0,Home Supplies / Household Items
Loan repayment #3137,Loan Provider 3137,8728.0,Financial Services
ICT/33919e65-8266-4da6- ae36-4d56ea80 PK,External Transfer,190.0,Transfers
OGT/d016fa88-7774-4705- b3ac-2b126cae PK,External Transfer,1000.0,Transfers
ICT/fc26e94b-80b4-49f8- ae6a-ca2e0fe1 PK,External Transfer,900.0,Transfers
Concert entry,Local Shop 829,6288.0,Entertainment (Movies / Games / Events)
Tax payment #3665,Government 3665,221906.0,Government & Legal
ICT/f8406537-0b04-4d17- bfb5-1bbab6b9 PK,External Transfer,2500.0,Transfers
Investment deposit,Local Shop 516,34399.0,Savings / Investments
Donation #9993,Charity 9993,38929.0,Charity & Donations
Water bill payment #1220,Water Utility 1220,9496.0,Utilities & Services
Traffic fine #6165,Government 6165,21199.0,Government & Legal
Fundraiser contribution #2517,Fundraiser 2517,49511.0,Charity & Donations
Bank charges #8374,Bank 8374,1506.0,Financial Services
ICT/52bfb610-c98b-4449- 8656-a396b811 PK,External Transfer,1000.0,Transfers
Donation #3433,Charity 3433,24764.0,Charity & Donations
Traffic fine #1466,Government 1466,22050.0,Government & Legal
Clinic visit,Online Merchant 162,33179.0,Medical / Pharmacy
Mobile package,Marketplace 533,19018.0,Mobile & Internet
Doctor consultation #5697,Clinic 5697,7444.0,Healthcare & Medical
Grocery shopping #5488,Grocery Store 5488,8827.0,Food & Dining
RAAST P2P HASSAN KHAN,Hassan Khan,1098.0,Transfers
Investment deposit #9881,Broker 9881,47793.0,Financial Services
Movie tickets #1597,Cinema 1597,307.0,Entertainment & Recreation
Electricity bill payment #9945,Electric Company 9945,9406.0,Utilities & Services
Traffic fine #9677,Government 9677,14363.0,Government & Legal
Raast Payment - PK33SADA0000003469900986,Pk33Sada0000003469900986,580.0,Transfers
Bonus credited #9706,Employer Bonus 9706,39831.0,Income
Fuel refill,Local Shop 200,35572.0,Fuel / Gas
Coffee purchase #8644,Cafe 8644,1078.0,Food & Dining
ICT/7492e6e5-cf33-4bc8- 81f5-c6bf5f56 PK,External Transfer,2540.0,Transfers
Bank charges #5159,Bank 5159,566.0,Financial Services
Donation #3402,Charity 3402,19535.0,Charity & Donations
Clothing purchase #3886,Clothing Store 3886,15603.0,Shopping & Retail
Household supplies,Local Shop 987,4413.0,Home Supplies / Household Items
Refund received #4542,Merchant Refund 4542,16102.0,Income
Trip expenses,Service Provider 944,16222.0,Travel (Flights / Hotels)
Apartment rent,Local Shop 729,22925.0,Housing / Rent
Tax payment #9769,Government 9769,85642.0,Government & Legal
Exam fee,Marketplace 545,43755.0,Education / Tuition
Clinic visit,Online Merchant 249,46486.0,Medical / Pharmacy
Gaming purchase,Marketplace 629,17775.0,Entertainment (Movies / Games / Events)
Investment deposit #2255,Broker 2255,165629.0,Financial Services
Restaurant bill #3812,Restaurant 3812,9545.0,Food & Dining
Prescription refill,Marketplace 140,25260.0,Medical / Pharmacy
Zakat contribution #2153,Charity 2153,51097.0,Charity & Donations
Party supplies,Service Provider 265,44189.0,Gifts & Celebrations
Raast Payment - YAHYA KHAN - SBP Raast,Yahya Khan,500.0,Transfers
Traffic fine #7398,Government 7398,26189.0,Government & Legal
Electronics purchase #6633,Electronics Store 6633,79551.0,Shopping & Retail
Refund received #1223,Merchant Refund 1223,10083.0,Income
Court fee #4869,Legal Service 4869,4338.0,Government & Legal
Food delivery #8535,Delivery Service 8535,3260.0,Food & Dining
Mutual fund contribution,Local Shop 464,28992.0,Savings / Investments
Electronics purchase #4860,Electronics Store 4860,43818.0,Shopping & Retail
Policy renewal,Generic Store 739,21512.0,Insurance
Donation #2997,Charity 2997,6555.0,Charity & Donations
Medicine bill,Local Shop 222,42542.0,Medical / Pharmacy
OGT/9e125c81-6e91-4cdc- 9d99-1355cd2a PK,External Transfer,100.0,Transfers
Tire replacement,Marketplace 542,47953.0,Car Maintenance
Cafe snack,Online Merchant 454,38468.0,Coffee & Snacks
Fuel purchase #5382,Petrol Pump 5382,3950.0,Transportation
Vehicle maintenance #9271,Auto Service 9271,35806.0,Transportation
Fundraiser contribution #2141,Fundraiser 2141,35413.0,Charity & Donations
OGT/cf9c47fb-de66-4265- 97b8-ca4dfec2 PK,External Transfer,500.0,Transfers
Electricity bill payment #8444,Electric Company 8444,13434.0,Utilities & Services
Electricity bill payment #6596,Electric Company 6596,7471.0,Utilities & Services
Freelance payment received #1760,Client Payment 1760,48559.0,Income
Investment deposit,Local Shop 925,31803.0,Savings / Investments
Ride service fare,Online Merchant 453,45878.0,Ride Sharing / Taxi
Internet bill payment #4618,ISP 4618,7945.0,Utilities & Services
Hospital charges #7049,Hospital 7049,30761.0,Healthcare & Medical
Money Transfer - EMAN FATIMA - 03332968914,Eman Fatima,500.0,Transfers
Coffee purchase,Marketplace 101,16144.0,Coffee & Snacks
Prescription refill,Generic Store 932,26370.0,Medical / Pharmacy
Investment deposit,Marketplace 227,35537.0,Savings / Investments
Ride payment #3315,Ride-hailing 3315,6126.0,Transportation
Bank charges #1951,Bank 1951,1893.0,Financial Services
OGT/5a3872c6-db5c-4229- a300-947f893f PK,External Transfer,2680.0,Transfers
Mobile top-up #4134,Telecom 4134,2317.0,Utilities & Services
Bonus credited #1855,Employer Bonus 1855,9763.0,Income
Pharmacy purchase #4725,Pharmacy 4725,4220.0,Healthcare & Medical
Loan repayment #4933,Loan Provider 4933,33599.0,Financial Services
OGT/d752691e-dcf6-44a7- 8169-f0423cf8 PK,External Transfer,500.0,Transfers
Electricity bill payment #7389,Electric Company 7389,11343.0,Utilities & Services
Bus fare #4533,Transit 4533,198.0,Transportation
Freelance payment received #9626,Client Payment 9626,16362.0,Income
Zakat contribution #9225,Charity 9225,136377.0,Charity & Donations
Food delivery #7865,Delivery Service 7865,4829.0,Food & Dining
Bus fare,Marketplace 214,35421.0,Public Transport
Medicine bill,Service Provider 539,14212.0,Medical / Pharmacy
ICT/8018a774-f267-44cb- a4db-3ae0716d PK,External Transfer,500.0,Transfers
Ride payment #8115,Ride-hailing 8115,7771.0,Transportation
Rent for Peshawar flat,Local Shop 122,29887.0,Housing / Rent
OGT/d350d630-12b5-4eef- a438-8e687f49 PK,External Transfer,370.0,Transfers
ICT/ea459fe2-379b-49ef- 8102-eb1c7f3f PK,External Transfer,3000.0,Transfers
ICT/a2df1287-3818-4d57- ad7f-e16095a0 PK,External Transfer,200.0,Transfers
ICT/1942b76a-ac8a-45a5- 8b0e-380e75ba PK,External Transfer,4000.0,Transfers
Gadget order,Online Merchant 621,10093.0,Shopping (Clothes / Electronics)
Party supplies,Service Provider 428,35026.0,Gifts & Celebrations
Monthly streaming fee,Online Merchant 744,37427.0,Subscriptions (Streaming / Apps)
Raast Payment - PK17BAHL2008098101479301,Pk17Bahl2008098101479301,30.0,Transfers
Course enrollment,Service Provider 601,32052.0,Education / Tuition
Internet bill payment #2592,ISP 2592,2124.0,Utilities & Services
Home supplies #7496,Retail Store 7496,15423.0,Shopping & Retail
TELENOR PAKISTAN (PV ISLAMABAD PAK,Telenor,250.0,Bills
Electronics purchase #9678,Electronics Store 9678,24554.0,Shopping & Retail
Vehicle maintenance,Generic Store 226,13229.0,Car Maintenance
Food court meal,Generic Store 734,37678.0,Restaurants / Eating Out
Anniversary gift,Generic Store 887,41320.0,Gifts & Celebrations
Doctor consultation #9064,Clinic 9064,3877.0,Healthcare & Medical
ICT/793bc38b-15a3-476e- 8f02-0ef34ed8 PK,External Transfer,1000.0,Transfers
Rent for Karachi flat,Local Shop 263,46657.0,Housing / Rent
Donation #6067,Charity 6067,45671.0,Charity & Donations
Water utility bill,Generic Store 638,15108.0,Electricity / Water / Gas
Tax payment #5844,Government 5844,32539.0,Government & Legal
Bonus credited #4337,Employer Bonus 4337,56946.0,Income
Movie tickets #5834,Cinema 5834,4387.0,Entertainment & Recreation
Policy renewal,Generic Store 461,9705.0,Insurance
Salary credited #3071,Employer Payroll 3071,244535.0,Income
OGT/2b4745ef-2a9a-4d96- 9f4b-6764f2fe PK,External Transfer,2610.0,Transfers
Diesel top-up,Service Provider 517,1426.0,Fuel / Gas
Event booking #6288,Ticketing 6288,2851.0,Entertainment & Recreation
Restaurant bill #2815,Restaurant 2815,5637.0,Food & Dining
Hospital charges #7862,Hospital 7862,20187.0,Healthcare & Medical
Freelance payment received #1190,Client Payment 1190,45521.0,Income
Money Transfer - MUHAMMAD MEHRAB - 03060112129,Muhammad Mehrab,80.0,Transfers
RAAST P2P SHEHARYAR MALIK,Sheharyar Malik,10000.0,Transfers
Online shopping #1629,E-commerce 1629,6217.0,Shopping & Retail
Food delivery #6875,Delivery Service 6875,2735.0,Food & Dining
OGT/86b78cce-1e75-4a3b- acd4-0ff1afee PK,External Transfer,500.0,Transfers
Tax payment #2660,Government 2660,27626.0,Government & Legal
Cab booking,Local Shop 651,22109.0,Ride Sharing / Taxi
Gym membership #9801,Gym 9801,3118.0,Entertainment & Recreation
Electricity bill,Marketplace 497,7022.0,Electricity / Water / Gas
Gift purchase,Generic Store 751,48339.0,Gifts & Celebrations
Dinner at restaurant,Online Merchant 200,20797.0,Restaurants / Eating Out
Ride payment #4749,Ride-hailing 4749,6816.0,Transportation
Event booking #1506,Ticketing 1506,17822.0,Entertainment & Recreation
Data recharge,Marketplace 826,42345.0,Mobile & Internet
Streaming subscription #5317,Streaming Service 5317,308.0,Entertainment & Recreation
Electricity bill,Generic Store 781,37566.0,Electricity / Water / Gas
Zakat contribution #6521,Charity 6521,35291.0,Charity & Donations
Diesel top-up,Marketplace 775,12409.0,Fuel / Gas
Home supplies #4940,Retail Store 4940,8321.0,Shopping & Retail
Data recharge,Service Provider 589,49336.0,Mobile & Internet
Hospital charges #7639,Hospital 7639,44557.0,Healthcare & Medical
Bus fare #2192,Transit 2192,56.0,Transportation
Donation #4943,Charity 4943,27241.0,Charity & Donations
Gaming purchase,Local Shop 228,25514.0,Entertainment (Movies / Games / Events)
Electronics purchase #1773,Electronics Store 1773,91408.0,Shopping & Retail
Coffee purchase,Service Provider 946,20483.0,Coffee & Snacks
Fuel purchase #2696,Petrol Pump 2696,1465.0,Transportation
NETFLIX.COM Singapore SGP,Netflix,360.33,Subscriptions
Lab test payment #4393,Diagnostic Lab 4393,24711.0,Healthcare & Medical
Cleaning products purchase,Service Provider 667,23283.0,Home Supplies / Household Items
ICT/dfbbbc24-555a-49ca- b3ed-285387df PK,External Transfer,4000.0,Transfers
Health insurance,Online Merchant 107,36214.0,Insurance
School fee,Marketplace 825,12660.0,Education / Tuition
Gaming purchase,Local Shop 575,35928.0,Entertainment (Movies / Games / Events)
OGT/d2a89fba-c931-40e1- af4e-8ae32e9d PK,External Transfer,2300.0,Transfers
Gift purchase,Online Merchant 863,23238.0,Gifts & Celebrations
Fresh produce purchase,Marketplace 385,49222.0,Groceries
Car service,Online Merchant 281,963.0,Car Maintenance
Court fee #2157,Legal Service 2157,33747.0,Government & Legal
Fuel purchase #3502,Petrol Pump 3502,7229.0,Transportation
License fee #3164,Government 3164,19718.0,Government & Legal
Event booking #4320,Ticketing 4320,955.0,Entertainment & Recreation
Investment deposit #6321,Broker 6321,192200.0,Financial Services
Fashion store bill,Service Provider 735,6294.0,Shopping (Clothes / Electronics)
Water bill payment #2834,Water Utility 2834,3427.0,Utilities & Services
Gym membership #5466,Gym 5466,12544.0,Entertainment & Recreation
Taxi ride,Service Provider 462,12232.0,Ride Sharing / Taxi
Fuel purchase #9303,Petrol Pump 9303,4991.0,Transportation
ICT/de6906e5-329b-491f- b0a5-db052f48 PK,External Transfer,1000.0,Transfers
Bus fare,Local Shop 685,49537.0,Public Transport
Electricity bill payment #8465,Electric Company 8465,23404.0,Utilities & Services
Tea and pastry,Generic Store 891,20810.0,Coffee & Snacks
Tire replacement,Marketplace 376,31959.0,Car Maintenance
Flight booking,Marketplace 956,25855.0,Travel (Flights / Hotels)
Online shopping #2738,E-commerce 2738,8909.0,Shopping & Retail
ICT/9badac15-84f4-4d28- b9ff-c7de9217 PK,External Transfer,725.0,Transfers
Home supplies #7369,Retail Store 7369,2811.0,Shopping & Retail
Coffee shop order,Service Provider 406,28001.0,Coffee & Snacks
Savings transfer,Marketplace 115,37751.0,Savings / Investments
Anniversary gift,Marketplace 870,44735.0,Gifts & Celebrations
Coffee purchase #8525,Cafe 8525,714.0,Food & Dining
Train pass,Service Provider 196,2638.0,Public Transport
OGT/58ae24be-01b2-4a7a- bd9d-17e48f84 PK,External Transfer,200.0,Transfers
Grocery shopping #9631,Grocery Store 9631,13334.0,Food & Dining
Event booking #3326,Ticketing 3326,6250.0,Entertainment & Recreation
Mobile top-up #4625,Telecom 4625,3851.0,Utilities & Services
Electricity bill payment #3318,Electric Company 3318,13702.0,Utilities & Services
Course enrollment,Marketplace 805,15460.0,Education / Tuition
Card fee #8896,Bank 8896,559.0,Financial Services
Ride service fare,Online Merchant 329,1852.0,Ride Sharing / Taxi
Gift purchase,Service Provider 319,21300.0,Gifts & Celebrations
Concert entry,Marketplace 740,2603.0,Entertainment (Movies / Games / Events)
Fuel purchase #3052,Petrol Pump 3052,1425.0,Transportation
ICT/16baed98-633b-4265- 8738-e7379f7b PK,External Transfer,500.0,Transfers
License fee #7169,Government 7169,35681.0,Government & Legal
ICT/0ec9bef8-a645-47cb- b52f-3aae0593 PK,External Transfer,60.0,Transfers
Clinic visit,Generic Store 555,33773.0,Medical / Pharmacy
OGT/523eacf9-6110-407b- 8b88-65dcb82f PK,External Transfer,180.0,Transfers
Coffee shop order,Generic Store 544,23092.0,Coffee & Snacks
OGT/9377cd66-e31d-417f- a0f3-7b744ff2 PK,External Transfer,270.0,Transfers
Vehicle maintenance,Marketplace 152,17543.0,Car Maintenance
Gym membership #4835,Gym 4835,11751.0,Entertainment & Recreation
Flight booking,Local Shop 195,42116.0,Travel (Flights / Hotels)
Bus fare #6930,Transit 6930,173.0,Transportation
Coffee shop order,Marketplace 651,49120.0,Coffee & Snacks
Water bill payment #3075,Water Utility 3075,1784.0,Utilities & Services
Weekly groceries,Online Merchant 154,7074.0,Groceries
Coffee purchase,Marketplace 854,12757.0,Coffee & Snacks
ICT/71f51dae-8b20-482b- a55b-5cc02ecf PK,External Transfer,1500.0,Transfers
Bus fare #6044,Transit 6044,304.0,Transportation
OGT/6a10370f-d020-4cc7- b0a4-78973b45 PK,External Transfer,16444.0,Transfers
Online shopping #2382,E-commerce 2382,14407.0,Shopping & Retail
Grocery shopping,Service Provider 355,38921.0,Groceries
Pharmacy purchase #2130,Pharmacy 2130,3006.0,Healthcare & Medical
OGT/09caa0ed-4b00-4819- 8220-0b555742 PK,External Transfer,100.0,Transfers
Lunch outing,Online Merchant 382,26012.0,Restaurants / Eating Out
License fee #1350,Government 1350,34352.0,Government & Legal
RAAST P2P AWAIS AHMED,Awais Ahmed,100.0,Transfers
Home supplies #2037,Retail Store 2037,1302.0,Shopping & Retail
Monthly streaming fee,Local Shop 130,1814.0,Subscriptions (Streaming / Apps)
Broadband payment,Generic Store 297,37729.0,Mobile & Internet
Train pass,Marketplace 482,46753.0,Public Transport
Ride-share trip,Online Merchant 803,29120.0,Ride Sharing / Taxi
Car insurance payment,Service Provider 162,25896.0,Insurance
Gym membership #5609,Gym 5609,8124.0,Entertainment & Recreation
Fundraiser contribution #1386,Fundraiser 1386,34669.0,Charity & Donations
Health insurance,Online Merchant 928,34893.0,Insurance
Movie tickets #4363,Cinema 4363,1739.0,Entertainment & Recreation
Coffee purchase #6151,Cafe 6151,1329.0,Food & Dining
Refund received #3829,Merchant Refund 3829,10738.0,Income
ICT/4079c493-e9eb-41f1- 958f-1c28a79b PK,External Transfer,1500.0,Transfers
Investment deposit,Marketplace 268,22383.0,Savings / Investments
Coffee purchase #3997,Cafe 3997,189.0,Food & Dining
Cleaning products purchase,Marketplace 671,31255.0,Home Supplies / Household Items
OGT/d5c891fe-6374-4602- ad80-a383ed06 PK,External Transfer,150.0,Transfers
ICT/d8a26312-0f3c-4100- 93fe-6c0c275f PK,External Transfer,350.0,Transfers
Refund received #1194,Merchant Refund 1194,5834.0,Income
Money Transfer - EMAN FATIMA - 03332968914,Eman Fatima,250.0,Transfers
Bus fare #1326,Transit 1326,288.0,Transportation
Pharmacy purchase,Generic Store 979,14625.0,Medical / Pharmacy
Trip expenses,Online Merchant 770,28834.0,Travel (Flights / Hotels)
Court fee #1179,Legal Service 1179,14788.0,Government & Legal
RAAST P2P USMAN GHANI,Usman Ghani,12000.0,Transfers
Internet bill,Service Provider 395,28615.0,Mobile & Internet
Fundraiser contribution #3092,Fundraiser 3092,44322.0,Charity & Donations
Tire replacement,Generic Store 695,37014.0,Car Maintenance
Event booking #3691,Ticketing 3691,12327.0,Entertainment & Recreation
Freelance payment received #3397,Client Payment 3397,23735.0,Income
Home supplies #8841,Retail Store 8841,19818.0,Shopping & Retail
Money Transfer - ABDUR RASHEED - 03345005977,Abdur Rasheed,230.0,Transfers
Card fee #4932,Bank 4932,50.0,Financial Services
Metro ticket,Marketplace 354,23830.0,Public Transport
Event booking #3516,Ticketing 3516,5743.0,Entertainment & Recreation
Movie tickets #4461,Cinema 4461,2143.0,Entertainment & Recreation
Flight booking,Online Merchant 158,9843.0,Travel (Flights / Hotels)
Fuel purchase #8235,Petrol Pump 8235,4501.0,Transportation
Movie tickets #9726,Cinema 9726,3447.0,Entertainment & Recreation
Freelance payment received #1914,Client Payment 1914,72016.0,Income
Exam fee,Marketplace 921,45117.0,Education / Tuition
Investment deposit #4568,Broker 4568,138241.0,Financial Services
Fashion store bill,Local Shop 892,36736.0,Shopping (Clothes / Electronics)
Food delivery #1813,Delivery Service 1813,3853.0,Food & Dining
Ride payment #9678,Ride-hailing 9678,1139.0,Transportation
Coffee purchase,Generic Store 635,7897.0,Coffee & Snacks
Gym membership #9058,Gym 9058,7705.0,Entertainment & Recreation
Bonus credited #2169,Employer Bonus 2169,48979.0,Income
Doctor consultation #6496,Clinic 6496,9486.0,Healthcare & Medical
Rent for Multan flat,Online Merchant 973,25015.0,Housing / Rent
Salary credited #8054,Employer Payroll 8054,141103.0,Income
Donation #1218,Charity 1218,20528.0,Charity & Donations
Freelance payment received #7500,Client Payment 7500,62867.0,Income
Apartment rent,Generic Store 598,44405.0,Housing / Rent
Pharmacy purchase #1890,Pharmacy 1890,1746.0,Healthcare & Medical
Fuel purchase #8905,Petrol Pump 8905,13150.0,Transportation
Gym membership #1622,Gym 1622,10148.0,Entertainment & Recreation
Mobile top-up #5294,Telecom 5294,4613.0,Utilities & Services
ICT/7d9dfd8f-0c7a-4417- bf90-7b346f6b PK,External Transfer,220.0,Transfers
Ride payment #6843,Ride-hailing 6843,5985.0,Transportation
Monthly rent payment,Online Merchant 218,996.0,Housing / Rent
Home supplies #6881,Retail Store 6881,19759.0,Shopping & Retail
Clothing purchase #3382,Clothing Store 3382,8885.0,Shopping & Retail
Mobile top-up #5952,Telecom 5952,1038.0,Utilities & Services
Donation #6559,Charity 6559,35907.0,Charity & Donations
OGT/e22724d6-0894-4baa- a6df-8fb4c507 PK,External Transfer,350.0,Transfers
Brokerage deposit,Service Provider 690,34587.0,Savings / Investments
Salary credited #8238,Employer Payroll 8238,74518.0,Income
Movie tickets #5481,Cinema 5481,2276.0,Entertainment & Recreation
License fee #1324,Government 1324,35220.0,Government & Legal
Gym membership #7488,Gym 7488,6366.0,Entertainment & Recreation
Monthly streaming fee,Marketplace 594,30254.0,Subscriptions (Streaming / Apps)
Fuel refill,Generic Store 245,8849.0,Fuel / Gas
Streaming subscription,Marketplace 465,4714.0,Subscriptions (Streaming / Apps)
Investment deposit #1284,Broker 1284,98627.0,Financial Services
Rent for Lahore flat,Local Shop 216,34355.0,Housing / Rent
Food court meal,Service Provider 552,27088.0,Restaurants / Eating Out
Hospital charges #6491,Hospital 6491,77071.0,Healthcare & Medical
Health insurance,Marketplace 170,19669.0,Insurance
Traffic fine #5707,Government 5707,35664.0,Government & Legal
OGT/2f07f3b1-2a9d-496c- 8eb6-8dd6048e PK,External Transfer,300.0,Transfers
Card fee #5248,Bank 5248,226.0,Financial Services
Monthly streaming fee,Local Shop 313,24400.0,Subscriptions (Streaming / Apps)
Taxi ride,Online Merchant 214,35383.0,Ride Sharing / Taxi
Car insurance payment,Generic Store 917,45601.0,Insurance
Hospital charges #7970,Hospital 7970,68356.0,Healthcare & Medical
Rent for Peshawar flat,Online Merchant 282,47649.0,Housing / Rent
Freelance payment received #2210,Client Payment 2210,60428.0,Income
Investment deposit #4313,Broker 4313,53694.0,Financial Services
Zakat contribution #6836,Charity 6836,131380.0,Charity & Donations
Fundraiser contribution #1842,Fundraiser 1842,9897.0,Charity & Donations
RAAST P2P YAHYA KHAN,Yahya Khan,650.0,Transfers
Donation #9769,Charity 9769,19658.0,Charity & Donations
APPLE.COM/BILL ITUNES.COM IRL,Apple,118.13,Bills
Electronics purchase #1996,Electronics Store 1996,68024.0,Shopping & Retail
Fuel purchase #3711,Petrol Pump 3711,6145.0,Transportation
Mobile top-up #3133,Telecom 3133,3878.0,Utilities & Services
Clothing purchase #1977,Clothing Store 1977,24744.0,Shopping & Retail
Bus fare #7287,Transit 7287,229.0,Transportation
Doctor consultation #1846,Clinic 1846,14123.0,Healthcare & Medical
OGT/50378fae-402d-4c96- a042-a8f1239d PK,External Transfer,600.0,Transfers
ICT/b7edde3c-34d0-41dc- b98f-3c42763c PK,External Transfer,200.0,Transfers
Loan repayment #4360,Loan Provider 4360,13688.0,Financial Services
Doctor consultation #4411,Clinic 4411,9866.0,Healthcare & Medical
Monthly rent payment,Marketplace 217,21748.0,Housing / Rent
Investment deposit #7136,Broker 7136,108341.0,Financial Services
Bonus credited #1788,Employer Bonus 1788,96171.0,Income
Internet bill payment #9217,ISP 9217,14435.0,Utilities & Services
RAAST P2P ABDUR RASHEED,Abdur Rasheed,115.0,Transfers
Internet bill payment #3144,ISP 3144,14809.0,Utilities & Services
Donation #8194,Charity 8194,15047.0,Charity & Donations
OGT/1c9e5981-e495-409c- 8808-d327ece5 PK,External Transfer,550.0,Transfers
Cab booking,Service Provider 301,44744.0,Ride Sharing / Taxi
OGT/7b375854-6e93-4bc4- 9243-417edeb7 PK,External Transfer,880.0,Transfers
OGT/5dd05f3b-c1e1-46ea- bf1d-592c3564 PK,External Transfer,39000.0,Transfers
ICT/44f33122-817a-4b3d- 894d-7268f666 PK,External Transfer,120.0,Transfers
Traffic fine #9011,Government 9011,964.0,Government & Legal
Tax payment #1222,Government 1222,145287.0,Government & Legal
Travel agency payment,Local Shop 530,6460.0,Travel (Flights / Hotels)
Mobile top-up #9350,Telecom 9350,3635.0,Utilities & Services
Water utility bill,Generic Store 760,3464.0,Electricity / Water / Gas
Food court meal,Marketplace 599,10103.0,Restaurants / Eating Out
Zakat contribution #8569,Charity 8569,11566.0,Charity & Donations
Salary credited #5084,Employer Payroll 5084,90297.0,Income
Ride payment #1255,Ride-hailing 1255,5266.0,Transportation
Diesel top-up,Local Shop 286,5322.0,Fuel / Gas
Movie tickets #5537,Cinema 5537,511.0,Entertainment & Recreation
Broadband payment,Service Provider 572,10812.0,Mobile & Internet
Flight booking,Marketplace 911,30276.0,Travel (Flights / Hotels)
Electronics purchase,Online Merchant 785,15950.0,Shopping (Clothes / Electronics)
Fresh produce purchase,Local Shop 500,39152.0,Groceries
ICT/fbd9e617-d531-426e- a47e-d77dff98 PK,External Transfer,4000.0,Transfers
Health insurance,Service Provider 817,31275.0,Insurance
Raast Payment - PK31ASCM0000070320209638,Pk31Ascm0000070320209638,500.0,Transfers
Streaming subscription,Generic Store 242,49544.0,Subscriptions (Streaming / Apps)
Coffee shop order,Local Shop 448,6432.0,Coffee & Snacks
Refund received #5313,Merchant Refund 5313,12331.0,Income
Event booking #4325,Ticketing 4325,16733.0,Entertainment & Recreation
Coffee purchase #4903,Cafe 4903,205.0,Food & Dining
Home supplies #1009,Retail Store 1009,7438.0,Shopping & Retail
Hotel reservation,Local Shop 759,1110.0,Travel (Flights / Hotels)
Ride payment #7264,Ride-hailing 7264,1436.0,Transportation
Fundraiser contribution #6558,Fundraiser 6558,28568.0,Charity & Donations
Pharmacy purchase #1208,Pharmacy 1208,3755.0,Healthcare & Medical
Clothing purchase #5478,Clothing Store 5478,14927.0,Shopping & Retail
Movie tickets #7450,Cinema 7450,1726.0,Entertainment & Recreation
Vehicle maintenance #1063,Auto Service 1063,22305.0,Transportation
Tea and pastry,Local Shop 634,6688.0,Coffee & Snacks
Supermarket groceries,Marketplace 132,373.0,Groceries
Loan repayment #1997,Loan Provider 1997,46305.0,Financial Services
Gym membership #5003,Gym 5003,6130.0,Entertainment & Recreation
Flight booking,Online Merchant 411,15159.0,Travel (Flights / Hotels)
ICT/85b11f02-f50d-43e1- 8315-62032ce7 PK,External Transfer,1300.0,Transfers
Home supplies #4096,Retail Store 4096,9998.0,Shopping & Retail
Zakat contribution #8436,Charity 8436,40831.0,Charity & Donations
School fee,Online Merchant 536,25606.0,Education / Tuition
Home supplies #6375,Retail Store 6375,3875.0,Shopping & Retail
Ride service fare,Service Provider 252,35437.0,Ride Sharing / Taxi
ICT/6e24944a-163a-44fd- 8002-96d1af39 PK,External Transfer,210.0,Transfers
Donation #9895,Charity 9895,11273.0,Charity & Donations
Fuel purchase #5093,Petrol Pump 5093,8130.0,Transportation
ICT/97603a9e-f2f0-4c43- 8c4c-c87d1844 PK,External Transfer,400.0,Transfers
CWD/IBB TAKHTA BAND SWAT IBB TAKHTA BAND SWAT MARDAN,Ibb Takhta Band Swat Ibb Takhta Band Swat Mardan,2023.44,Cash Withdrawal
RAAST P2P ZAIN UL ABADEEN,Zain Ul Abadeen,6600.0,Transfers
Mobile top-up #3012,Telecom 3012,4338.0,Utilities & Services
OGT/1d38e6ac-53cf-46b9- abaa-63fc6979 PK,External Transfer,190.0,Transfers
Food delivery #2881,Delivery Service 2881,4147.0,Food & Dining
Diesel top-up,Local Shop 662,22876.0,Fuel / Gas
Cab booking,Service Provider 233,3589.0,Ride Sharing / Taxi
Zakat contribution #6739,Charity 6739,18961.0,Charity & Donations
Movie tickets #1789,Cinema 1789,4629.0,Entertainment & Recreation
Freelance payment received #7542,Client Payment 7542,59772.0,Income
Water bill payment #3466,Water Utility 3466,6133.0,Utilities & Services
Gym membership #2036,Gym 2036,14161.0,Entertainment & Recreation
Birthday celebration expense,Service Provider 712,9405.0,Gifts & Celebrations
Investment deposit #5472,Broker 5472,154392.0,Financial Services
Grocery shopping #6316,Grocery Store 6316,3391.0,Food & Dining
Restaurant bill #5405,Restaurant 5405,3515.0,Food & Dining
Medicine bill,Local Shop 865,2218.0,Medical / Pharmacy
Event booking,Service Provider 254,39805.0,Entertainment (Movies / Games / Events)
Coffee purchase #2694,Cafe 2694,1410.0,Food & Dining
Raast Payment - YAHYA KHAN - SBP Raast,Yahya Khan,10.0,Transfers
Mutual fund contribution,Marketplace 191,20455.0,Savings / Investments
Fundraiser contribution #9972,Fundraiser 9972,21491.0,Charity & Donations
ICT/1969c825-79e4-4d78- 8dcc-bfd0c665 PK,External Transfer,160.0,Transfers
Mobile top-up #4957,Telecom 4957,4700.0,Utilities & Services
Zakat contribution #4286,Charity 4286,95254.0,Charity & Donations
Grocery shopping #6052,Grocery Store 6052,1097.0,Food & Dining
Salary credited #1947,Employer Payroll 1947,241012.0,Income
Refund received #4333,Merchant Refund 4333,18130.0,Income
Movie tickets #8681,Cinema 8681,2857.0,Entertainment & Recreation
Fundraiser contribution #7626,Fundraiser 7626,26199.0,Charity & Donations
Restaurant bill #4299,Restaurant 4299,8782.0,Food & Dining
Online shopping #6493,E-commerce 6493,37195.0,Shopping & Retail
Electronics purchase #4501,Electronics Store 4501,116250.0,Shopping & Retail
ICT/fabacbec-8e34-41c2- ba12-2acccdd6 PK,External Transfer,700.0,Transfers
Streaming subscription,Local Shop 347,34692.0,Subscriptions (Streaming / Apps)
Lab test payment #3320,Diagnostic Lab 3320,8190.0,Healthcare & Medical
Card fee #1458,Bank 1458,329.0,Financial Services
Tea and pastry,Online Merchant 674,37722.0,Coffee & Snacks
Fundraiser contribution #9494,Fundraiser 9494,36706.0,Charity & Donations
Mobile package,Service Provider 241,26267.0,Mobile & Internet
Oil change,Generic Store 473,23817.0,Car Maintenance
Lab test payment #7168,Diagnostic Lab 7168,11457.0,Healthcare & Medical
OGT/ec671306-ee6a-46c2- a22f-f7cdeba0 PK,External Transfer,1270.0,Transfers
Freelance payment received #6755,Client Payment 6755,56463.0,Income
Electronics purchase #1726,Electronics Store 1726,30175.0,Shopping & Retail
Online shopping #5699,E-commerce 5699,38454.0,Shopping & Retail
Ride-share trip,Service Provider 121,43371.0,Ride Sharing / Taxi
Mobile top-up #7072,Telecom 7072,3125.0,Utilities & Services
Vehicle maintenance,Service Provider 440,10070.0,Car Maintenance
Raast Payment - YAHYA KHAN - SBP Raast,Yahya Khan,3950.0,Transfers
Fundraiser contribution #6838,Fundraiser 6838,33411.0,Charity & Donations
Mobile package,Marketplace 300,6629.0,Mobile & Internet
Event booking,Online Merchant 137,41095.0,Entertainment (Movies / Games / Events)
OGT/d6456971-4b50-4edc- b164-139fb8fd PK,External Transfer,250.0,Transfers
Clothing purchase #3832,Clothing Store 3832,4481.0,Shopping & Retail
Fuel purchase #6830,Petrol Pump 6830,3635.0,Transportation
Internet bill payment #6719,ISP 6719,2065.0,Utilities & Services
Course enrollment,Local Shop 485,8480.0,Education / Tuition
Bank charges #2492,Bank 2492,399.0,Financial Services
Internet bill payment #7741,ISP 7741,10339.0,Utilities & Services
OGT/7b22b7f9-0092-40d8- adcf-f5b52d03 PK,External Transfer,130.0,Transfers
Movie tickets #4103,Cinema 4103,3856.0,Entertainment & Recreation
ICT/1c28599a-81d3-4444- 8c34-218ab9c5 PK,External Transfer,500.0,Transfers
ICT/6ced5232-4818-492f- 9876-48affd72 PK,External Transfer,3000.0,Transfers
Bonus credited #2329,Employer Bonus 2329,96324.0,Income
Ride payment #1008,Ride-hailing 1008,5191.0,Transportation
Clinic visit,Online Merchant 187,37622.0,Medical / Pharmacy
Tax payment #2913,Government 2913,66606.0,Government & Legal
Pharmacy purchase #2134,Pharmacy 2134,2043.0,Healthcare & Medical
Bank charges #1278,Bank 1278,1753.0,Financial Services
Streaming subscription #5798,Streaming Service 5798,2529.0,Entertainment & Recreation
Vehicle maintenance #3960,Auto Service 3960,1657.0,Transportation
Electricity bill payment #7173,Electric Company 7173,23847.0,Utilities & Services
Lunch outing,Generic Store 367,2143.0,Restaurants / Eating Out
Investment deposit #4244,Broker 4244,172318.0,Financial Services
ICT/f8d0a663-da50-43b7- a1ba-8b00346e PK,External Transfer,4000.0,Transfers
ICT/9572d1c6-3e1d-4b77- a1e0-b2e3dcda PK,External Transfer,1150.0,Transfers
App subscription renewal,Online Merchant 734,4151.0,Subscriptions (Streaming / Apps)
Fuel purchase #6352,Petrol Pump 6352,5033.0,Transportation
Water utility bill,Online Merchant 157,18688.0,Electricity / Water / Gas
Refund received #6288,Merchant Refund 6288,3668.0,Income
Home supplies #8994,Retail Store 8994,16082.0,Shopping & Retail
Grocery shopping #6173,Grocery Store 6173,1966.0,Food & Dining
Ride service fare,Service Provider 103,28642.0,Ride Sharing / Taxi
Streaming subscription #5198,Streaming Service 5198,1543.0,Entertainment & Recreation
Tire replacement,Online Merchant 972,8822.0,Car Maintenance
Refund received #8155,Merchant Refund 8155,19934.0,Income
Freelance payment received #6956,Client Payment 6956,37574.0,Income
Movie tickets #9739,Cinema 9739,4939.0,Entertainment & Recreation
Food delivery #3174,Delivery Service 3174,3010.0,Food & Dining
Salary credited #1930,Employer Payroll 1930,179095.0,Income
Tax payment #8914,Government 8914,202505.0,Government & Legal
Ride payment #4952,Ride-hailing 4952,6564.0,Transportation
Fundraiser contribution #2025,Fundraiser 2025,11397.0,Charity & Donations
Zakat contribution #2658,Charity 2658,60675.0,Charity & Donations
Trip expenses,Local Shop 498,41632.0,Travel (Flights / Hotels)
Anniversary gift,Marketplace 925,5629.0,Gifts & Celebrations
Donation #6011,Charity 6011,32603.0,Charity & Donations
Lab test payment #7534,Diagnostic Lab 7534,10817.0,Healthcare & Medical
Household supplies,Service Provider 847,8972.0,Home Supplies / Household Items
Vehicle maintenance #2282,Auto Service 2282,47215.0,Transportation
Restaurant bill #4850,Restaurant 4850,7492.0,Food & Dining
Fuel refill,Marketplace 129,46490.0,Fuel / Gas
Water bill payment #3220,Water Utility 3220,8043.0,Utilities & Services
Hotel reservation,Marketplace 698,8828.0,Travel (Flights / Hotels)
Bonus credited #4277,Employer Bonus 4277,80546.0,Income
Restaurant bill #2651,Restaurant 2651,9312.0,Food & Dining
Gym membership #7235,Gym 7235,2330.0,Entertainment & Recreation
Card fee #9118,Bank 9118,1376.0,Financial Services
Fresh produce purchase,Online Merchant 980,16102.0,Groceries
OGT/82e08d86-acf4-4e2e- 88c8-2ef109bc PK,External Transfer,47.0,Transfers
Home supplies #1594,Retail Store 1594,16933.0,Shopping & Retail
OGT/1f430acc-a2d0-45c9- 85df-945b5d87 PK,External Transfer,310.0,Transfers
Restaurant bill #1944,Restaurant 1944,6349.0,Food & Dining
Coffee purchase #3976,Cafe 3976,1155.0,Food & Dining
Bonus credited #2502,Employer Bonus 2502,35515.0,Income
ICT/b6e3b995-387e-4153- ad0b-5ef64729 PK,External Transfer,500.0,Transfers
Refund received #7874,Merchant Refund 7874,14610.0,Income
Refund received #2300,Merchant Refund 2300,13280.0,Income
Refund received #4297,Merchant Refund 4297,10200.0,Income
App subscription renewal,Generic Store 634,29852.0,Subscriptions (Streaming / Apps)
Zakat contribution #3961,Charity 3961,62124.0,Charity & Donations
Bank charges #4638,Bank 4638,990.0,Financial Services
Movie tickets #4168,Cinema 4168,3883.0,Entertainment & Recreation
Coffee purchase,Marketplace 127,19068.0,Coffee & Snacks
ICT/4ca0a8d1-348b-46ea- 961c-24c5fc60 PK,External Transfer,2000.0,Transfers
Electricity bill payment #5546,Electric Company 5546,16973.0,Utilities & Services
Raast Payment - PK17SADA0000003285471294,Pk17Sada0000003285471294,20.0,Transfers
RAAST P2P MUHAMMAD ASLAM,Muhammad Aslam,200.0,Transfers
Water utility bill,Service Provider 704,8779.0,Electricity / Water / Gas
Policy renewal,Local Shop 653,45970.0,Insurance
Raast Payment - PK32JCMA0010103105452638,Pk32Jcma0010103105452638,400.0,Transfers
Doctor consultation #1171,Clinic 1171,6058.0,Healthcare & Medical
Anniversary gift,Service Provider 385,30610.0,Gifts & Celebrations
Mobile top-up #9309,Telecom 9309,1291.0,Utilities & Services
OGT/552a2bdf-70ac-4e6c- ab34-661441d6 PK,External Transfer,650.0,Transfers
Gym membership #3809,Gym 3809,8626.0,Entertainment & Recreation
Lab test payment #3202,Diagnostic Lab 3202,8861.0,Healthcare & Medical
Traffic fine #6994,Government 6994,22756.0,Government & Legal
OGT/fab36fb0-9cf2-425c- 902e-2fa60fa6 PK,External Transfer,200.0,Transfers
Fuel purchase #4299,Petrol Pump 4299,7034.0,Transportation
Movie tickets #7346,Cinema 7346,2545.0,Entertainment & Recreation
Apartment rent,Generic Store 781,24688.0,Housing / Rent
CWD/IBB TAKHTA BAND SWAT IBB TAKHTA BAND SWAT MARDAN,Ibb Takhta Band Swat Ibb Takhta Band Swat Mardan,1023.44,Cash Withdrawal
SFPY*Temu Karachi PAK,Temu,4291.0,Shopping
OGT/6ec7307c-bd70-4354- 8a70-e4450df0 PK,External Transfer,100.0,Transfers
Savings transfer,Marketplace 352,23682.0,Savings / Investments
OGT/a7745be3-97f4-4d82- b307-0051bc3c PK,External Transfer,150.0,Transfers
Food delivery #6058,Delivery Service 6058,1275.0,Food & Dining
Tuition fee payment,Marketplace 909,28603.0,Education / Tuition
RAAST P2P ABDUR RASHEED,Abdur Rasheed,70.0,Transfers
Fundraiser contribution #8081,Fundraiser 8081,9670.0,Charity & Donations
Salary credited #3853,Employer Payroll 3853,241907.0,Income
Fuel purchase #9587,Petrol Pump 9587,4808.0,Transportation
Salary credited #3105,Employer Payroll 3105,37632.0,Income
Bank charges #7859,Bank 7859,626.0,Financial Services
Transit card recharge,Marketplace 292,22422.0,Public Transport
Vehicle maintenance #6774,Auto Service 6774,9078.0,Transportation
Movie tickets #8672,Cinema 8672,774.0,Entertainment & Recreation
Electronics purchase #5448,Electronics Store 5448,56773.0,Shopping & Retail
ICT/97fb4d14-fa06-4351- 9ea2-74fa7785 PK,External Transfer,2000.0,Transfers
Coffee purchase,Service Provider 757,26743.0,Coffee & Snacks
Traffic fine #2029,Government 2029,8232.0,Government & Legal
Hospital charges #9134,Hospital 9134,62737.0,Healthcare & Medical
Gas station payment,Marketplace 526,3068.0,Fuel / Gas
Mobile top-up #5746,Telecom 5746,1017.0,Utilities & Services
Donation #1795,Charity 1795,36684.0,Charity & Donations
Gaming purchase,Generic Store 701,9041.0,Entertainment (Movies / Games / Events)
Zakat contribution #7399,Charity 7399,75463.0,Charity & Donations
Ride payment #8311,Ride-hailing 8311,6568.0,Transportation
Salary credited #3392,Employer Payroll 3392,130632.0,Income
Raast Payment - PK54SADA0000003349843320,Pk54Sada0000003349843320,300.0,Transfers
Apartment rent,Service Provider 158,4228.0,Housing / Rent
License fee #6618,Government 6618,31854.0,Government & Legal
Fashion store bill,Online Merchant 888,2761.0,Shopping (Clothes / Electronics)
Fundraiser contribution #4037,Fundraiser 4037,32959.0,Charity & Donations
Zakat contribution #1895,Charity 1895,148884.0,Charity & Donations
Trip expenses,Generic Store 105,13642.0,Travel (Flights / Hotels)
Ride payment #2877,Ride-hailing 2877,6371.0,Transportation
Donation #6907,Charity 6907,29809.0,Charity & Donations
Grocery shopping #4532,Grocery Store 4532,12676.0,Food & Dining
Salary credited #6151,Employer Payroll 6151,31727.0,Income
Food delivery #8207,Delivery Service 8207,4114.0,Food & Dining
OGT/78261b67-194b-4f72- 8557-fffa7413 PK,External Transfer,87.0,Transfers
OGT/e0888952-0d27-4ea0- 8087-4813c229 PK,External Transfer,140.0,Transfers
Online shopping #9806,E-commerce 9806,32114.0,Shopping & Retail
Petrol purchase,Marketplace 206,38010.0,Fuel / Gas
Salary credited #8238,Employer Payroll 8238,192432.0,Income
Zakat contribution #4764,Charity 4764,149005.0,Charity & Donations
ICT/d2f4c09c-1e6a-43ed- bf44-907ee8c2 PK,External Transfer,1000.0,Transfers
Fundraiser contribution #8618,Fundraiser 8618,40444.0,Charity & Donations
Bank charges #8061,Bank 8061,1694.0,Financial Services
Salary credited #1759,Employer Payroll 1759,168324.0,Income
Salary credited #6140,Employer Payroll 6140,171365.0,Income
ICT/4fca5e82-43bb-4921- b5ad-87de2707 PK,External Transfer,10.0,Transfers
Court fee #6743,Legal Service 6743,16971.0,Government & Legal
Food delivery #5542,Delivery Service 5542,2408.0,Food & Dining
Pharmacy purchase #7102,Pharmacy 7102,907.0,Healthcare & Medical
Fuel purchase #6265,Petrol Pump 6265,4488.0,Transportation
Clothing purchase #9346,Clothing Store 9346,24282.0,Shopping & Retail
Online shopping #6271,E-commerce 6271,19122.0,Shopping & Retail
Food delivery #1110,Delivery Service 1110,3404.0,Food & Dining
OGT/91fb4910-da9d-449c- a0a1-80799cac PK,External Transfer,500.0,Transfers
Refund received #4676,Merchant Refund 4676,5675.0,Income
Zakat contribution #6066,Charity 6066,173470.0,Charity & Donations
Vehicle maintenance #8638,Auto Service 8638,5077.0,Transportation
OGT/2ed6a23c-ae6c-40df- 939d-25b4c959 PK,External Transfer,150.0,Transfers
RAAST P2P Raast IBAN Payme,Raast Iban Payme,10000.0,Transfers
Refund received #9599,Merchant Refund 9599,6412.0,Income
OGT/7ec7da34-45bf-45f4- 9fbf-9f3b71e2 PK,External Transfer,130.0,Transfers
Bank charges #6140,Bank 6140,1807.0,Financial Services
Lunch outing,Local Shop 917,15318.0,Restaurants / Eating Out
Streaming subscription #3881,Streaming Service 3881,2597.0,Entertainment & Recreation
Raast Payment - YAHYA KHAN - SBP Raast,Yahya Khan,500.0,Transfers
Salary credited #3671,Employer Payroll 3671,81798.0,Income
Water bill payment #6146,Water Utility 6146,6490.0,Utilities & Services
Refund received #9930,Merchant Refund 9930,19394.0,Income
Hospital charges #4072,Hospital 4072,55186.0,Healthcare & Medical
Party supplies,Generic Store 189,18368.0,Gifts & Celebrations
Streaming subscription,Local Shop 597,20741.0,Subscriptions (Streaming / Apps)
Mobile top-up #5924,Telecom 5924,3221.0,Utilities & Services
Electronics purchase #4948,Electronics Store 4948,2717.0,Shopping & Retail
OGT/3b085d39-9d43-4e72- 84b4-b1b8c0ef PK,External Transfer,360.0,Transfers
Restaurant bill,Marketplace 821,31055.0,Restaurants / Eating Out
Gas station payment,Service Provider 639,3735.0,Fuel / Gas
Grocery shopping #3593,Grocery Store 3593,2479.0,Food & Dining
Movie tickets #6074,Cinema 6074,1960.0,Entertainment & Recreation
Pharmacy purchase #7691,Pharmacy 7691,3562.0,Healthcare & Medical
Household supplies,Local Shop 408,14574.0,Home Supplies / Household Items
Taxi ride,Service Provider 360,33930.0,Ride Sharing / Taxi
Investment deposit #7776,Broker 7776,138658.0,Financial Services
Zakat contribution #7283,Charity 7283,90041.0,Charity & Donations
Food delivery #8217,Delivery Service 8217,3380.0,Food & Dining
Home supplies #8407,Retail Store 8407,1165.0,Shopping & Retail
Fundraiser contribution #2680,Fundraiser 2680,22062.0,Charity & Donations
Pharmacy purchase,Online Merchant 780,30014.0,Medical / Pharmacy
Ride payment #9630,Ride-hailing 9630,4249.0,Transportation
Weekly groceries,Local Shop 527,23352.0,Groceries
Bonus credited #1789,Employer Bonus 1789,73517.0,Income
Bank charges #6143,Bank 6143,1685.0,Financial Services
Tax payment #3981,Government 3981,198406.0,Government & Legal
Movie tickets #7762,Cinema 7762,3610.0,Entertainment & Recreation
Mobile top-up #2727,Telecom 2727,3388.0,Utilities & Services
Fuel refill,Marketplace 453,9263.0,Fuel / Gas
Investment deposit #5204,Broker 5204,78481.0,Financial Services
Internet bill,Service Provider 777,38542.0,Mobile & Internet
RAAST P2P BABU AKHLAQ TUCK,Babu Akhlaq Tuck,290.0,Transfers
App subscription renewal,Service Provider 747,36463.0,Subscriptions (Streaming / Apps)
Electronics purchase #5335,Electronics Store 5335,61136.0,Shopping & Retail
Monthly streaming fee,Generic Store 525,15045.0,Subscriptions (Streaming / Apps)
RAAST P2P EHTISHAM JAMEEL,Ehtisham Jameel,500.0,Transfers
OGT/b81bc81a-2c43-4969- 99a3-2c83993e PK,External Transfer,1600.0,Transfers
Refund received #6453,Merchant Refund 6453,15350.0,Income
Donation #6289,Charity 6289,18593.0,Charity & Donations
OGT/0e04efea-3da2-41b6- bf2f-b0d51211 PK,External Transfer,800.0,Transfers
Streaming subscription #6287,Streaming Service 6287,1082.0,Entertainment & Recreation
Bus fare #3480,Transit 3480,65.0,Transportation
Coffee purchase #6151,Cafe 6151,278.0,Food & Dining
License fee #3503,Government 3503,15038.0,Government & Legal
Home supplies #3168,Retail Store 3168,14466.0,Shopping & Retail
Hospital charges #6965,Hospital 6965,59179.0,Healthcare & Medical
Donation #2052,Charity 2052,23844.0,Charity & Donations
Gym membership #4720,Gym 4720,8717.0,Entertainment & Recreation
Electronics purchase #9366,Electronics Store 9366,4845.0,Shopping & Retail
Fundraiser contribution #6329,Fundraiser 6329,37213.0,Charity & Donations
Lab test payment #4340,Diagnostic Lab 4340,21320.0,Healthcare & Medical
Movie tickets #4390,Cinema 4390,1029.0,Entertainment & Recreation
Event booking #9272,Ticketing 9272,12502.0,Entertainment & Recreation
Ride service fare,Generic Store 226,19822.0,Ride Sharing / Taxi
Water bill payment #2382,Water Utility 2382,5167.0,Utilities & Services
Zakat contribution #2331,Charity 2331,37982.0,Charity & Donations
Pharmacy purchase #3864,Pharmacy 3864,2699.0,Healthcare & Medical
Hospital charges #6802,Hospital 6802,49285.0,Healthcare & Medical
APPLE.COM/BILL ITUNES.COM IRL,Apple,118.13,Bills
Mutual fund contribution,Generic Store 223,34259.0,Savings / Investments
Pharmacy purchase #6128,Pharmacy 6128,7609.0,Healthcare & Medical
Home supplies #3715,Retail Store 3715,11039.0,Shopping & Retail
Vehicle maintenance #6017,Auto Service 6017,9385.0,Transportation
Online shopping #1848,E-commerce 1848,8236.0,Shopping & Retail
Home supplies #4795,Retail Store 4795,18458.0,Shopping & Retail
Concert entry,Service Provider 129,23507.0,Entertainment (Movies / Games / Events)
Gas bill payment,Marketplace 606,35690.0,Electricity / Water / Gas
Medicine bill,Service Provider 135,28271.0,Medical / Pharmacy
Health insurance,Marketplace 793,939.0,Insurance
Salary credited #9575,Employer Payroll 9575,74602.0,Income
Donation #1007,Charity 1007,16901.0,Charity & Donations
Donation #3729,Charity 3729,903.0,Charity & Donations
Donation #2442,Charity 2442,46586.0,Charity & Donations
Mobile package,Local Shop 646,6039.0,Mobile & Internet
Zakat contribution #9243,Charity 9243,34352.0,Charity & Donations
Internet bill,Marketplace 319,12836.0,Mobile & Internet
Kitchen supplies,Generic Store 185,45505.0,Home Supplies / Household Items
Movie tickets #7072,Cinema 7072,2683.0,Entertainment & Recreation
Mobile top-up #4968,Telecom 4968,1720.0,Utilities & Services
Internet bill,Marketplace 309,29410.0,Mobile & Internet
Traffic fine #3549,Government 3549,3848.0,Government & Legal
ICT/e8c417a3-60d4-48f0- a28f-27eb4760 PK,External Transfer,2000.0,Transfers
ICT/81d2b638-3f95-4d27- 8a8f-504eb8b4 PK,External Transfer,2000.0,Transfers
Water bill payment #8418,Water Utility 8418,1655.0,Utilities & Services
Coffee purchase #3288,Cafe 3288,543.0,Food & Dining
Home supplies #8854,Retail Store 8854,19128.0,Shopping & Retail
Gift purchase,Marketplace 409,21108.0,Gifts & Celebrations
Investment deposit #3688,Broker 3688,141805.0,Financial Services
Grocery shopping,Local Shop 228,42731.0,Groceries
Movie tickets #3112,Cinema 3112,3755.0,Entertainment & Recreation
ICT/3efa1c90-5522-4aec- ad04-9e251bc0 PK,External Transfer,215.0,Transfers
Fuel purchase #5484,Petrol Pump 5484,9453.0,Transportation
Card fee #6894,Bank 6894,715.0,Financial Services
Streaming subscription #4781,Streaming Service 4781,1619.0,Entertainment & Recreation
Traffic fine #9892,Government 9892,7728.0,Government & Legal
Loan repayment #3645,Loan Provider 3645,75086.0,Financial Services
Exam fee,Service Provider 368,9970.0,Education / Tuition
Anniversary gift,Local Shop 472,47931.0,Gifts & Celebrations
Gas station payment,Service Provider 298,23710.0,Fuel / Gas
Gym membership #9916,Gym 9916,9393.0,Entertainment & Recreation
Donation #9471,Charity 9471,24679.0,Charity & Donations
Fundraiser contribution #9918,Fundraiser 9918,40857.0,Charity & Donations
Traffic fine #3858,Government 3858,38149.0,Government & Legal
OGT/05227a1b-6963-4ea4- b9e4-3f6b2f12 PK,External Transfer,1000.0,Transfers
Lunch outing,Service Provider 382,3420.0,Restaurants / Eating Out
Gym membership #1426,Gym 1426,2857.0,Entertainment & Recreation
OGT/ae7049ee-cf61-4f65- 8545-2eded1ea PK,External Transfer,510.0,Transfers
Coffee purchase #5267,Cafe 5267,1384.0,Food & Dining
OGT/c00223ac-c7fd-488d- a592-b201306e PK,External Transfer,100.0,Transfers
Gaming purchase,Online Merchant 174,35904.0,Entertainment (Movies / Games / Events)
Ride-share trip,Generic Store 762,24543.0,Ride Sharing / Taxi
Streaming subscription #2355,Streaming Service 2355,1764.0,Entertainment & Recreation
Pharmacy purchase,Marketplace 579,39117.0,Medical / Pharmacy
Ride payment #1091,Ride-hailing 1091,4972.0,Transportation
ICT/545d04e4-87fd-4330- 921c-43b7b2d4 PK,External Transfer,2175.0,Transfers
Hospital charges #5184,Hospital 5184,7596.0,Healthcare & Medical
Pharmacy purchase,Service Provider 551,49350.0,Medical / Pharmacy
Gadget order,Service Provider 197,46624.0,Shopping (Clothes / Electronics)
Investment deposit #1148,Broker 1148,105795.0,Financial Services
OGT/40e660d9-50da-4a6e- 9b1f-e9284c8a PK,External Transfer,3500.0,Transfers
Water utility bill,Generic Store 243,38145.0,Electricity / Water / Gas
Restaurant bill #2862,Restaurant 2862,5556.0,Food & Dining
Ride-share trip,Online Merchant 575,9533.0,Ride Sharing / Taxi
OGT/0c19ba33-f94d-46b5- 9d4e-3862bba5 PK,External Transfer,6000.0,Transfers
Court fee #6903,Legal Service 6903,36010.0,Government & Legal
Pharmacy purchase #2344,Pharmacy 2344,3857.0,Healthcare & Medical
Grocery shopping #3865,Grocery Store 3865,2397.0,Food & Dining
Vehicle maintenance #7046,Auto Service 7046,22834.0,Transportation
Prescription refill,Local Shop 793,46125.0,Medical / Pharmacy
ICT/7cebb8a7-2a81-4323- 91c3-5737199b PK,External Transfer,1000.0,Transfers
Bus fare #3630,Transit 3630,413.0,Transportation
Vehicle maintenance #5059,Auto Service 5059,13246.0,Transportation
Zakat contribution #3002,Charity 3002,166757.0,Charity & Donations
Grocery shopping,Generic Store 281,29912.0,Groceries
Diesel top-up,Online Merchant 700,6651.0,Fuel / Gas
Data recharge,Marketplace 833,49550.0,Mobile & Internet
Tax payment #7171,Government 7171,44036.0,Government & Legal
Ride payment #9699,Ride-hailing 9699,6392.0,Transportation
Card fee #6340,Bank 6340,601.0,Financial Services
Online shopping #9369,E-commerce 9369,2643.0,Shopping & Retail
Tuition fee payment,Generic Store 731,11713.0,Education / Tuition
ICT/f5e3c6e8-7e18-4368- 8865-514b6b7b PK,External Transfer,120.0,Transfers
Online shopping #6786,E-commerce 6786,25249.0,Shopping & Retail
OGT/d7f900d0-bc55-4bb6- b843-e2d6d331 PK,External Transfer,120.0,Transfers
Pharmacy purchase #7237,Pharmacy 7237,5428.0,Healthcare & Medical
Loan repayment #7908,Loan Provider 7908,68520.0,Financial Services
Clothing purchase #3963,Clothing Store 3963,19437.0,Shopping & Retail
Event booking,Service Provider 710,44950.0,Entertainment (Movies / Games / Events)
ICT/ecd280ad-d099-4500- b57b-137af69b PK,External Transfer,1500.0,Transfers
Donation #2114,Charity 2114,41762.0,Charity & Donations
Hospital charges #5647,Hospital 5647,4478.0,Healthcare & Medical
OGT/d5f7bb4a-b066-481f- adff-976523cd PK,External Transfer,100.0,Transfers
Ride payment #2044,Ride-hailing 2044,4298.0,Transportation
Grocery shopping #5095,Grocery Store 5095,14773.0,Food & Dining
Doctor consultation #8746,Clinic 8746,1444.0,Healthcare & Medical
CWD/PAK AUSTRIA PAK AUSTRIA HARIPUR PK,Pak Austria Pak Austria Haripur Pk,20000.0,Cash Withdrawal
Bus fare #2690,Transit 2690,393.0,Transportation
Card fee #2785,Bank 2785,598.0,Financial Services
Card fee #9334,Bank 9334,250.0,Financial Services
ICT/3ca7fccc-6590-40e3- 955c-128926d8 PK,External Transfer,220.0,Transfers
License fee #4815,Government 4815,26544.0,Government & Legal
Streaming subscription #9879,Streaming Service 9879,1754.0,Entertainment & Recreation
Doctor consultation #5332,Clinic 5332,624.0,Healthcare & Medical
ICT/83d17af9-1112-49e1- 9944-1c0da090 PK,External Transfer,19000.0,Transfers
Money Transfer - ABDUR RASHEED - 03345005977,Abdur Rasheed,320.0,Transfers
Streaming subscription #9362,Streaming Service 9362,483.0,Entertainment & Recreation
Coffee purchase #5184,Cafe 5184,1311.0,Food & Dining
Dinner at restaurant,Online Merchant 191,31132.0,Restaurants / Eating Out
Home supplies #1535,Retail Store 1535,9651.0,Shopping & Retail
Event booking #9547,Ticketing 9547,16083.0,Entertainment & Recreation
ICT/7a6e068b-6bda-4227- bb55-78c0f5f8 PK,External Transfer,500.0,Transfers
Gym membership #8820,Gym 8820,8346.0,Entertainment & Recreation
Traffic fine #8643,Government 8643,4504.0,Government & Legal
OGT/291b4680-99e4-40e9- 972c-021dadc8 PK,External Transfer,30.0,Transfers
Water bill payment #1413,Water Utility 1413,7418.0,Utilities & Services
Investment deposit #3967,Broker 3967,174658.0,Financial Services
Lunch outing,Local Shop 825,26725.0,Restaurants / Eating Out
Food delivery #6311,Delivery Service 6311,1615.0,Food & Dining
Salary credited #3361,Employer Payroll 3361,113598.0,Income
Hotel reservation,Marketplace 352,252.0,Travel (Flights / Hotels)
Coffee shop order,Online Merchant 823,35993.0,Coffee & Snacks
Water bill payment #3365,Water Utility 3365,6918.0,Utilities & Services
License fee #5534,Government 5534,30289.0,Government & Legal
Event booking,Local Shop 583,16563.0,Entertainment (Movies / Games / Events)
Restaurant bill #1096,Restaurant 1096,4203.0,Food & Dining
Gadget order,Local Shop 242,44458.0,Shopping (Clothes / Electronics)
Bank charges #9385,Bank 9385,1189.0,Financial Services
ICT/87a0f914-e509-4bde- 9bed-8d7d609b PK,External Transfer,260.0,Transfers
Investment deposit #6670,Broker 6670,109152.0,Financial Services
Investment deposit #3941,Broker 3941,86166.0,Financial Services
SFPY*Temu Pakistan Karachi PAK,Temu,3557.0,Shopping
Grocery shopping #8679,Grocery Store 8679,11739.0,Food & Dining
Flight booking,Marketplace 303,1407.0,Travel (Flights / Hotels)
Electronics purchase #4215,Electronics Store 4215,63494.0,Shopping & Retail
Bus fare #1931,Transit 1931,136.0,Transportation
Movie tickets,Online Merchant 559,23773.0,Entertainment (Movies / Games / Events)
Hospital charges #4080,Hospital 4080,33412.0,Healthcare & Medical
Hotel reservation,Local Shop 663,37110.0,Travel (Flights / Hotels)
Home supplies #6962,Retail Store 6962,8869.0,Shopping & Retail
Cab booking,Local Shop 199,5076.0,Ride Sharing / Taxi
Food court meal,Local Shop 286,48859.0,Restaurants / Eating Out
OGT/9d2f5b4c-04c2-446b- 969a-ef4c9420 PK,External Transfer,1045.0,Transfers
Utility charges,Local Shop 829,1782.0,Electricity / Water / Gas
Lab test payment #8390,Diagnostic Lab 8390,22728.0,Healthcare & Medical
Car service,Service Provider 684,45498.0,Car Maintenance
Investment deposit,Service Provider 669,27741.0,Savings / Investments
Diesel top-up,Local Shop 920,47727.0,Fuel / Gas
Salary credited #1394,Employer Payroll 1394,139514.0,Income
ICT/8fda4f3e-6fa1-435a- 91c6-732d5ae3 PK,External Transfer,300.0,Transfers
Clothing purchase #6904,Clothing Store 6904,12092.0,Shopping & Retail
Food delivery #9255,Delivery Service 9255,5990.0,Food & Dining
Movie tickets,Local Shop 916,1941.0,Entertainment (Movies / Games / Events)
Food delivery #9835,Delivery Service 9835,4367.0,Food & Dining
NETFLIX.COM Singapore SGP,Netflix,268.47,Subscriptions
Grocery shopping #2628,Grocery Store 2628,4734.0,Food & Dining
Bus fare #1847,Transit 1847,96.0,Transportation
Clothes shopping,Service Provider 397,12123.0,Shopping (Clothes / Electronics)
Gym membership #3565,Gym 3565,2963.0,Entertainment & Recreation
OGT/df54d502-972d-4a2a- 8c40-ead3c69d PK,External Transfer,1500.0,Transfers
Broadband payment,Marketplace 511,940.0,Mobile & Internet
Online shopping #1892,E-commerce 1892,35726.0,Shopping & Retail
Cleaning products purchase,Service Provider 363,31569.0,Home Supplies / Household Items
Home supplies #2730,Retail Store 2730,9253.0,Shopping & Retail
Electronics purchase,Service Provider 458,45765.0,Shopping (Clothes / Electronics)
Bank charges #9728,Bank 9728,140.0,Financial Services
Flight booking,Online Merchant 357,1588.0,Travel (Flights / Hotels)
Gadget order,Marketplace 628,23812.0,Shopping (Clothes / Electronics)
Refund received #7040,Merchant Refund 7040,4323.0,Income
Card fee #7666,Bank 7666,419.0,Financial Services
Pharmacy purchase,Local Shop 331,18786.0,Medical / Pharmacy
Freelance payment received #7252,Client Payment 7252,49808.0,Income
Diesel top-up,Online Merchant 807,34091.0,Fuel / Gas
Prescription refill,Online Merchant 573,8226.0,Medical / Pharmacy
Data recharge,Online Merchant 407,34894.0,Mobile & Internet
Bank charges #6173,Bank 6173,1985.0,Financial Services
Card fee #6329,Bank 6329,628.0,Financial Services
Gaming purchase,Generic Store 552,4033.0,Entertainment (Movies / Games / Events)
Home essentials,Online Merchant 108,18666.0,Home Supplies / Household Items
Dinner at restaurant,Local Shop 585,40122.0,Restaurants / Eating Out
Fuel refill,Online Merchant 951,35753.0,Fuel / Gas
Gas station payment,Service Provider 157,16092.0,Fuel / Gas
Ride payment #8695,Ride-hailing 8695,6971.0,Transportation
Bonus credited #9430,Employer Bonus 9430,5504.0,Income
Tea and pastry,Local Shop 944,4794.0,Coffee & Snacks
Money Transfer - ABDUR RASHEED - 03345005977,Abdur Rasheed,30.0,Transfers
Traffic fine #3900,Government 3900,14240.0,Government & Legal
Streaming subscription #9884,Streaming Service 9884,2039.0,Entertainment & Recreation
Grocery shopping #3095,Grocery Store 3095,9555.0,Food & Dining
Zakat contribution #8462,Charity 8462,124030.0,Charity & Donations
Streaming subscription #9370,Streaming Service 9370,322.0,Entertainment & Recreation
License fee #1253,Government 1253,40541.0,Government & Legal
Tuition fee payment,Local Shop 450,23416.0,Education / Tuition
Movie tickets #7735,Cinema 7735,4477.0,Entertainment & Recreation
Ride-share trip,Online Merchant 256,9350.0,Ride Sharing / Taxi
Travel agency payment,Generic Store 743,21655.0,Travel (Flights / Hotels)
Coffee purchase #7458,Cafe 7458,757.0,Food & Dining
Fresh produce purchase,Local Shop 311,30019.0,Groceries
RAAST P2P BABU AKHLAQ TUCK,Babu Akhlaq Tuck,80.0,Transfers
Savings transfer,Online Merchant 608,30799.0,Savings / Investments
Investment deposit #4006,Broker 4006,7748.0,Financial Services
Fundraiser contribution #8108,Fundraiser 8108,23562.0,Charity & Donations
Weekly groceries,Local Shop 969,42892.0,Groceries
Streaming subscription #4472,Streaming Service 4472,2095.0,Entertainment & Recreation
Gas station payment,Generic Store 290,29947.0,Fuel / Gas
OGT/72f3e297-3597-4077- b7ab-04eb96f5 PK,External Transfer,450.0,Transfers
Water bill payment #6456,Water Utility 6456,8276.0,Utilities & Services
Course enrollment,Online Merchant 231,1146.0,Education / Tuition
Clothing purchase #8868,Clothing Store 8868,18398.0,Shopping & Retail
Bank charges #8988,Bank 8988,1675.0,Financial Services
Policy renewal,Generic Store 761,21476.0,Insurance
Restaurant bill #2597,Restaurant 2597,4880.0,Food & Dining
Court fee #4239,Legal Service 4239,88371.0,Government & Legal
Investment deposit,Marketplace 294,32849.0,Savings / Investments
Tuition fee payment,Online Merchant 517,30796.0,Education / Tuition
Movie tickets #8813,Cinema 8813,1289.0,Entertainment & Recreation
Loan repayment #9630,Loan Provider 9630,72200.0,Financial Services
Electricity bill payment #1666,Electric Company 1666,15430.0,Utilities & Services
Gift purchase,Local Shop 928,28836.0,Gifts & Celebrations
Salary credited #5445,Employer Payroll 5445,69480.0,Income
Doctor consultation #6055,Clinic 6055,13468.0,Healthcare & Medical
Service subscription,Marketplace 167,36511.0,Subscriptions (Streaming / Apps)
Money Transfer - ABDUR RASHEED - 03345005977,Abdur Rasheed,520.0,Transfers
Diesel top-up,Marketplace 941,20891.0,Fuel / Gas
Water bill payment #1496,Water Utility 1496,4901.0,Utilities & Services
Fundraiser contribution #9710,Fundraiser 9710,15104.0,Charity & Donations
Clothing purchase #1929,Clothing Store 1929,24556.0,Shopping & Retail
ICT/00dba98f-6840-4ca1- 9cbc-b2f0bc94 PK,External Transfer,420.0,Transfers
OGT/148397bf-6d45-4120- a3df-63d4ae53 PK,External Transfer,300.0,Transfers
Traffic fine #5903,Government 5903,46053.0,Government & Legal
Water bill payment #6394,Water Utility 6394,2205.0,Utilities & Services
RAAST P2P MUHAMMAD JASEEM,Muhammad Jaseem,290.0,Transfers
Food delivery #4077,Delivery Service 4077,4148.0,Food & Dining
Petrol purchase,Online Merchant 778,13607.0,Fuel / Gas
Donation #5885,Charity 5885,46355.0,Charity & Donations
Medicine bill,Marketplace 875,19555.0,Medical / Pharmacy
Fuel purchase #7852,Petrol Pump 7852,8288.0,Transportation
Refund received #6544,Merchant Refund 6544,10507.0,Income
Gym membership #9365,Gym 9365,9183.0,Entertainment & Recreation
Court fee #5782,Legal Service 5782,65384.0,Government & Legal
Movie tickets #5671,Cinema 5671,825.0,Entertainment & Recreation
Transit card recharge,Online Merchant 573,41356.0,Public Transport
Electricity bill payment #2952,Electric Company 2952,10936.0,Utilities & Services
Service subscription,Generic Store 158,42529.0,Subscriptions (Streaming / Apps)
Electronics purchase #4883,Electronics Store 4883,53323.0,Shopping & Retail
Electricity bill,Service Provider 403,454.0,Electricity / Water / Gas
ICT/9778abfb-5883-4a5b- 9104-e897f52a PK,External Transfer,140.0,Transfers
Vehicle maintenance #5468,Auto Service 5468,37268.0,Transportation
Doctor consultation #3893,Clinic 3893,524.0,Healthcare & Medical
Fuel purchase #4428,Petrol Pump 4428,9138.0,Transportation
Freelance payment received #3280,Client Payment 3280,11757.0,Income
Water bill payment #1278,Water Utility 1278,7579.0,Utilities & Services
Home supplies #6063,Retail Store 6063,15676.0,Shopping & Retail
Transit card recharge,Service Provider 580,3554.0,Public Transport
Investment deposit,Marketplace 325,5244.0,Savings / Investments
Coffee purchase #7590,Cafe 7590,835.0,Food & Dining
Ride-share trip,Marketplace 187,14274.0,Ride Sharing / Taxi
Car service,Marketplace 154,30730.0,Car Maintenance
Raast Payment - PK32JCMA0010103105452638,Pk32Jcma0010103105452638,120.0,Transfers
School fee,Online Merchant 548,5542.0,Education / Tuition
ICT/b1e2b516-f0ed-41b9- 9f9a-17359c09 PK,External Transfer,240.0,Transfers
Money Transfer - ALI JAN - 03334852549,Ali Jan,140.0,Transfers
Vehicle maintenance,Generic Store 566,30367.0,Car Maintenance
Hospital charges #3380,Hospital 3380,32022.0,Healthcare & Medical
Lab test payment #9009,Diagnostic Lab 9009,3805.0,Healthcare & Medical
Doctor consultation #4549,Clinic 4549,6639.0,Healthcare & Medical
Grocery shopping #5614,Grocery Store 5614,11738.0,Food & Dining
Bonus credited #2751,Employer Bonus 2751,77191.0,Income
Petrol purchase,Generic Store 584,20063.0,Fuel / Gas
Court fee #8658,Legal Service 8658,67794.0,Government & Legal
Online shopping #7765,E-commerce 7765,36423.0,Shopping & Retail
Card fee #8266,Bank 8266,1388.0,Financial Services
Vehicle maintenance #7396,Auto Service 7396,9110.0,Transportation
Bank charges #5936,Bank 5936,1834.0,Financial Services
Streaming subscription #8542,Streaming Service 8542,1861.0,Entertainment & Recreation
Coffee purchase #3342,Cafe 3342,865.0,Food & Dining
Insurance premium,Online Merchant 133,40804.0,Insurance
Coffee purchase #4546,Cafe 4546,812.0,Food & Dining
Broadband payment,Marketplace 683,43777.0,Mobile & Internet
Metro ticket,Marketplace 863,18977.0,Public Transport
Donation #8858,Charity 8858,10132.0,Charity & Donations
Brokerage deposit,Generic Store 923,46612.0,Savings / Investments
Pharmacy purchase #1607,Pharmacy 1607,2388.0,Healthcare & Medical
Zakat contribution #4345,Charity 4345,104800.0,Charity & Donations
Bank charges #7780,Bank 7780,1426.0,Financial Services
Fundraiser contribution #3589,Fundraiser 3589,37702.0,Charity & Donations
Hospital charges #3722,Hospital 3722,15438.0,Healthcare & Medical
Clothing purchase #2645,Clothing Store 2645,10864.0,Shopping & Retail
Movie tickets #7372,Cinema 7372,1075.0,Entertainment & Recreation
Investment deposit,Online Merchant 793,32809.0,Savings / Investments
Traffic fine #2078,Government 2078,40873.0,Government & Legal
Doctor consultation #8987,Clinic 8987,14004.0,Healthcare & Medical
Bonus credited #2797,Employer Bonus 2797,44618.0,Income
Tuition fee payment,Service Provider 146,17626.0,Education / Tuition
OGT/a8570822-7156-4490- b7ba-5c3e0d23 PK,External Transfer,1900.0,Transfers
OGT/9895f2f8-eb83-44cb- 8726-42530908 PK,External Transfer,180.0,Transfers
ICT/47f44330-9eba-4d20- 8e8b-7c1be7dd PK,External Transfer,600.0,Transfers
Tax payment #2900,Government 2900,193793.0,Government & Legal
Tea and pastry,Service Provider 323,16721.0,Coffee & Snacks
Electronics purchase,Generic Store 394,11571.0,Shopping (Clothes / Electronics)
APPLE.COM/BILL ITUNES.COM IRL,Apple,154.71,Bills
School fee,Marketplace 392,14332.0,Education / Tuition
Bus fare,Service Provider 911,8526.0,Public Transport
Bus fare #2753,Transit 2753,260.0,Transportation
Coffee shop order,Service Provider 723,3105.0,Coffee & Snacks
Internet bill payment #6458,ISP 6458,8025.0,Utilities & Services
Grocery shopping #1490,Grocery Store 1490,7738.0,Food & Dining
Broadband payment,Generic Store 798,9475.0,Mobile & Internet
Electronics purchase #9069,Electronics Store 9069,59831.0,Shopping & Retail
Mobile package,Marketplace 776,4994.0,Mobile & Internet
Electricity bill,Online Merchant 491,11810.0,Electricity / Water / Gas
Birthday celebration expense,Generic Store 588,37334.0,Gifts & Celebrations
ICT/3a28d812-e9b2-4b4b- 9d7e-2cb4673b PK,External Transfer,178.0,Transfers
Dinner at restaurant,Generic Store 706,17162.0,Restaurants / Eating Out
Data recharge,Service Provider 206,22866.0,Mobile & Internet
Event booking,Online Merchant 742,39473.0,Entertainment (Movies / Games / Events)
Freelance payment received #6847,Client Payment 6847,12102.0,Income
Loan repayment #5836,Loan Provider 5836,16557.0,Financial Services
Weekly groceries,Local Shop 682,29398.0,Groceries
Savings transfer,Local Shop 832,46213.0,Savings / Investments
Trip expenses,Online Merchant 628,35030.0,Travel (Flights / Hotels)
Refund received #1336,Merchant Refund 1336,4882.0,Income
Salary credited #4949,Employer Payroll 4949,216951.0,Income
Restaurant bill #1324,Restaurant 1324,11070.0,Food & Dining
Hospital charges #9113,Hospital 9113,62269.0,Healthcare & Medical
OGT/9ba745be-f44c-4ac5- bd9d-c600e5cd PK,External Transfer,500.0,Transfers
Rent for Multan flat,Service Provider 523,35287.0,Housing / Rent
Donation #1539,Charity 1539,30231.0,Charity & Donations
Ride payment #3626,Ride-hailing 3626,3604.0,Transportation
Loan repayment #9031,Loan Provider 9031,37960.0,Financial Services
Fuel refill,Generic Store 458,34988.0,Fuel / Gas
OGT/445c8280-8264-4eec- b9ee-c20b56f8 PK,External Transfer,8.0,Transfers
Event booking,Generic Store 482,28300.0,Entertainment (Movies / Games / Events)
ICT/daa80179-718c-4d80- b50b-7626381c PK,External Transfer,4000.0,Transfers
Concert entry,Service Provider 735,3451.0,Entertainment (Movies / Games / Events)
ICT/6083c54f-2d32-4b97- 8415-3b9ebd9c PK,External Transfer,150.0,Transfers
Court fee #9425,Legal Service 9425,54649.0,Government & Legal
Exam fee,Marketplace 432,27305.0,Education / Tuition
Court fee #3316,Legal Service 3316,1006.0,Government & Legal
Lab test payment #1898,Diagnostic Lab 1898,12970.0,Healthcare & Medical
Event booking #2257,Ticketing 2257,9367.0,Entertainment & Recreation
Electronics purchase #2577,Electronics Store 2577,20311.0,Shopping & Retail
Streaming subscription #4466,Streaming Service 4466,1429.0,Entertainment & Recreation
Electronics purchase #4426,Electronics Store 4426,114824.0,Shopping & Retail
ICT/dba4b26e-e6f2-4a28- 8f3d-071831b6 PK,External Transfer,380.0,Transfers
OGT/986fccd3-0dc2-43fa- 802c-886b02a2 PK,External Transfer,560.0,Transfers
Refund received #4888,Merchant Refund 4888,13333.0,Income
Ride payment #4968,Ride-hailing 4968,3103.0,Transportation
Zakat contribution #3958,Charity 3958,128165.0,Charity & Donations
Policy renewal,Generic Store 144,24154.0,Insurance
Dinner at restaurant,Online Merchant 319,42044.0,Restaurants / Eating Out
Metro ticket,Service Provider 440,46345.0,Public Transport
Internet bill payment #3346,ISP 3346,11831.0,Utilities & Services
Trip expenses,Marketplace 864,10678.0,Travel (Flights / Hotels)
Doctor consultation #4054,Clinic 4054,1178.0,Healthcare & Medical
Event booking #3290,Ticketing 3290,11096.0,Entertainment & Recreation
Bank charges #1077,Bank 1077,1163.0,Financial Services
Ride payment #6134,Ride-hailing 6134,7766.0,Transportation
Zakat contribution #5875,Charity 5875,55426.0,Charity & Donations
ICT/c16bcb2c-51ff-45e3- 8fb9-4aa2361c PK,External Transfer,1000.0,Transfers
Grocery shopping,Generic Store 952,13975.0,Groceries
Restaurant bill #9185,Restaurant 9185,5341.0,Food & Dining
Vehicle maintenance #6981,Auto Service 6981,31948.0,Transportation
Trip expenses,Marketplace 778,19908.0,Travel (Flights / Hotels)
Zakat contribution #8334,Charity 8334,62716.0,Charity & Donations
Grocery shopping,Generic Store 585,1155.0,Groceries
Bus fare #1005,Transit 1005,223.0,Transportation
Electronics purchase #1041,Electronics Store 1041,117489.0,Shopping & Retail
Fresh produce purchase,Local Shop 230,12489.0,Groceries
Oil change,Online Merchant 250,23435.0,Car Maintenance
Pharmacy purchase #8991,Pharmacy 8991,779.0,Healthcare & Medical
Lab test payment #2385,Diagnostic Lab 2385,23691.0,Healthcare & Medical
Electronics purchase #2759,Electronics Store 2759,56204.0,Shopping & Retail
Home essentials,Local Shop 355,48724.0,Home Supplies / Household Items
OGT/f16adae2-53b9-4e75- be11-a6f320b5 PK,External Transfer,200.0,Transfers
Traffic fine #3354,Government 3354,24160.0,Government & Legal
Electricity bill payment #8307,Electric Company 8307,6028.0,Utilities & Services
Car service,Marketplace 969,8451.0,Car Maintenance
Car insurance payment,Service Provider 378,10297.0,Insurance
Kitchen supplies,Online Merchant 595,19856.0,Home Supplies / Household Items
Fundraiser contribution #5760,Fundraiser 5760,16657.0,Charity & Donations
Grocery shopping #4783,Grocery Store 4783,6856.0,Food & Dining
Party supplies,Marketplace 405,3395.0,Gifts & Celebrations
Rent for Karachi flat,Local Shop 725,24831.0,Housing / Rent
Fundraiser contribution #5186,Fundraiser 5186,3032.0,Charity & Donations
OGT/7d61df4f-df73-4fe1- 9af7-a15abaaa PK,External Transfer,50.0,Transfers
Movie tickets #2839,Cinema 2839,1754.0,Entertainment & Recreation
Mobile top-up #6763,Telecom 6763,399.0,Utilities & Services
ICT/432770a6-11e0-4765- 9f72-bb59b19c PK,External Transfer,1500.0,Transfers
Gym membership #3513,Gym 3513,5932.0,Entertainment & Recreation
Card fee #3295,Bank 3295,297.0,Financial Services
Freelance payment received #6978,Client Payment 6978,79709.0,Income
CWD/NEW ROAD MINGORA NEW ROAD MINGORA MARDAN PK,New Road Mingora New Road Mingora Mardan Pk,4023.44,Cash Withdrawal
OGT/4b598599-8f20-48c5- 926c-69afe8f6 PK,External Transfer,600.0,Transfers
Household supplies,Online Merchant 288,37201.0,Home Supplies / Household Items
Traffic fine #9655,Government 9655,5406.0,Government & Legal
Doctor consultation #3435,Clinic 3435,4117.0,Healthcare & Medical
Hotel reservation,Marketplace 181,38550.0,Travel (Flights / Hotels)
Vehicle maintenance #4029,Auto Service 4029,7856.0,Transportation
Doctor consultation #5767,Clinic 5767,7048.0,Healthcare & Medical
Card fee #6680,Bank 6680,420.0,Financial Services
Card fee #6872,Bank 6872,1182.0,Financial Services
Gas station payment,Generic Store 402,22777.0,Fuel / Gas
Gift purchase,Marketplace 792,25957.0,Gifts & Celebrations
Restaurant bill #6406,Restaurant 6406,3101.0,Food & Dining
Court fee #3612,Legal Service 3612,28908.0,Government & Legal
Food court meal,Local Shop 874,23865.0,Restaurants / Eating Out
Pharmacy purchase #5046,Pharmacy 5046,7907.0,Healthcare & Medical
Refund received #7849,Merchant Refund 7849,14768.0,Income
Insurance premium,Generic Store 600,35477.0,Insurance
CWD/PAK AUSTRIA BRANCH PAK AUSTRIA BRANCH Abbottabad PK,Pak Austria Branch Pak Austria Branch Abbottabad Pk,5000.0,Cash Withdrawal
Bus fare #5799,Transit 5799,237.0,Transportation
Grocery shopping #1426,Grocery Store 1426,9133.0,Food & Dining
Ride payment #6293,Ride-hailing 6293,2493.0,Transportation
CWD/PAK AUSTRIA PAK AUSTRIA HARIPUR PK,Pak Austria Pak Austria Haripur Pk,1000.0,Cash Withdrawal
Freelance payment received #5164,Client Payment 5164,67528.0,Income
Event booking #8158,Ticketing 8158,6058.0,Entertainment & Recreation
Pharmacy purchase #1872,Pharmacy 1872,3516.0,Healthcare & Medical
Movie tickets #7877,Cinema 7877,3643.0,Entertainment & Recreation
Restaurant bill,Local Shop 879,3801.0,Restaurants / Eating Out
RAAST P2P MUHAMMAD ALI KHA,Muhammad Ali Kha,1500.0,Transfers
ICT/1d4f357a-964f-4981- ba27-6c5e552d PK,External Transfer,425.0,Transfers
Vehicle maintenance #3831,Auto Service 3831,6712.0,Transportation
Lab test payment #9417,Diagnostic Lab 9417,14734.0,Healthcare & Medical
Streaming subscription #7930,Streaming Service 7930,2106.0,Entertainment & Recreation
Online shopping #9940,E-commerce 9940,14963.0,Shopping & Retail
Pharmacy purchase #2861,Pharmacy 2861,536.0,Healthcare & Medical
Restaurant bill #6571,Restaurant 6571,6539.0,Food & Dining
Bonus credited #6229,Employer Bonus 6229,77788.0,Income
Freelance payment received #9322,Client Payment 9322,35307.0,Income
Mobile top-up #8646,Telecom 8646,2511.0,Utilities & Services
Party supplies,Marketplace 706,33633.0,Gifts & Celebrations
Savings transfer,Local Shop 345,19802.0,Savings / Investments
Flight booking,Local Shop 114,42324.0,Travel (Flights / Hotels)
Fuel purchase #4206,Petrol Pump 4206,4844.0,Transportation
Car insurance payment,Generic Store 363,13210.0,Insurance
Pharmacy purchase #9549,Pharmacy 9549,4989.0,Healthcare & Medical
OGT/39b34b51-e85a-4ac2- 82ca-af08da9f PK,External Transfer,90.0,Transfers
Bank charges #6237,Bank 6237,653.0,Financial Services
Petrol purchase,Service Provider 101,49602.0,Fuel / Gas
ICT/413b7134-9d0d-4b1e- 94af-286d9702 PK,External Transfer,500.0,Transfers
Grocery shopping #2306,Grocery Store 2306,6809.0,Food & Dining
Taxi ride,Marketplace 980,13309.0,Ride Sharing / Taxi
Court fee #8824,Legal Service 8824,56940.0,Government & Legal
Coffee purchase #6886,Cafe 6886,1449.0,Food & Dining
Data recharge,Local Shop 154,48178.0,Mobile & Internet
Card fee #3658,Bank 3658,1237.0,Financial Services
Fuel purchase #8702,Petrol Pump 8702,14375.0,Transportation
Water bill payment #3292,Water Utility 3292,1450.0,Utilities & Services
Coffee purchase #3554,Cafe 3554,1074.0,Food & Dining
Tax payment #8378,Government 8378,207931.0,Government & Legal
Hospital charges #5337,Hospital 5337,8974.0,Healthcare & Medical
ICT/3550289d-5391-4dad- ad67-d396feff PK,External Transfer,200.0,Transfers
Online shopping #4929,E-commerce 4929,37489.0,Shopping & Retail
Ride payment #8813,Ride-hailing 8813,4957.0,Transportation
Water bill payment #4555,Water Utility 4555,8620.0,Utilities & Services
Mobile top-up #8629,Telecom 8629,436.0,Utilities & Services
OGT/a6b8e87d-05cc-4db2- a126-08751960 PK,External Transfer,140.0,Transfers
Investment deposit #1142,Broker 1142,76067.0,Financial Services
ICT/a16e6f3b-9860-48dd- b392-bd323c88 PK,External Transfer,1000.0,Transfers
Savings transfer,Online Merchant 289,11859.0,Savings / Investments
Freelance payment received #5205,Client Payment 5205,37406.0,Income
OGT/99a651aa-5720-4522- b351-52f1d98d PK,External Transfer,60.0,Transfers
Brokerage deposit,Local Shop 457,48350.0,Savings / Investments
Clothing purchase #2547,Clothing Store 2547,19565.0,Shopping & Retail
ICT/0ca89117-74e4-41aa- 969d-94f6ceb4 PK,External Transfer,1000.0,Transfers
Zakat contribution #9270,Charity 9270,160003.0,Charity & Donations
OGT/2cb941c5-b788-48d8- a31f-b668fd91 PK,External Transfer,10000.0,Transfers
Hospital charges #4600,Hospital 4600,44061.0,Healthcare & Medical
Loan repayment #8461,Loan Provider 8461,40292.0,Financial Services
RAAST P2P ABDUR RASHEED,Abdur Rasheed,460.0,Transfers
Netflix.com Los Gatos SGP,Netflix,268.47,Subscriptions
Clothing purchase #8578,Clothing Store 8578,15668.0,Shopping & Retail
Bank charges #4395,Bank 4395,329.0,Financial Services
Clothing purchase #5155,Clothing Store 5155,9900.0,Shopping & Retail
Gym membership #3768,Gym 3768,4005.0,Entertainment & Recreation
Household supplies,Local Shop 566,46044.0,Home Supplies / Household Items
Prescription refill,Service Provider 132,4754.0,Medical / Pharmacy
OGT/0dd4dbe4-1be4-4472- 9cf8-0b1b7dcf PK,External Transfer,1.0,Transfers
Grocery shopping #6122,Grocery Store 6122,1515.0,Food & Dining
Pharmacy purchase,Online Merchant 279,1650.0,Medical / Pharmacy
Movie tickets,Local Shop 769,10204.0,Entertainment (Movies / Games / Events)
Online shopping #2576,E-commerce 2576,33499.0,Shopping & Retail
Ride payment #6576,Ride-hailing 6576,749.0,Transportation
Weekly groceries,Generic Store 355,28913.0,Groceries
Traffic fine #4740,Government 4740,38731.0,Government & Legal
Hospital charges #4179,Hospital 4179,61521.0,Healthcare & Medical
Ride payment #2479,Ride-hailing 2479,228.0,Transportation
Grocery shopping,Marketplace 876,1547.0,Groceries
Broadband payment,Service Provider 710,30522.0,Mobile & Internet
Ride payment #1858,Ride-hailing 1858,7853.0,Transportation
Online shopping #8538,E-commerce 8538,9082.0,Shopping & Retail
Restaurant bill #6703,Restaurant 6703,6452.0,Food & Dining
Fashion store bill,Local Shop 912,8447.0,Shopping (Clothes / Electronics)
Coffee purchase #6546,Cafe 6546,244.0,Food & Dining
Gym membership #6458,Gym 6458,4168.0,Entertainment & Recreation
Online shopping #2696,E-commerce 2696,23097.0,Shopping & Retail
Traffic fine #4777,Government 4777,12650.0,Government & Legal
Streaming subscription #8885,Streaming Service 8885,1386.0,Entertainment & Recreation
Gym membership #4969,Gym 4969,3939.0,Entertainment & Recreation
Data recharge,Marketplace 301,1907.0,Mobile & Internet
ICT/bc093889-9af9-4124- 9e25-c5577a20 PK,External Transfer,1000.0,Transfers
ICT/6aba9987-b201-44fe- 8e07-b7b26620 PK,External Transfer,930.0,Transfers
Bus fare #4623,Transit 4623,99.0,Transportation
ICT/e69cde43-de73-4dda- bc58-b761b034 PK,External Transfer,200.0,Transfers
Data recharge,Service Provider 167,23017.0,Mobile & Internet
Ride payment #8537,Ride-hailing 8537,3151.0,Transportation
RAAST P2P BABU AKHLAQ TUCK,Babu Akhlaq Tuck,140.0,Transfers
Fundraiser contribution #6691,Fundraiser 6691,23868.0,Charity & Donations
Loan repayment #9341,Loan Provider 9341,72974.0,Financial Services
Bus fare,Generic Store 542,17272.0,Public Transport
Pharmacy purchase #8488,Pharmacy 8488,5513.0,Healthcare & Medical
Bus fare,Generic Store 490,40418.0,Public Transport
Lab test payment #3295,Diagnostic Lab 3295,18842.0,Healthcare & Medical
Household supplies,Local Shop 297,6794.0,Home Supplies / Household Items
License fee #3694,Government 3694,14315.0,Government & Legal
Electricity bill,Service Provider 159,22478.0,Electricity / Water / Gas
Water utility bill,Online Merchant 339,42503.0,Electricity / Water / Gas
Birthday celebration expense,Service Provider 795,3600.0,Gifts & Celebrations
Gadget order,Marketplace 500,45953.0,Shopping (Clothes / Electronics)
OGT/428c8c3f-8777-4c1c- 9e4d-52982a5c PK,External Transfer,510.0,Transfers
Lab test payment #1646,Diagnostic Lab 1646,15044.0,Healthcare & Medical
Clinic visit,Marketplace 338,39458.0,Medical / Pharmacy
Internet bill payment #6430,ISP 6430,9502.0,Utilities & Services
Zakat contribution #7857,Charity 7857,97961.0,Charity & Donations
Vehicle maintenance,Local Shop 369,46055.0,Car Maintenance
Traffic fine #6665,Government 6665,39460.0,Government & Legal
Kitchen supplies,Local Shop 480,36022.0,Home Supplies / Household Items
Pharmacy purchase #8922,Pharmacy 8922,910.0,Healthcare & Medical
Lunch outing,Generic Store 732,26338.0,Restaurants / Eating Out
Ride service fare,Marketplace 584,40155.0,Ride Sharing / Taxi
Grocery shopping #7654,Grocery Store 7654,11150.0,Food & Dining
Gym membership #3364,Gym 3364,5102.0,Entertainment & Recreation
Vehicle maintenance #9300,Auto Service 9300,24389.0,Transportation
Clothing purchase #6707,Clothing Store 6707,22163.0,Shopping & Retail
Coffee purchase,Generic Store 798,16487.0,Coffee & Snacks
Online shopping #5442,E-commerce 5442,21374.0,Shopping & Retail
Water utility bill,Service Provider 630,26753.0,Electricity / Water / Gas
Ride payment #1556,Ride-hailing 1556,7394.0,Transportation
OGT/581b5980-2551-4bea- 8213-c8007815 PK,External Transfer,300.0,Transfers
OGT/ba7a75e4-4694-43d6- b692-eacfc868 PK,External Transfer,300.0,Transfers
OGT/748098ae-38f8-48b1- 9a8d-ad96f510 PK,External Transfer,250.0,Transfers
Apartment rent,Generic Store 909,25102.0,Housing / Rent
Grocery shopping #1281,Grocery Store 1281,12285.0,Food & Dining
Internet bill payment #7406,ISP 7406,13810.0,Utilities & Services
Daraz KARACHI PAK,Daraz,1703.0,Shopping
Card fee #2074,Bank 2074,1315.0,Financial Services
RAAST P2P USMAN GHANI,Usman Ghani,50.0,Transfers
Lab test payment #7311,Diagnostic Lab 7311,14012.0,Healthcare & Medical
Mobile top-up #8045,Telecom 8045,2224.0,Utilities & Services
Pharmacy purchase #9840,Pharmacy 9840,4989.0,Healthcare & Medical
Fresh produce purchase,Generic Store 209,23960.0,Groceries
RAAST P2P MUHAMMAD ASLAM,Muhammad Aslam,180.0,Transfers
Petrol purchase,Generic Store 709,49310.0,Fuel / Gas
Restaurant bill #4288,Restaurant 4288,1505.0,Food & Dining
Bonus credited #2798,Employer Bonus 2798,84110.0,Income
OGT/204de498-26a3-4709- 8f57-fca63de9 PK,External Transfer,250.0,Transfers
DARAZ.PK KARACHI PAK,Daraz,550.0,Shopping
Food delivery #6669,Delivery Service 6669,3425.0,Food & Dining
Rent for Lahore flat,Marketplace 363,21772.0,Housing / Rent
Loan repayment #5587,Loan Provider 5587,64754.0,Financial Services
ICT/96a347be-686b-4f1e- a66a-3ec363a3 PK,External Transfer,1471.0,Transfers
Tea and pastry,Generic Store 597,26310.0,Coffee & Snacks
Cafe snack,Service Provider 613,29091.0,Coffee & Snacks
Movie tickets,Online Merchant 631,7503.0,Entertainment (Movies / Games / Events)
ICT/d0d58252-e6d1-4789- 970f-f90285a9 PK,External Transfer,140.0,Transfers
Food delivery #5318,Delivery Service 5318,5511.0,Food & Dining
Streaming subscription #2601,Streaming Service 2601,2411.0,Entertainment & Recreation
Zakat contribution #9633,Charity 9633,11312.0,Charity & Donations
Gym membership #9051,Gym 9051,4657.0,Entertainment & Recreation
OGT/952e0337-d94e-4ef8- a6eb-b179bbfb PK,External Transfer,274.0,Transfers
Restaurant bill #2382,Restaurant 2382,8598.0,Food & Dining
OGT/67267e2d-889d-46fe- b026-b1f91924 PK,External Transfer,130.0,Transfers
Event booking,Online Merchant 481,40023.0,Entertainment (Movies / Games / Events)
ICT/7c308eec-6fe7-4d94- bc10-3e9506cd PK,External Transfer,1800.0,Transfers
Travel agency payment,Local Shop 368,34434.0,Travel (Flights / Hotels)
Home supplies #9125,Retail Store 9125,10585.0,Shopping & Retail
Doctor consultation #9422,Clinic 9422,3058.0,Healthcare & Medical
Grocery shopping #7680,Grocery Store 7680,14764.0,Food & Dining
Loan repayment #1690,Loan Provider 1690,29044.0,Financial Services
Investment deposit #3676,Broker 3676,149497.0,Financial Services
RAAST P2P MUHAMMAD ZUBAIR,Muhammad Zubair,300.0,Transfers
Streaming subscription #8698,Streaming Service 8698,1416.0,Entertainment & Recreation
Ride payment #3800,Ride-hailing 3800,6375.0,Transportation
Electronics purchase #2389,Electronics Store 2389,96490.0,Shopping & Retail
Bus fare #4899,Transit 4899,109.0,Transportation
Donation #4780,Charity 4780,28172.0,Charity & Donations
Coffee purchase #1544,Cafe 1544,1200.0,Food & Dining
OGT/8a477844-3113-4a0c- b688-68ecd215 PK,External Transfer,800.0,Transfers
Refund received #6118,Merchant Refund 6118,10211.0,Income
ICT/eca46b8a-c2af-4357- bb4d-45544dc4 PK,External Transfer,100.0,Transfers
Anniversary gift,Local Shop 678,25658.0,Gifts & Celebrations
Medicine bill,Online Merchant 942,13135.0,Medical / Pharmacy
Bus fare #4890,Transit 4890,360.0,Transportation
Birthday celebration expense,Online Merchant 732,32460.0,Gifts & Celebrations
Traffic fine #1036,Government 1036,38661.0,Government & Legal
Party supplies,Online Merchant 595,3672.0,Gifts & Celebrations
Bus fare #5970,Transit 5970,407.0,Transportation
Gym membership #7783,Gym 7783,11563.0,Entertainment & Recreation
Electronics purchase #4535,Electronics Store 4535,110228.0,Shopping & Retail
Service subscription,Online Merchant 943,41099.0,Subscriptions (Streaming / Apps)
Flight booking,Online Merchant 788,26727.0,Travel (Flights / Hotels)
ICT/30a444a4-4070-4670- aabe-a57948c9 PK,External Transfer,300.0,Transfers
Zakat contribution #1676,Charity 1676,142063.0,Charity & Donations
Bank charges #3130,Bank 3130,810.0,Financial Services
Streaming subscription #2631,Streaming Service 2631,1548.0,Entertainment & Recreation
Donation #7226,Charity 7226,38113.0,Charity & Donations
Anniversary gift,Online Merchant 993,27582.0,Gifts & Celebrations
Gym membership #9507,Gym 9507,11164.0,Entertainment & Recreation
Online shopping #7046,E-commerce 7046,31188.0,Shopping & Retail
Bonus credited #3093,Employer Bonus 3093,48986.0,Income
OGT/3c1333a3-785f-4fa7- b153-0795bba6 PK,External Transfer,650.0,Transfers
Pharmacy purchase #7881,Pharmacy 7881,7975.0,Healthcare & Medical
Salary credited #8073,Employer Payroll 8073,187845.0,Income
Mobile package,Online Merchant 885,10473.0,Mobile & Internet
Concert entry,Local Shop 540,45948.0,Entertainment (Movies / Games / Events)
Refund received #5014,Merchant Refund 5014,10013.0,Income
Health insurance,Local Shop 703,37830.0,Insurance
Coffee purchase #3502,Cafe 3502,1430.0,Food & Dining
Coffee purchase #8207,Cafe 8207,681.0,Food & Dining
Restaurant bill #1042,Restaurant 1042,6080.0,Food & Dining
Money Transfer - JAWAD UL ISLAM KHAN - 03176281953,Jawad Ul Islam Khan,200.0,Transfers
OGT/259bfb5a-60ef-451c- 8fac-f046082c PK,External Transfer,120.0,Transfers
Ride payment #6367,Ride-hailing 6367,6938.0,Transportation
ICT/c9f9ab09-81ce-4b7d- 886a-c16fc488 PK,External Transfer,5000.0,Transfers
Event booking #3775,Ticketing 3775,15405.0,Entertainment & Recreation
Gas bill payment,Online Merchant 929,40656.0,Electricity / Water / Gas
Rent for Karachi flat,Service Provider 281,4799.0,Housing / Rent
Fuel purchase #5687,Petrol Pump 5687,8155.0,Transportation
Hospital charges #7645,Hospital 7645,59309.0,Healthcare & Medical
Water utility bill,Online Merchant 899,24477.0,Electricity / Water / Gas
Restaurant bill #1756,Restaurant 1756,462.0,Food & Dining
Household supplies,Online Merchant 822,3014.0,Home Supplies / Household Items
Bank charges #2781,Bank 2781,241.0,Financial Services
Salary credited #3713,Employer Payroll 3713,82528.0,Income
Pharmacy purchase #3282,Pharmacy 3282,6745.0,Healthcare & Medical
Bank charges #9481,Bank 9481,1877.0,Financial Services
Vehicle maintenance #5664,Auto Service 5664,7031.0,Transportation
Fresh produce purchase,Generic Store 701,40068.0,Groceries
Streaming subscription #4108,Streaming Service 4108,960.0,Entertainment & Recreation
Card fee #4587,Bank 4587,463.0,Financial Services
Bonus credited #5713,Employer Bonus 5713,92953.0,Income
Hotel reservation,Local Shop 940,40698.0,Travel (Flights / Hotels)
Fundraiser contribution #8174,Fundraiser 8174,7494.0,Charity & Donations
Grocery shopping #2396,Grocery Store 2396,6842.0,Food & Dining
Bonus credited #7822,Employer Bonus 7822,20696.0,Income
Kitchen supplies,Marketplace 478,12813.0,Home Supplies / Household Items
Traffic fine #8234,Government 8234,22384.0,Government & Legal
ICT/6db67bad-cf1f-4ac2- aaf5-59331eb8 PK,External Transfer,300.0,Transfers
Money Transfer - ABDUR RASHEED - 03345005977,Abdur Rasheed,250.0,Transfers
Loan repayment #1813,Loan Provider 1813,27149.0,Financial Services
Card fee #8340,Bank 8340,103.0,Financial Services
Birthday celebration expense,Generic Store 493,29004.0,Gifts & Celebrations
Loan repayment #8446,Loan Provider 8446,72055.0,Financial Services
OGT/0ee16478-77dd-4f43- ba00-707068eb PK,External Transfer,110.0,Transfers
Bus fare #3594,Transit 3594,309.0,Transportation
Online shopping #6864,E-commerce 6864,23426.0,Shopping & Retail
Grocery shopping #4749,Grocery Store 4749,3612.0,Food & Dining
Gaming purchase,Service Provider 732,37670.0,Entertainment (Movies / Games / Events)
Gadget order,Marketplace 649,36988.0,Shopping (Clothes / Electronics)
Policy renewal,Marketplace 571,43465.0,Insurance
Vehicle maintenance #3376,Auto Service 3376,16120.0,Transportation
Court fee #1547,Legal Service 1547,54067.0,Government & Legal
Flight booking,Marketplace 350,1056.0,Travel (Flights / Hotels)
Vehicle maintenance #4192,Auto Service 4192,13074.0,Transportation
Service subscription,Online Merchant 474,42724.0,Subscriptions (Streaming / Apps)
Fundraiser contribution #3470,Fundraiser 3470,6146.0,Charity & Donations
Weekly groceries,Marketplace 796,10492.0,Groceries
Prescription refill,Online Merchant 606,19225.0,Medical / Pharmacy
Fundraiser contribution #7614,Fundraiser 7614,1886.0,Charity & Donations
Court fee #9759,Legal Service 9759,29684.0,Government & Legal
Internet bill payment #4236,ISP 4236,11689.0,Utilities & Services
ICT/6ea1812e-3335-4ad7- 88da-b6259fdb PK,External Transfer,360.0,Transfers
Restaurant bill #5089,Restaurant 5089,6816.0,Food & Dining
Event booking,Online Merchant 568,24229.0,Entertainment (Movies / Games / Events)
Mobile top-up #2698,Telecom 2698,2207.0,Utilities & Services
Freelance payment received #4933,Client Payment 4933,75523.0,Income
OGT/c1739cdc-5f48-4fb0- 896f-71a9e9ed PK,External Transfer,700.0,Transfers
Electronics purchase #5004,Electronics Store 5004,95348.0,Shopping & Retail
House rent transfer,Service Provider 855,5384.0,Housing / Rent
Movie tickets #4251,Cinema 4251,3370.0,Entertainment & Recreation
Gym membership #1848,Gym 1848,7899.0,Entertainment & Recreation
Coffee purchase #1515,Cafe 1515,480.0,Food & Dining
Bank charges #3225,Bank 3225,447.0,Financial Services
Streaming subscription,Marketplace 942,26587.0,Subscriptions (Streaming / Apps)
OGT/c88da5cc-58a5-40da- 8d86-549c1423 PK,External Transfer,140.0,Transfers
Train pass,Generic Store 438,39546.0,Public Transport
OGT/c5d596a6-eee0-484f- 9d72-0d4bd5e3 PK,External Transfer,360.0,Transfers
Cab booking,Generic Store 656,26929.0,Ride Sharing / Taxi
Home essentials,Marketplace 149,32666.0,Home Supplies / Household Items
House rent transfer,Local Shop 355,1178.0,Housing / Rent
ICT/f376b66c-426a-443e- be41-37cdf443 PK,External Transfer,2000.0,Transfers
Clothing purchase #5827,Clothing Store 5827,5764.0,Shopping & Retail
Donation #6947,Charity 6947,23230.0,Charity & Donations
Restaurant bill,Online Merchant 259,526.0,Restaurants / Eating Out
ICT/2a36b025-d75f-4459- b77f-6b96855c PK,External Transfer,299.0,Transfers
License fee #7607,Government 7607,44117.0,Government & Legal
RAAST P2P ABDUR RASHEED,Abdur Rasheed,70.0,Transfers
Bonus credited #9396,Employer Bonus 9396,22239.0,Income
Policy renewal,Generic Store 277,37581.0,Insurance
Clothing purchase #8907,Clothing Store 8907,22075.0,Shopping & Retail
Course enrollment,Service Provider 177,13629.0,Education / Tuition
Lab test payment #6869,Diagnostic Lab 6869,8982.0,Healthcare & Medical
Tax payment #7415,Government 7415,140546.0,Government & Legal
Vehicle maintenance #6329,Auto Service 6329,35766.0,Transportation
Home supplies #4523,Retail Store 4523,4139.0,Shopping & Retail
Electronics purchase #6464,Electronics Store 6464,87801.0,Shopping & Retail
Loan repayment #1111,Loan Provider 1111,27059.0,Financial Services
Electronics purchase #9007,Electronics Store 9007,53486.0,Shopping & Retail
Donation #3785,Charity 3785,7097.0,Charity & Donations
Brokerage deposit,Online Merchant 518,2072.0,Savings / Investments
Online shopping #7799,E-commerce 7799,30400.0,Shopping & Retail
School fee,Service Provider 263,2949.0,Education / Tuition
OGT/b99cbc8d-e8b3-4cd9- 9800-4d68ab62 PK,External Transfer,280.0,Transfers
House rent transfer,Generic Store 320,5815.0,Housing / Rent
License fee #3240,Government 3240,30482.0,Government & Legal
Fundraiser contribution #1974,Fundraiser 1974,20017.0,Charity & Donations
Tire replacement,Local Shop 938,16189.0,Car Maintenance
Clinic visit,Generic Store 592,21240.0,Medical / Pharmacy
Oil change,Service Provider 826,16744.0,Car Maintenance
Movie tickets #1974,Cinema 1974,4741.0,Entertainment & Recreation
Water bill payment #9505,Water Utility 9505,4339.0,Utilities & Services
Internet bill payment #6243,ISP 6243,7825.0,Utilities & Services
Hospital charges #1825,Hospital 1825,66525.0,Healthcare & Medical
Card fee #1872,Bank 1872,1265.0,Financial Services
Restaurant bill,Online Merchant 473,42653.0,Restaurants / Eating Out
Event booking #4546,Ticketing 4546,6812.0,Entertainment & Recreation
Fuel purchase #7869,Petrol Pump 7869,14688.0,Transportation
Hospital charges #9826,Hospital 9826,24592.0,Healthcare & Medical
Event booking #9084,Ticketing 9084,11246.0,Entertainment & Recreation
School fee,Local Shop 708,30236.0,Education / Tuition
Gym membership #9480,Gym 9480,12676.0,Entertainment & Recreation
Electronics purchase #5467,Electronics Store 5467,29498.0,Shopping & Retail
OGT/40ac4849-2740-4099- aa93-b5c901cb PK,External Transfer,150.0,Transfers
Bus fare #1295,Transit 1295,451.0,Transportation
Movie tickets #7723,Cinema 7723,3489.0,Entertainment & Recreation
Bonus credited #8043,Employer Bonus 8043,49375.0,Income
Grocery shopping #3767,Grocery Store 3767,6420.0,Food & Dining
ICT/ee050dce-99c7-4dd0- 8bf8-b32ac6c6 PK,External Transfer,2000.0,Transfers
Anniversary gift,Online Merchant 462,10645.0,Gifts & Celebrations
Lab test payment #8744,Diagnostic Lab 8744,7835.0,Healthcare & Medical
Savings transfer,Marketplace 251,47979.0,Savings / Investments
Petrol purchase,Marketplace 648,18191.0,Fuel / Gas
License fee #6580,Government 6580,8437.0,Government & Legal
Internet bill payment #7722,ISP 7722,5406.0,Utilities & Services
Grocery shopping #3902,Grocery Store 3902,3589.0,Food & Dining
Electronics purchase #1871,Electronics Store 1871,23102.0,Shopping & Retail
Insurance premium,Generic Store 202,2457.0,Insurance
Tax payment #7355,Government 7355,201799.0,Government & Legal
Tax payment #4937,Government 4937,43807.0,Government & Legal
Court fee #2263,Legal Service 2263,99888.0,Government & Legal
Hospital charges #9784,Hospital 9784,58004.0,Healthcare & Medical
NETFLIX.COM Singapore SGP,Netflix,360.33,Subscriptions
License fee #9929,Government 9929,47896.0,Government & Legal
Internet bill payment #8785,ISP 8785,12365.0,Utilities & Services
Food delivery #2398,Delivery Service 2398,1311.0,Food & Dining
Vehicle maintenance #3474,Auto Service 3474,24406.0,Transportation
Oil change,Marketplace 740,20786.0,Car Maintenance
Bus fare #1907,Transit 1907,376.0,Transportation
Gym membership #3464,Gym 3464,5699.0,Entertainment & Recreation
Fundraiser contribution #4729,Fundraiser 4729,49004.0,Charity & Donations
Online shopping #5890,E-commerce 5890,15706.0,Shopping & Retail
Streaming subscription,Generic Store 725,14967.0,Subscriptions (Streaming / Apps)
Card fee #4539,Bank 4539,1419.0,Financial Services
Gym membership #7875,Gym 7875,2416.0,Entertainment & Recreation
Online shopping #6303,E-commerce 6303,1532.0,Shopping & Retail
Internet bill payment #3394,ISP 3394,9728.0,Utilities & Services
License fee #2659,Government 2659,44437.0,Government & Legal
Water bill payment #8223,Water Utility 8223,5527.0,Utilities & Services
Policy renewal,Generic Store 237,45023.0,Insurance
Fundraiser contribution #9502,Fundraiser 9502,29647.0,Charity & Donations
Gym membership #6057,Gym 6057,7212.0,Entertainment & Recreation
Bank charges #2115,Bank 2115,1033.0,Financial Services
Donation #9675,Charity 9675,26607.0,Charity & Donations
Water bill payment #8805,Water Utility 8805,8625.0,Utilities & Services
Policy renewal,Generic Store 313,21891.0,Insurance
Card fee #7710,Bank 7710,1058.0,Financial Services
Online shopping #8334,E-commerce 8334,4627.0,Shopping & Retail
Online shopping #2212,E-commerce 2212,3388.0,Shopping & Retail
Bank charges #4564,Bank 4564,680.0,Financial Services
Clinic visit,Generic Store 502,6532.0,Medical / Pharmacy
Tea and pastry,Generic Store 423,48081.0,Coffee & Snacks
Coffee purchase #8198,Cafe 8198,513.0,Food & Dining
OGT/e636cfd7-d880-424a- a614-8b18931e PK,External Transfer,1700.0,Transfers
Ride service fare,Marketplace 920,39929.0,Ride Sharing / Taxi
Investment deposit,Local Shop 953,402.0,Savings / Investments
ICT/9316092b-3eb1-4486- 9687-473f96c1 PK,External Transfer,50.0,Transfers
Traffic fine #3436,Government 3436,14446.0,Government & Legal
Food delivery #7990,Delivery Service 7990,5170.0,Food & Dining
Streaming subscription #7510,Streaming Service 7510,518.0,Entertainment & Recreation
Pharmacy purchase #3872,Pharmacy 3872,5252.0,Healthcare & Medical
Traffic fine #9349,Government 9349,831.0,Government & Legal
Travel agency payment,Local Shop 372,25794.0,Travel (Flights / Hotels)
Internet bill payment #7101,ISP 7101,4698.0,Utilities & Services
Bank charges #4549,Bank 4549,457.0,Financial Services
CWD/PAK AUSTRIA PAK AUSTRIA HARIPUR PK,Pak Austria Pak Austria Haripur Pk,1000.0,Cash Withdrawal
Internet bill payment #4592,ISP 4592,9665.0,Utilities & Services
Freelance payment received #1374,Client Payment 1374,64017.0,Income
ICT/e96ee760-6e65-49e9- 8dc2-e0bfb82e PK,External Transfer,2000.0,Transfers
Refund received #3449,Merchant Refund 3449,14791.0,Income
Fundraiser contribution #3337,Fundraiser 3337,5254.0,Charity & Donations
Investment deposit #6993,Broker 6993,157533.0,Financial Services
Electronics purchase #9211,Electronics Store 9211,44357.0,Shopping & Retail
Vehicle maintenance #3985,Auto Service 3985,24401.0,Transportation
Raast Payment - PK03ABPA0010141919970017,Pk03Abpa0010141919970017,160.0,Transfers
Mobile top-up #3711,Telecom 3711,3922.0,Utilities & Services
Freelance payment received #8870,Client Payment 8870,58995.0,Income
Transit card recharge,Online Merchant 590,19464.0,Public Transport
Monthly rent payment,Service Provider 441,13196.0,Housing / Rent
Raast Payment - PK32JCMA0010103105452638,Pk32Jcma0010103105452638,20.0,Transfers
Refund received #8726,Merchant Refund 8726,8774.0,Income
Clothing purchase #4528,Clothing Store 4528,8912.0,Shopping & Retail
Ride service fare,Online Merchant 992,36517.0,Ride Sharing / Taxi
Tire replacement,Online Merchant 260,2223.0,Car Maintenance
Coffee purchase #3548,Cafe 3548,152.0,Food & Dining
Concert entry,Online Merchant 520,27053.0,Entertainment (Movies / Games / Events)
Tuition fee payment,Local Shop 994,10835.0,Education / Tuition
Traffic fine #7811,Government 7811,5215.0,Government & Legal
Freelance payment received #6293,Client Payment 6293,40863.0,Income
Food delivery #1083,Delivery Service 1083,812.0,Food & Dining
Clothing purchase #3795,Clothing Store 3795,7575.0,Shopping & Retail
Utility charges,Service Provider 269,7036.0,Electricity / Water / Gas
Streaming subscription,Local Shop 388,3671.0,Subscriptions (Streaming / Apps)
Anniversary gift,Marketplace 318,577.0,Gifts & Celebrations
Bus fare,Service Provider 751,22359.0,Public Transport
Loan repayment #9553,Loan Provider 9553,62037.0,Financial Services
Electricity bill,Online Merchant 186,3424.0,Electricity / Water / Gas
Freelance payment received #8421,Client Payment 8421,19422.0,Income
Fuel purchase #3872,Petrol Pump 3872,7389.0,Transportation
Restaurant bill #8764,Restaurant 8764,5153.0,Food & Dining
OGT/3484399e-93dc-4444- b343-0906818a PK,External Transfer,250.0,Transfers
Grocery shopping #2026,Grocery Store 2026,1297.0,Food & Dining
Netflix.com Los Gatos SGP,Netflix,268.47,Subscriptions
Money Transfer - ABDUR RASHEED - 03345005977,Abdur Rasheed,30.0,Transfers
Doctor consultation #2969,Clinic 2969,4653.0,Healthcare & Medical
Lab test payment #3893,Diagnostic Lab 3893,10351.0,Healthcare & Medical
Weekly groceries,Local Shop 263,44466.0,Groceries
Mobile top-up #3846,Telecom 3846,4883.0,Utilities & Services
Fundraiser contribution #1008,Fundraiser 1008,26946.0,Charity & Donations
Anniversary gift,Local Shop 551,25207.0,Gifts & Celebrations
OGT/e107b5a6-694a-4110- 8ae2-afcdd5b1 PK,External Transfer,100.0,Transfers
Raast Payment - PK32JCMA0010103105452638,Pk32Jcma0010103105452638,120.0,Transfers
RAAST P2P YAHYA KHAN,Yahya Khan,800.0,Transfers
Zakat contribution #7354,Charity 7354,26209.0,Charity & Donations
Vehicle maintenance #3230,Auto Service 3230,22679.0,Transportation
Data recharge,Online Merchant 487,15661.0,Mobile & Internet
Cafe snack,Local Shop 472,31821.0,Coffee & Snacks
Donation #3200,Charity 3200,7022.0,Charity & Donations
Money Transfer - UMAR RAFEEQ KHATTAK - 03115103625,Umar Rafeeq Khattak,500.0,Transfers
Coffee purchase,Online Merchant 151,39743.0,Coffee & Snacks
OGT/258b6328-d9f0-4099- a99f-4c1f09d2 PK,External Transfer,230.0,Transfers
ICT/a1c8d88a-4faf-4723- bbf3-10aa80bf PK,External Transfer,200.0,Transfers
Donation #6109,Charity 6109,19728.0,Charity & Donations
Vehicle maintenance #9385,Auto Service 9385,28657.0,Transportation
Household supplies,Marketplace 283,8252.0,Home Supplies / Household Items
ICT/27306abc-fbf7-4fd4- b1a2-7ec6f299 PK,External Transfer,1000.0,Transfers
Electronics purchase #9627,Electronics Store 9627,57945.0,Shopping & Retail
Hospital charges #4749,Hospital 4749,75046.0,Healthcare & Medical
Lunch outing,Generic Store 192,18332.0,Restaurants / Eating Out
Freelance payment received #2030,Client Payment 2030,23411.0,Income
Hospital charges #2509,Hospital 2509,46536.0,Healthcare & Medical
Vehicle maintenance #9243,Auto Service 9243,39244.0,Transportation
Lunch outing,Local Shop 503,19907.0,Restaurants / Eating Out
Oil change,Generic Store 660,46244.0,Car Maintenance
Electronics purchase #4128,Electronics Store 4128,36896.0,Shopping & Retail
Coffee purchase,Generic Store 530,26148.0,Coffee & Snacks
Electronics purchase #8297,Electronics Store 8297,47375.0,Shopping & Retail
Raast Payment - PK38NBPA2330004257425902,Pk38Nbpa2330004257425902,160.0,Transfers
Card fee #7385,Bank 7385,861.0,Financial Services
Court fee #6595,Legal Service 6595,50917.0,Government & Legal
RAAST P2P MUHAMMAD NOMAN N,Muhammad Noman N,150.0,Transfers
Event booking,Online Merchant 247,31973.0,Entertainment (Movies / Games / Events)
Electronics purchase #1909,Electronics Store 1909,14957.0,Shopping & Retail
Water bill payment #5549,Water Utility 5549,1991.0,Utilities & Services
Water bill payment #1699,Water Utility 1699,8851.0,Utilities & Services
Tuition fee payment,Local Shop 178,20178.0,Education / Tuition
Streaming subscription #1800,Streaming Service 1800,503.0,Entertainment & Recreation
Coffee purchase,Local Shop 333,6485.0,Coffee & Snacks
Salary credited #3130,Employer Payroll 3130,225606.0,Income
Salary credited #3810,Employer Payroll 3810,51389.0,Income
Zakat contribution #6346,Charity 6346,128219.0,Charity & Donations
OGT/bbb874ca-6488-4d11- bac7-60828940 PK,External Transfer,50.0,Transfers
RAAST P2P EEMAN FATIMA,Eeman Fatima,50.0,Transfers
Streaming subscription #9954,Streaming Service 9954,1968.0,Entertainment & Recreation
Kitchen supplies,Online Merchant 758,31915.0,Home Supplies / Household Items
Bus fare #8346,Transit 8346,307.0,Transportation
RAAST P2P MUHAMMAD RAMZAN,Muhammad Ramzan,290.0,Transfers
Electronics purchase,Service Provider 305,35650.0,Shopping (Clothes / Electronics)
Ride payment #5564,Ride-hailing 5564,3037.0,Transportation
Taxi ride,Generic Store 382,6496.0,Ride Sharing / Taxi
Coffee purchase #9819,Cafe 9819,658.0,Food & Dining
Exam fee,Generic Store 480,27868.0,Education / Tuition
Mobile top-up #7199,Telecom 7199,2317.0,Utilities & Services
Car service,Generic Store 268,6093.0,Car Maintenance
ICT/00448e25-8737-4372- 9e6d-a020465f PK,External Transfer,900.0,Transfers
Health insurance,Marketplace 650,22369.0,Insurance
Birthday celebration expense,Service Provider 515,14259.0,Gifts & Celebrations
Trip expenses,Marketplace 917,49871.0,Travel (Flights / Hotels)
OGT/6e50a77f-e9aa-4ee4- 9445-c4f12833 PK,External Transfer,600.0,Transfers
ICT/4b905f42-c3e3-4db1- b113-61610635 PK,External Transfer,4000.0,Transfers
Ride service fare,Service Provider 225,15041.0,Ride Sharing / Taxi
Dinner at restaurant,Online Merchant 811,29292.0,Restaurants / Eating Out
Internet bill payment #8089,ISP 8089,7990.0,Utilities & Services
Salary credited #5156,Employer Payroll 5156,183290.0,Income
OGT/31bb2e09-f360-4ea9- a60f-1bb65b6e PK,External Transfer,830.0,Transfers
Loan repayment #5493,Loan Provider 5493,20153.0,Financial Services
Movie tickets #9432,Cinema 9432,2179.0,Entertainment & Recreation
Water bill payment #7746,Water Utility 7746,3790.0,Utilities & Services
Fundraiser contribution #1511,Fundraiser 1511,28216.0,Charity & Donations
Electronics purchase #1730,Electronics Store 1730,91466.0,Shopping & Retail
ICT/adb313e1-7b3d-4221- 900e-8b07f38b PK,External Transfer,9165.0,Transfers
Electronics purchase,Local Shop 881,37155.0,Shopping (Clothes / Electronics)
Insurance premium,Generic Store 736,29378.0,Insurance
Coffee purchase,Online Merchant 299,27689.0,Coffee & Snacks
Tax payment #8380,Government 8380,42552.0,Government & Legal
Electronics purchase #1405,Electronics Store 1405,47256.0,Shopping & Retail
Gift purchase,Online Merchant 492,42448.0,Gifts & Celebrations
GOOGLE *Google One g.co/helppay# GBR,Google One,491.01,Subscriptions
Gadget order,Marketplace 451,5793.0,Shopping (Clothes / Electronics)
OGT/8516680d-781f-43b8- b981-4e968ad5 PK,External Transfer,130.0,Transfers
OGT/6de87970-375f-4d88- a89e-ebacecfc PK,External Transfer,250.0,Transfers
Gym membership #8061,Gym 8061,1106.0,Entertainment & Recreation
Internet bill payment #3971,ISP 3971,10492.0,Utilities & Services
Exam fee,Service Provider 477,43618.0,Education / Tuition
OGT/e3881d5d-0dec-4bf9- 80af-e4f7b329 PK,External Transfer,100.0,Transfers
Clothing purchase #2852,Clothing Store 2852,21579.0,Shopping & Retail
Travel agency payment,Service Provider 144,18031.0,Travel (Flights / Hotels)
Hospital charges #2185,Hospital 2185,30187.0,Healthcare & Medical
Online shopping #6559,E-commerce 6559,34562.0,Shopping & Retail
Concert entry,Online Merchant 381,45380.0,Entertainment (Movies / Games / Events)
Clothing purchase #2816,Clothing Store 2816,20012.0,Shopping & Retail
Fundraiser contribution #5660,Fundraiser 5660,39821.0,Charity & Donations
Zakat contribution #3636,Charity 3636,51990.0,Charity & Donations
Transit card recharge,Local Shop 228,49834.0,Public Transport
Traffic fine #1764,Government 1764,33104.0,Government & Legal
Coffee shop order,Marketplace 771,17032.0,Coffee & Snacks
Loan repayment #3749,Loan Provider 3749,56002.0,Financial Services
Tax payment #2828,Government 2828,162309.0,Government & Legal
Investment deposit #1225,Broker 1225,198501.0,Financial Services
Internet bill payment #4887,ISP 4887,9870.0,Utilities & Services
Online shopping #4677,E-commerce 4677,26769.0,Shopping & Retail
Clothing purchase #5968,Clothing Store 5968,19205.0,Shopping & Retail
Gift purchase,Local Shop 923,6288.0,Gifts & Celebrations
Gym membership #6146,Gym 6146,1779.0,Entertainment & Recreation
Mutual fund contribution,Online Merchant 730,43006.0,Savings / Investments
Court fee #8253,Legal Service 8253,23373.0,Government & Legal
Traffic fine #8800,Government 8800,43267.0,Government & Legal
Bonus credited #1467,Employer Bonus 1467,15140.0,Income
Bus fare #7887,Transit 7887,415.0,Transportation
Fashion store bill,Service Provider 583,3135.0,Shopping (Clothes / Electronics)
Gym membership #2115,Gym 2115,8748.0,Entertainment & Recreation
Online shopping #3733,E-commerce 3733,28332.0,Shopping & Retail
Raast Payment - YAHYA KHAN - SBP Raast,Yahya Khan,3700.0,Transfers
Internet bill,Local Shop 992,9247.0,Mobile & Internet
Freelance payment received #3402,Client Payment 3402,65570.0,Income
Travel agency payment,Service Provider 396,26446.0,Travel (Flights / Hotels)
ICT/7d27b4fd-3174-4a3a- 8365-08564cc7 PK,External Transfer,10000.0,Transfers
Electricity bill,Generic Store 981,4858.0,Electricity / Water / Gas
ICT/e1d6625d-6d30-4a62- a494-6805a3d5 PK,External Transfer,160.0,Transfers
Hotel reservation,Marketplace 933,14022.0,Travel (Flights / Hotels)
Home supplies #5763,Retail Store 5763,6763.0,Shopping & Retail
CWD/PAK AUSTRIA PAK AUSTRIA HARIPUR PK,Pak Austria Pak Austria Haripur Pk,1000.0,Cash Withdrawal
Doctor consultation #7525,Clinic 7525,10058.0,Healthcare & Medical
Bus fare,Marketplace 778,5260.0,Public Transport
Insurance premium,Marketplace 884,10677.0,Insurance
Investment deposit #7464,Broker 7464,178485.0,Financial Services
Tax payment #9235,Government 9235,119954.0,Government & Legal
Loan repayment #8251,Loan Provider 8251,45479.0,Financial Services
Water bill payment #1160,Water Utility 1160,5466.0,Utilities & Services
Traffic fine #1554,Government 1554,11232.0,Government & Legal
Diesel top-up,Online Merchant 528,44253.0,Fuel / Gas
Gym membership #4407,Gym 4407,13775.0,Entertainment & Recreation
Water bill payment #8639,Water Utility 8639,2079.0,Utilities & Services
License fee #9978,Government 9978,23883.0,Government & Legal
Mobile package,Local Shop 663,42528.0,Mobile & Internet
Electronics purchase #2152,Electronics Store 2152,56950.0,Shopping & Retail
Ride payment #9496,Ride-hailing 9496,726.0,Transportation
Birthday celebration expense,Marketplace 923,20445.0,Gifts & Celebrations
Electricity bill payment #5441,Electric Company 5441,8704.0,Utilities & Services
OGT/67830c3b-31bc-41a8- 969a-cd8f98b0 PK,External Transfer,70.0,Transfers
Food delivery #9800,Delivery Service 9800,2154.0,Food & Dining
PUR/Google One 5 New Street Square London EC4A 3TW GB GBR,Google One,491.01,Subscriptions
Ride payment #9341,Ride-hailing 9341,6933.0,Transportation
Doctor consultation #9812,Clinic 9812,3550.0,Healthcare & Medical
Concert entry,Generic Store 824,42385.0,Entertainment (Movies / Games / Events)
Doctor consultation #7673,Clinic 7673,12346.0,Healthcare & Medical
Restaurant bill #7070,Restaurant 7070,7192.0,Food & Dining
Bank charges #6477,Bank 6477,1851.0,Financial Services
Trip expenses,Service Provider 442,24764.0,Travel (Flights / Hotels)
OGT/003e1b74-bb60-430d- bcfa-53f6455d PK,External Transfer,630.0,Transfers
Tax payment #1515,Government 1515,160923.0,Government & Legal
RAAST P2P MUHAMMAD QASIM K,Muhammad Qasim K,200.0,Transfers
Hospital charges #9213,Hospital 9213,33420.0,Healthcare & Medical
Bus fare #1991,Transit 1991,379.0,Transportation
Car service,Local Shop 672,20686.0,Car Maintenance
Netflix.com Los Gatos SGP,Netflix,360.33,Subscriptions
Donation #4388,Charity 4388,2026.0,Charity & Donations
Grocery shopping,Online Merchant 894,23000.0,Groceries
Tire replacement,Local Shop 110,43665.0,Car Maintenance
ICT/948e1810-5ebe-4bd3- b559-3c366c4a PK,External Transfer,240.0,Transfers
Grocery shopping #6850,Grocery Store 6850,2220.0,Food & Dining
Internet bill payment #4985,ISP 4985,10286.0,Utilities & Services
Clothing purchase #5551,Clothing Store 5551,9549.0,Shopping & Retail
Event booking #2673,Ticketing 2673,5545.0,Entertainment & Recreation
Event booking #3909,Ticketing 3909,5582.0,Entertainment & Recreation
Ride payment #1335,Ride-hailing 1335,5463.0,Transportation
Car insurance payment,Local Shop 338,48313.0,Insurance
Ride-share trip,Service Provider 269,16913.0,Ride Sharing / Taxi
Gas bill payment,Local Shop 857,28172.0,Electricity / Water / Gas
Broadband payment,Generic Store 735,6430.0,Mobile & Internet
Freelance payment received #7825,Client Payment 7825,6464.0,Income
Trip expenses,Service Provider 387,15028.0,Travel (Flights / Hotels)
Freelance payment received #8708,Client Payment 8708,39740.0,Income
Coffee purchase,Generic Store 132,47006.0,Coffee & Snacks
Coffee shop order,Marketplace 319,10686.0,Coffee & Snacks
Gym membership #7421,Gym 7421,6822.0,Entertainment & Recreation
Bonus credited #6684,Employer Bonus 6684,31292.0,Income
Clothes shopping,Online Merchant 355,48217.0,Shopping (Clothes / Electronics)
Netflix.com Los Gatos SGP,Netflix,268.47,Subscriptions
Movie tickets #5174,Cinema 5174,3723.0,Entertainment & Recreation
Fundraiser contribution #3296,Fundraiser 3296,34117.0,Charity & Donations
Fresh produce purchase,Marketplace 950,4596.0,Groceries
Supermarket groceries,Online Merchant 381,7964.0,Groceries
ICT/b41b3921-3712-4400- bda5-9b93eceb PK,External Transfer,200.0,Transfers
Coffee purchase #4882,Cafe 4882,416.0,Food & Dining
Fuel refill,Service Provider 206,48835.0,Fuel / Gas
Tuition fee payment,Local Shop 990,1743.0,Education / Tuition
Movie tickets #1708,Cinema 1708,4185.0,Entertainment & Recreation
RAAST P2P SYED MUHAMMAD AM,Syed Muhammad Am,350.0,Transfers
Restaurant bill #1159,Restaurant 1159,6791.0,Food & Dining
Hospital charges #9936,Hospital 9936,45162.0,Healthcare & Medical
Internet bill payment #6745,ISP 6745,4959.0,Utilities & Services
Zakat contribution #5221,Charity 5221,51436.0,Charity & Donations
Donation #9680,Charity 9680,19573.0,Charity & Donations
Court fee #3309,Legal Service 3309,42512.0,Government & Legal
Petrol purchase,Marketplace 640,18664.0,Fuel / Gas
Electricity bill,Service Provider 134,18889.0,Electricity / Water / Gas
Gas bill payment,Service Provider 634,23421.0,Electricity / Water / Gas
Movie tickets #8742,Cinema 8742,1032.0,Entertainment & Recreation
Food delivery #2817,Delivery Service 2817,2300.0,Food & Dining
Streaming subscription #5033,Streaming Service 5033,2080.0,Entertainment & Recreation
Food court meal,Local Shop 477,44380.0,Restaurants / Eating Out
Food delivery #7705,Delivery Service 7705,3377.0,Food & Dining
Electronics purchase #6521,Electronics Store 6521,57110.0,Shopping & Retail
Metro ticket,Local Shop 673,49109.0,Public Transport
Fundraiser contribution #9963,Fundraiser 9963,23412.0,Charity & Donations
Salary credited #9122,Employer Payroll 9122,128345.0,Income
Food court meal,Local Shop 896,6500.0,Restaurants / Eating Out
Electronics purchase,Local Shop 353,16183.0,Shopping (Clothes / Electronics)
Freelance payment received #8659,Client Payment 8659,64449.0,Income
Refund received #5280,Merchant Refund 5280,13792.0,Income
Vehicle maintenance #7636,Auto Service 7636,10026.0,Transportation
Coffee purchase #5855,Cafe 5855,1154.0,Food & Dining
Restaurant bill,Service Provider 107,43286.0,Restaurants / Eating Out
Court fee #9630,Legal Service 9630,4693.0,Government & Legal
Doctor consultation #6478,Clinic 6478,5547.0,Healthcare & Medical
Gas station payment,Local Shop 147,11412.0,Fuel / Gas
Metro ticket,Generic Store 546,10821.0,Public Transport
Clothing purchase #8399,Clothing Store 8399,20127.0,Shopping & Retail
Mobile top-up #6795,Telecom 6795,2764.0,Utilities & Services
Tire replacement,Marketplace 892,3979.0,Car Maintenance
Apartment rent,Local Shop 435,44326.0,Housing / Rent
Home supplies #2910,Retail Store 2910,486.0,Shopping & Retail
ICT/db5d8d84-6a53-4155- 801d-9da4de5e PK,External Transfer,5120.0,Transfers
Doctor consultation #2946,Clinic 2946,4798.0,Healthcare & Medical
Refund received #2571,Merchant Refund 2571,4057.0,Income
Netflix.com Los Gatos SGP,Netflix,307.08,Subscriptions
Clothing purchase #7055,Clothing Store 7055,4768.0,Shopping & Retail
Gaming purchase,Local Shop 868,15640.0,Entertainment (Movies / Games / Events)
License fee #7142,Government 7142,17984.0,Government & Legal
Lunch outing,Generic Store 605,16040.0,Restaurants / Eating Out
Gas station payment,Marketplace 918,37103.0,Fuel / Gas
School fee,Local Shop 179,18574.0,Education / Tuition
Fundraiser contribution #3883,Fundraiser 3883,17055.0,Charity & Donations
Investment deposit #5435,Broker 5435,106073.0,Financial Services
OGT/954258ec-4f00-40a9- 95d3-722a25ab PK,External Transfer,7000.0,Transfers
Ride payment #9586,Ride-hailing 9586,3698.0,Transportation
Vehicle maintenance,Generic Store 356,25622.0,Car Maintenance
Zakat contribution #5625,Charity 5625,111167.0,Charity & Donations
House rent transfer,Online Merchant 790,41629.0,Housing / Rent
Clothing purchase #7014,Clothing Store 7014,15853.0,Shopping & Retail
Court fee #7915,Legal Service 7915,63472.0,Government & Legal
Tax payment #9575,Government 9575,47091.0,Government & Legal
Coffee purchase #4131,Cafe 4131,858.0,Food & Dining
Bus fare #7310,Transit 7310,128.0,Transportation
Food court meal,Online Merchant 796,20456.0,Restaurants / Eating Out
Streaming subscription #1307,Streaming Service 1307,660.0,Entertainment & Recreation
Court fee #2900,Legal Service 2900,34296.0,Government & Legal
Gym membership #3329,Gym 3329,14636.0,Entertainment & Recreation
Monthly rent payment,Generic Store 768,34184.0,Housing / Rent
Vehicle maintenance #8913,Auto Service 8913,30814.0,Transportation
Birthday celebration expense,Online Merchant 929,32212.0,Gifts & Celebrations
Tax payment #7339,Government 7339,150152.0,Government & Legal
Raast Payment - PK32JCMA0010103105452638,Pk32Jcma0010103105452638,120.0,Transfers
Prescription refill,Marketplace 787,15492.0,Medical / Pharmacy
Bank charges #6780,Bank 6780,1572.0,Financial Services
Fuel purchase #7761,Petrol Pump 7761,11098.0,Transportation
ICT/d6782547-bdc8-4b5c- a7b9-263fa697 PK,External Transfer,13581.0,Transfers
Coffee shop order,Service Provider 878,43073.0,Coffee & Snacks
Movie tickets #1834,Cinema 1834,388.0,Entertainment & Recreation
Loan repayment #9035,Loan Provider 9035,41903.0,Financial Services
Monthly streaming fee,Service Provider 611,35235.0,Subscriptions (Streaming / Apps)
Electronics purchase #6210,Electronics Store 6210,110638.0,Shopping & Retail
Coffee purchase #7403,Cafe 7403,1317.0,Food & Dining
Cab booking,Marketplace 893,2028.0,Ride Sharing / Taxi
Streaming subscription #4727,Streaming Service 4727,2943.0,Entertainment & Recreation
Anniversary gift,Marketplace 141,17163.0,Gifts & Celebrations
Fundraiser contribution #4027,Fundraiser 4027,9983.0,Charity & Donations
Mobile top-up #1521,Telecom 1521,3759.0,Utilities & Services
OGT/3a7c8e7b-8bbb-4490- bc14-f6706411 PK,External Transfer,50.0,Transfers
Card fee #8826,Bank 8826,1364.0,Financial Services
Doctor consultation #8363,Clinic 8363,2567.0,Healthcare & Medical
OGT/485a03e4-6b14-4fd8- 85b4-a37e6cd6 PK,External Transfer,5040.0,Transfers
ICT/b4d79bca-0776-42d3- 8e95-3509360e PK,External Transfer,300.0,Transfers
Home essentials,Generic Store 747,21601.0,Home Supplies / Household Items
Course enrollment,Online Merchant 851,17813.0,Education / Tuition
Traffic fine #4432,Government 4432,17648.0,Government & Legal
Home supplies #5191,Retail Store 5191,4300.0,Shopping & Retail
Coffee purchase #2008,Cafe 2008,541.0,Food & Dining
Ride-share trip,Service Provider 692,23749.0,Ride Sharing / Taxi
Electricity bill,Online Merchant 910,27035.0,Electricity / Water / Gas
Vehicle maintenance #8651,Auto Service 8651,3704.0,Transportation
Donation #3171,Charity 3171,37300.0,Charity & Donations
Home supplies #5810,Retail Store 5810,4328.0,Shopping & Retail
Internet bill payment #2350,ISP 2350,10385.0,Utilities & Services
Tax payment #2980,Government 2980,296035.0,Government & Legal
Restaurant bill #3501,Restaurant 3501,5162.0,Food & Dining
Transit card recharge,Local Shop 560,23949.0,Public Transport
Event booking #6256,Ticketing 6256,6415.0,Entertainment & Recreation
License fee #6603,Government 6603,25672.0,Government & Legal
Internet bill payment #9218,ISP 9218,13860.0,Utilities & Services
Freelance payment received #5101,Client Payment 5101,14568.0,Income
OGT/e60bf19c-0753-4449- 8594-8602423d PK,External Transfer,95.0,Transfers
Investment deposit #3248,Broker 3248,166246.0,Financial Services
Mutual fund contribution,Service Provider 258,16677.0,Savings / Investments
Fundraiser contribution #4455,Fundraiser 4455,6393.0,Charity & Donations
Streaming subscription #9828,Streaming Service 9828,2955.0,Entertainment & Recreation
NETFLIX.COM Singapore SGP,Netflix,287.71,Subscriptions
Court fee #8131,Legal Service 8131,47177.0,Government & Legal
Gas bill payment,Online Merchant 996,13714.0,Electricity / Water / Gas
Doctor consultation #8371,Clinic 8371,7094.0,Healthcare & Medical
Investment deposit #5746,Broker 5746,169005.0,Financial Services
Savings transfer,Service Provider 299,28776.0,Savings / Investments
Food delivery #3666,Delivery Service 3666,3938.0,Food & Dining
Freelance payment received #4428,Client Payment 4428,17466.0,Income
Anniversary gift,Marketplace 778,10671.0,Gifts & Celebrations
Electronics purchase #2928,Electronics Store 2928,111848.0,Shopping & Retail
Donation #2342,Charity 2342,43629.0,Charity & Donations
Card fee #1109,Bank 1109,636.0,Financial Services
Refund received #8679,Merchant Refund 8679,19855.0,Income
OGT/8a69b1a7-2f4d-4d1e- 8658-85f9a2a6 PK,External Transfer,3060.0,Transfers
Coffee shop order,Service Provider 455,8084.0,Coffee & Snacks
Electronics purchase #2936,Electronics Store 2936,41466.0,Shopping & Retail
Water bill payment #4869,Water Utility 4869,351.0,Utilities & Services
OGT/cde323a4-5198-4bf2- 9dbf-803a1cc0 PK,External Transfer,740.0,Transfers
Movie tickets,Marketplace 774,24079.0,Entertainment (Movies / Games / Events)
Online shopping #7724,E-commerce 7724,4801.0,Shopping & Retail
Event booking #9339,Ticketing 9339,9811.0,Entertainment & Recreation
Tire replacement,Service Provider 997,36902.0,Car Maintenance
Bonus credited #2262,Employer Bonus 2262,73716.0,Income
Donation #3318,Charity 3318,30983.0,Charity & Donations
Salary credited #1977,Employer Payroll 1977,99452.0,Income
Savings transfer,Local Shop 319,26108.0,Savings / Investments
OGT/9d68c518-7422-44c3- b189-f23f0561 PK,External Transfer,360.0,Transfers
OGT/fa38752a-0ac9-438a- bf6b-1c4a2085 PK,External Transfer,4000.0,Transfers
Transit card recharge,Marketplace 253,40087.0,Public Transport
Gym membership #8913,Gym 8913,1675.0,Entertainment & Recreation
Water utility bill,Generic Store 879,36932.0,Electricity / Water / Gas
OGT/ab770017-a422-405c- a4ee-25eef411 PK,External Transfer,2020.0,Transfers
Zakat contribution #6592,Charity 6592,150150.0,Charity & Donations
PUR/APPLE.COM/BILL Hollyhill Estate CORK UNKNOWN IR IRL,Apple.Com/Bill Hollyhill Estate Cork Unknown Ir Irl,252.66,Bills
Travel agency payment,Marketplace 595,2163.0,Travel (Flights / Hotels)
Gym membership #1842,Gym 1842,10684.0,Entertainment & Recreation
Gift purchase,Generic Store 698,21001.0,Gifts & Celebrations
Court fee #1704,Legal Service 1704,62026.0,Government & Legal
Flight booking,Local Shop 565,40498.0,Travel (Flights / Hotels)
OGT/337da005-6b3f-4753- a4c8-c37a6577 PK,External Transfer,1300.0,Transfers
Doctor consultation #6873,Clinic 6873,12049.0,Healthcare & Medical
Electricity bill payment #5314,Electric Company 5314,11164.0,Utilities & Services
Fashion store bill,Service Provider 553,3884.0,Shopping (Clothes / Electronics)
OGT/11f32b21-bdfe-48dc- 9bc5-86bdb004 PK,External Transfer,200.0,Transfers
Ride payment #1386,Ride-hailing 1386,1720.0,Transportation
Food delivery #8976,Delivery Service 8976,3482.0,Food & Dining
Tuition fee payment,Online Merchant 277,18883.0,Education / Tuition
Electricity bill payment #2527,Electric Company 2527,2171.0,Utilities & Services
Card fee #1726,Bank 1726,207.0,Financial Services
Supermarket groceries,Online Merchant 823,27696.0,Groceries
Donation #7111,Charity 7111,33779.0,Charity & Donations
Loan repayment #8372,Loan Provider 8372,73775.0,Financial Services
Fashion store bill,Service Provider 813,22116.0,Shopping (Clothes / Electronics)
Fashion store bill,Online Merchant 216,309.0,Shopping (Clothes / Electronics)
Policy renewal,Marketplace 160,1425.0,Insurance
Fuel purchase #7483,Petrol Pump 7483,9493.0,Transportation
Household supplies,Service Provider 185,42350.0,Home Supplies / Household Items
Clothes shopping,Marketplace 547,26848.0,Shopping (Clothes / Electronics)
Hospital charges #9593,Hospital 9593,3847.0,Healthcare & Medical
Electricity bill payment #7804,Electric Company 7804,4331.0,Utilities & Services
Streaming subscription #4745,Streaming Service 4745,2291.0,Entertainment & Recreation
Pharmacy purchase #3739,Pharmacy 3739,7542.0,Healthcare & Medical
CWD/PAK AUSTRIA PAK AUSTRIA HARIPUR PK,Pak Austria Pak Austria Haripur Pk,1023.44,Cash Withdrawal
Food court meal,Generic Store 145,42614.0,Restaurants / Eating Out
Food delivery #8055,Delivery Service 8055,3395.0,Food & Dining
Home supplies #9538,Retail Store 9538,12610.0,Shopping & Retail
Fundraiser contribution #1751,Fundraiser 1751,13398.0,Charity & Donations
RAAST P2P HUZAIFA ZAREEN,Huzaifa Zareen,15000.0,Transfers
Event booking,Local Shop 683,21826.0,Entertainment (Movies / Games / Events)
Hospital charges #1864,Hospital 1864,73427.0,Healthcare & Medical
Zakat contribution #1486,Charity 1486,122131.0,Charity & Donations
Bus fare,Generic Store 104,41751.0,Public Transport
Mobile top-up #8755,Telecom 8755,3731.0,Utilities & Services
Tax payment #7505,Government 7505,164718.0,Government & Legal
Weekly groceries,Marketplace 812,42571.0,Groceries
Metro ticket,Local Shop 522,6489.0,Public Transport
ICT/9eec687c-36fd-4207- 8fd4-40dbf89a PK,External Transfer,1000.0,Transfers
Card fee #4618,Bank 4618,321.0,Financial Services
Internet bill payment #4169,ISP 4169,2019.0,Utilities & Services
Medicine bill,Generic Store 920,18993.0,Medical / Pharmacy
Donation #8944,Charity 8944,8312.0,Charity & Donations
Fuel purchase #5940,Petrol Pump 5940,14498.0,Transportation
Supermarket groceries,Online Merchant 341,11909.0,Groceries
OGT/d6d676c3-80bb-4f4f- 80ac-821ebbbc PK,External Transfer,80.0,Transfers
Fundraiser contribution #1996,Fundraiser 1996,26800.0,Charity & Donations
Home supplies #8018,Retail Store 8018,11494.0,Shopping & Retail
Restaurant bill #5223,Restaurant 5223,5913.0,Food & Dining
Diesel top-up,Local Shop 648,37301.0,Fuel / Gas
Pharmacy purchase #6343,Pharmacy 6343,1354.0,Healthcare & Medical
Investment deposit,Generic Store 839,7884.0,Savings / Investments
Car insurance payment,Generic Store 375,29799.0,Insurance
Grocery shopping,Generic Store 684,31203.0,Groceries
OGT/b49a1200-d75b-4bc8- a6eb-006138dd PK,External Transfer,200.0,Transfers
Food delivery #4049,Delivery Service 4049,348.0,Food & Dining
Fashion store bill,Marketplace 923,30167.0,Shopping (Clothes / Electronics)
Cafe snack,Service Provider 397,12418.0,Coffee & Snacks
Fundraiser contribution #4733,Fundraiser 4733,20861.0,Charity & Donations
Internet bill,Online Merchant 649,2378.0,Mobile & Internet
Electricity bill payment #3212,Electric Company 3212,2252.0,Utilities & Services
Coffee purchase #8956,Cafe 8956,446.0,Food & Dining
Ride payment #6010,Ride-hailing 6010,5388.0,Transportation
Loan repayment #8524,Loan Provider 8524,23672.0,Financial Services
Monthly rent payment,Marketplace 901,7748.0,Housing / Rent
Ride payment #9180,Ride-hailing 9180,3547.0,Transportation
Gym membership #4409,Gym 4409,1235.0,Entertainment & Recreation
Tax payment #6401,Government 6401,71572.0,Government & Legal
ICT/83649b1d-a439-4d7f- bb04-6dadc26c PK,External Transfer,350.0,Transfers
Loan repayment #2751,Loan Provider 2751,58047.0,Financial Services
License fee #4368,Government 4368,5418.0,Government & Legal
Fuel purchase #9878,Petrol Pump 9878,4811.0,Transportation
Water bill payment #3412,Water Utility 3412,7566.0,Utilities & Services
Ride service fare,Local Shop 297,45901.0,Ride Sharing / Taxi
Ride payment #3416,Ride-hailing 3416,1313.0,Transportation
School fee,Generic Store 835,14840.0,Education / Tuition
Fundraiser contribution #3991,Fundraiser 3991,45942.0,Charity & Donations
Zakat contribution #2459,Charity 2459,130367.0,Charity & Donations
Pharmacy purchase #3334,Pharmacy 3334,3747.0,Healthcare & Medical
Pharmacy purchase #6415,Pharmacy 6415,279.0,Healthcare & Medical
Gas station payment,Service Provider 281,25258.0,Fuel / Gas
Electronics purchase #5675,Electronics Store 5675,64198.0,Shopping & Retail
Metro ticket,Marketplace 177,28885.0,Public Transport
Cafe snack,Local Shop 656,22945.0,Coffee & Snacks
Doctor consultation #9212,Clinic 9212,14762.0,Healthcare & Medical
Refund received #3303,Merchant Refund 3303,18130.0,Income
Exam fee,Online Merchant 755,46127.0,Education / Tuition
Grocery shopping #3718,Grocery Store 3718,14662.0,Food & Dining
App subscription renewal,Service Provider 256,33381.0,Subscriptions (Streaming / Apps)
Doctor consultation #6595,Clinic 6595,2898.0,Healthcare & Medical
Movie tickets #2274,Cinema 2274,1629.0,Entertainment & Recreation
Pharmacy purchase #9939,Pharmacy 9939,4511.0,Healthcare & Medical
Home supplies #3436,Retail Store 3436,15166.0,Shopping & Retail
Fresh produce purchase,Generic Store 113,45540.0,Groceries
ICT/6546109b-98d1-4bed- 87b1-d209f782 PK,External Transfer,500.0,Transfers
Streaming subscription #5635,Streaming Service 5635,2008.0,Entertainment & Recreation
Internet bill payment #1316,ISP 1316,4209.0,Utilities & Services
Investment deposit #7700,Broker 7700,79306.0,Financial Services
Ride payment #1811,Ride-hailing 1811,496.0,Transportation
Donation #7066,Charity 7066,26331.0,Charity & Donations
Oil change,Generic Store 225,41238.0,Car Maintenance
"CWD/MAIN BAZAR, CHAKDARA MAIN BAZAR, CHAKDARA MARDAN","Main Bazar, Chakdara Main Bazar, Chakdara Mardan",3523.44,Cash Withdrawal
Car service,Online Merchant 689,44599.0,Car Maintenance
Traffic fine #7385,Government 7385,28264.0,Government & Legal
Refund received #2257,Merchant Refund 2257,1410.0,Income
Fuel refill,Marketplace 787,11735.0,Fuel / Gas
Gift purchase,Local Shop 821,22666.0,Gifts & Celebrations
Traffic fine #9349,Government 9349,34469.0,Government & Legal
Loan repayment #7285,Loan Provider 7285,41185.0,Financial Services
Utility charges,Generic Store 966,47192.0,Electricity / Water / Gas
Internet bill payment #3768,ISP 3768,3494.0,Utilities & Services
Grocery shopping #8126,Grocery Store 8126,3909.0,Food & Dining
Salary credited #7301,Employer Payroll 7301,168548.0,Income
Mobile package,Online Merchant 124,3715.0,Mobile & Internet
OGT/62f09646-4e27-4ce1- a781-a1d1c51c PK,External Transfer,100.0,Transfers
ICT/8f127c19-05fd-4ddc- bf45-49d25b32 PK,External Transfer,1440.0,Transfers
Hospital charges #7756,Hospital 7756,6219.0,Healthcare & Medical
Restaurant bill,Service Provider 577,1577.0,Restaurants / Eating Out
Movie tickets #1529,Cinema 1529,1523.0,Entertainment & Recreation
Bus fare,Marketplace 567,25373.0,Public Transport
OGT/0da8a6c8-3c92-4395- 95f3-df964303 PK,External Transfer,250.0,Transfers
ICT/ceb6a7bd-094e-40bc- 9ae5-901e95b2 PK,External Transfer,300.0,Transfers
Traffic fine #8903,Government 8903,39252.0,Government & Legal
Service subscription,Local Shop 592,35029.0,Subscriptions (Streaming / Apps)
OGT/5597a421-acf2-4294- 971e-48c4b869 PK,External Transfer,1650.0,Transfers
OGT/d07af4cf-3920-4d08- 8091-1a91a5b9 PK,External Transfer,110.0,Transfers
Salary credited #2061,Employer Payroll 2061,105370.0,Income
Exam fee,Service Provider 728,26096.0,Education / Tuition
Bank charges #3566,Bank 3566,685.0,Financial Services
Tax payment #9320,Government 9320,252022.0,Government & Legal
ICT/cbbaf7df-42c0-4e7e- ac3a-e8d739e1 PK,External Transfer,300.0,Transfers
Restaurant bill #9372,Restaurant 9372,3188.0,Food & Dining
Home essentials,Local Shop 658,39241.0,Home Supplies / Household Items
Data recharge,Marketplace 931,33374.0,Mobile & Internet
Metro ticket,Service Provider 534,22887.0,Public Transport
Diesel top-up,Generic Store 988,22536.0,Fuel / Gas
Fuel purchase #3303,Petrol Pump 3303,6968.0,Transportation
RAAST P2P BABU AKHLAQ TUCK,Babu Akhlaq Tuck,30.0,Transfers
Loan repayment #7955,Loan Provider 7955,25607.0,Financial Services
Anniversary gift,Online Merchant 863,43510.0,Gifts & Celebrations
OGT/18e7fa24-e21c-4d58- a2da-85d7e592 PK,External Transfer,95.0,Transfers
Internet bill payment #5756,ISP 5756,5997.0,Utilities & Services
Electricity bill,Service Provider 759,47202.0,Electricity / Water / Gas
Internet bill payment #3277,ISP 3277,10643.0,Utilities & Services
Bank Transfer - YAHYA KHAN - 04450010146803660012,Yahya Khan,30.99,Transfers
Fundraiser contribution #7968,Fundraiser 7968,19954.0,Charity & Donations
Exam fee,Service Provider 709,5858.0,Education / Tuition
Clothing purchase #1316,Clothing Store 1316,2625.0,Shopping & Retail
Hospital charges #2770,Hospital 2770,7279.0,Healthcare & Medical
Health insurance,Local Shop 898,35595.0,Insurance
Bank Transfer - YAHYA KHAN - 04450010146803660012,Yahya Khan,319.54,Transfers
OGT/cff19fe0-9e38-4a2e- a798-17add7b2 PK,External Transfer,350.0,Transfers
Movie tickets #3712,Cinema 3712,3622.0,Entertainment & Recreation
Electronics purchase,Service Provider 589,27068.0,Shopping (Clothes / Electronics)
Card fee #9920,Bank 9920,335.0,Financial Services
Monthly streaming fee,Service Provider 109,32961.0,Subscriptions (Streaming / Apps)
Supermarket groceries,Service Provider 328,31856.0,Groceries
Course enrollment,Marketplace 611,47538.0,Education / Tuition
Household supplies,Generic Store 190,28160.0,Home Supplies / Household Items
RAAST P2P SYED MUHAMMAD HU,Syed Muhammad Hu,640.0,Transfers
Household supplies,Online Merchant 962,31621.0,Home Supplies / Household Items
Mutual fund contribution,Marketplace 741,39640.0,Savings / Investments
Insurance premium,Marketplace 745,43975.0,Insurance
Fundraiser contribution #7379,Fundraiser 7379,14038.0,Charity & Donations
Service subscription,Marketplace 484,41098.0,Subscriptions (Streaming / Apps)
Monthly streaming fee,Marketplace 144,43911.0,Subscriptions (Streaming / Apps)
Pharmacy purchase #5208,Pharmacy 5208,4133.0,Healthcare & Medical
Home supplies #5172,Retail Store 5172,10278.0,Shopping & Retail
Hospital charges #4673,Hospital 4673,56329.0,Healthcare & Medical
Event booking,Service Provider 193,45749.0,Entertainment (Movies / Games / Events)
Ride-share trip,Online Merchant 278,18759.0,Ride Sharing / Taxi
Monthly streaming fee,Local Shop 657,3295.0,Subscriptions (Streaming / Apps)
Mutual fund contribution,Online Merchant 675,49985.0,Savings / Investments
Bank charges #3246,Bank 3246,636.0,Financial Services
Metro ticket,Marketplace 472,48723.0,Public Transport
Doctor consultation #2780,Clinic 2780,12173.0,Healthcare & Medical
Tax payment #4723,Government 4723,235428.0,Government & Legal
Coffee purchase #1048,Cafe 1048,157.0,Food & Dining
Bus fare #1512,Transit 1512,434.0,Transportation
Home supplies #2930,Retail Store 2930,17307.0,Shopping & Retail
Service subscription,Generic Store 170,39613.0,Subscriptions (Streaming / Apps)
OGT/01054e9e-b1dd-493e- 993a-8f5626cc PK,External Transfer,5920.0,Transfers
Internet bill payment #5757,ISP 5757,14406.0,Utilities & Services
Pharmacy purchase,Local Shop 357,22790.0,Medical / Pharmacy
Fuel purchase #1777,Petrol Pump 1777,10325.0,Transportation
Monthly rent payment,Local Shop 807,2176.0,Housing / Rent
RAAST P2P MUHAMMAD KASHIF,Muhammad Kashif,130.0,Transfers
Hospital charges #1626,Hospital 1626,51348.0,Healthcare & Medical
Fuel purchase #7259,Petrol Pump 7259,4686.0,Transportation
Party supplies,Service Provider 563,42973.0,Gifts & Celebrations
Streaming subscription #5505,Streaming Service 5505,375.0,Entertainment & Recreation
ICT/2d893263-c289-487b- 8482-7030e2f6 PK,External Transfer,1000.0,Transfers
ICT/8889541c-7b95-4ed5- 8a09-b2a34aa4 PK,External Transfer,250.0,Transfers
OGT/64af0da1-03b3-4ac5- b51f-b6df8db0 PK,External Transfer,205.0,Transfers
Loan repayment #2533,Loan Provider 2533,28838.0,Financial Services
Card fee #9978,Bank 9978,601.0,Financial Services
Lab test payment #6472,Diagnostic Lab 6472,22954.0,Healthcare & Medical
Refund received #3577,Merchant Refund 3577,10516.0,Income
Investment deposit #4008,Broker 4008,173543.0,Financial Services
ICT/e4982437-b166-4b77- 8e48-b27ef994 PK,External Transfer,210.0,Transfers
Water bill payment #5213,Water Utility 5213,4316.0,Utilities & Services
Mobile top-up #2215,Telecom 2215,1450.0,Utilities & Services
Donation #1410,Charity 1410,30602.0,Charity & Donations
Hospital charges #2070,Hospital 2070,31650.0,Healthcare & Medical
Bank charges #5179,Bank 5179,521.0,Financial Services
Pharmacy purchase #8149,Pharmacy 8149,645.0,Healthcare & Medical
Food delivery #6582,Delivery Service 6582,4876.0,Food & Dining
Vehicle maintenance #3862,Auto Service 3862,43165.0,Transportation
Salary credited #1867,Employer Payroll 1867,47435.0,Income
Trip expenses,Marketplace 183,10658.0,Travel (Flights / Hotels)
Electronics purchase,Online Merchant 289,16773.0,Shopping (Clothes / Electronics)
Online shopping #5279,E-commerce 5279,11529.0,Shopping & Retail
Pharmacy purchase #9993,Pharmacy 9993,385.0,Healthcare & Medical
OGT/3e488859-390f-470a- bcc7-290b01aa PK,External Transfer,720.0,Transfers
Investment deposit #2511,Broker 2511,86252.0,Financial Services
Traffic fine #5828,Government 5828,12599.0,Government & Legal
Fuel purchase #7110,Petrol Pump 7110,799.0,Transportation
Donation #4896,Charity 4896,19098.0,Charity & Donations
Doctor consultation #3235,Clinic 3235,10939.0,Healthcare & Medical
Zakat contribution #1518,Charity 1518,118793.0,Charity & Donations
Internet bill payment #6729,ISP 6729,8848.0,Utilities & Services
Fundraiser contribution #2997,Fundraiser 2997,12088.0,Charity & Donations
Ride payment #8288,Ride-hailing 8288,3549.0,Transportation
Online shopping #3574,E-commerce 3574,20687.0,Shopping & Retail
CWD/PAK AUSTRIA PAK AUSTRIA HARIPUR PK,Pak Austria Pak Austria Haripur Pk,500.0,Cash Withdrawal
Insurance premium,Online Merchant 256,5149.0,Insurance
Lab test payment #7674,Diagnostic Lab 7674,2948.0,Healthcare & Medical
Investment deposit #6773,Broker 6773,38659.0,Financial Services
Restaurant bill #9265,Restaurant 9265,6332.0,Food & Dining
Food delivery #1604,Delivery Service 1604,769.0,Food & Dining
Gaming purchase,Local Shop 674,23031.0,Entertainment (Movies / Games / Events)
Event booking #9887,Ticketing 9887,2291.0,Entertainment & Recreation
Donation #3202,Charity 3202,13947.0,Charity & Donations
Online shopping #1696,E-commerce 1696,29037.0,Shopping & Retail
Online shopping #4644,E-commerce 4644,8190.0,Shopping & Retail
Traffic fine #8291,Government 8291,36791.0,Government & Legal
Utility charges,Online Merchant 175,16131.0,Electricity / Water / Gas
Gym membership #3162,Gym 3162,11633.0,Entertainment & Recreation
Hospital charges #4310,Hospital 4310,26115.0,Healthcare & Medical
Travel agency payment,Online Merchant 797,8991.0,Travel (Flights / Hotels)
Freelance payment received #5985,Client Payment 5985,27663.0,Income
Donation #6856,Charity 6856,10070.0,Charity & Donations
Bus fare #4164,Transit 4164,332.0,Transportation
Doctor consultation #8182,Clinic 8182,12988.0,Healthcare & Medical
Insurance premium,Service Provider 195,3685.0,Insurance
Ride service fare,Generic Store 837,8145.0,Ride Sharing / Taxi
Clothing purchase #8803,Clothing Store 8803,1079.0,Shopping & Retail
Savings transfer,Generic Store 320,15429.0,Savings / Investments
RAAST P2P MUHAMMAD ASLAM,Muhammad Aslam,80.0,Transfers
Zakat contribution #7756,Charity 7756,151753.0,Charity & Donations
ICT/92d35529-0938-45c8- 9d59-3c669654 PK,External Transfer,2000.0,Transfers
Pharmacy purchase #4926,Pharmacy 4926,877.0,Healthcare & Medical
Fuel refill,Generic Store 564,5387.0,Fuel / Gas
Donation #2066,Charity 2066,46117.0,Charity & Donations
RAAST P2P MUHAMMAD ASLAM,Muhammad Aslam,1920.0,Transfers
Card fee #1098,Bank 1098,864.0,Financial Services
CWD/PAK AUSTRIA PAK AUSTRIA HARIPUR PK,Pak Austria Pak Austria Haripur Pk,500.0,Cash Withdrawal
Refund received #4362,Merchant Refund 4362,340.0,Income
Coffee purchase #2274,Cafe 2274,1029.0,Food & Dining
ICT/265b76eb-a7ab-4b42- a799-463a3aae PK,External Transfer,500.0,Transfers
Broadband payment,Generic Store 518,12332.0,Mobile & Internet
Freelance payment received #9322,Client Payment 9322,77022.0,Income
Mobile package,Generic Store 184,15800.0,Mobile & Internet
Streaming subscription #5522,Streaming Service 5522,2299.0,Entertainment & Recreation
Water bill payment #6750,Water Utility 6750,3606.0,Utilities & Services
Donation #4162,Charity 4162,11104.0,Charity & Donations
Service subscription,Online Merchant 728,12107.0,Subscriptions (Streaming / Apps)
Clinic visit,Online Merchant 351,21343.0,Medical / Pharmacy
Loan repayment #6455,Loan Provider 6455,2985.0,Financial Services
License fee #4112,Government 4112,2039.0,Government & Legal
Rent for Karachi flat,Local Shop 587,23727.0,Housing / Rent
Movie tickets #1382,Cinema 1382,4304.0,Entertainment & Recreation
Clinic visit,Online Merchant 217,14903.0,Medical / Pharmacy
Fundraiser contribution #5946,Fundraiser 5946,15869.0,Charity & Donations
Restaurant bill #5782,Restaurant 5782,10222.0,Food & Dining
RAAST P2P ATIF ULLAH KHAN,Atif Ullah Khan,420.0,Transfers
Exam fee,Service Provider 902,39032.0,Education / Tuition
Water bill payment #1844,Water Utility 1844,2454.0,Utilities & Services
Loan repayment #9101,Loan Provider 9101,13104.0,Financial Services
Salary credited #5300,Employer Payroll 5300,125396.0,Income
OGT/18ee46ab-c35f-4bbb- 8065-e6a54d76 PK,External Transfer,250.0,Transfers
App subscription renewal,Generic Store 191,40510.0,Subscriptions (Streaming / Apps)
Home supplies #7210,Retail Store 7210,8842.0,Shopping & Retail
Cab booking,Service Provider 346,6016.0,Ride Sharing / Taxi
ICT/b4662448-e41f-4160- a531-3ce4a680 PK,External Transfer,6000.0,Transfers
Grocery shopping #7916,Grocery Store 7916,8064.0,Food & Dining
Mobile top-up #2215,Telecom 2215,4632.0,Utilities & Services
Home supplies #9536,Retail Store 9536,9528.0,Shopping & Retail
ICT/2e04e3e1-acaf-41ab- 8715-3ba74f3e PK,External Transfer,70.0,Transfers
Utility charges,Marketplace 753,7387.0,Electricity / Water / Gas
Data recharge,Online Merchant 522,27465.0,Mobile & Internet
Bonus credited #7275,Employer Bonus 7275,13164.0,Income
Card fee #1965,Bank 1965,555.0,Financial Services
OGT/7bc46908-dceb-4f85- 815e-39820e11 PK,External Transfer,100.0,Transfers
Bus fare #7714,Transit 7714,187.0,Transportation
Exam fee,Service Provider 252,42332.0,Education / Tuition
Vehicle maintenance #4527,Auto Service 4527,17330.0,Transportation
Fuel purchase #8544,Petrol Pump 8544,1677.0,Transportation
Movie tickets #1846,Cinema 1846,2395.0,Entertainment & Recreation
Traffic fine #4335,Government 4335,7173.0,Government & Legal
Bus fare #3900,Transit 3900,249.0,Transportation
Streaming subscription #1213,Streaming Service 1213,1112.0,Entertainment & Recreation
Ride payment #8508,Ride-hailing 8508,4315.0,Transportation
PUR/Google One 5 New Street Square London EC4A 3TW GB GBR,Google One,491.01,Subscriptions
ICT/9caba537-9c2b-4333- aa92-b15de194 PK,External Transfer,240.0,Transfers
Donation #7989,Charity 7989,4777.0,Charity & Donations
OGT/e795d22f-b6a7-411a- bfa3-e3e3582f PK,External Transfer,500.0,Transfers
Grocery shopping #6430,Grocery Store 6430,14531.0,Food & Dining
ICT/61b6d268-682a-4c41- a506-31508aeb PK,External Transfer,900.0,Transfers
Doctor consultation #4822,Clinic 4822,3078.0,Healthcare & Medical
Utility charges,Generic Store 103,11750.0,Electricity / Water / Gas
Internet bill payment #2192,ISP 2192,936.0,Utilities & Services
Internet bill payment #9395,ISP 9395,6329.0,Utilities & Services
Streaming subscription #9300,Streaming Service 9300,2382.0,Entertainment & Recreation
Prescription refill,Local Shop 734,30659.0,Medical / Pharmacy
Cafe snack,Marketplace 490,18132.0,Coffee & Snacks
Traffic fine #6109,Government 6109,46857.0,Government & Legal
Water bill payment #8706,Water Utility 8706,6565.0,Utilities & Services
Event booking #8581,Ticketing 8581,12021.0,Entertainment & Recreation
Zakat contribution #9304,Charity 9304,81810.0,Charity & Donations
Electronics purchase,Local Shop 352,14694.0,Shopping (Clothes / Electronics)
Tire replacement,Generic Store 796,1958.0,Car Maintenance
ICT/b96ab028-e27a-41e8- 97aa-39e81f55 PK,External Transfer,100.0,Transfers
Car service,Service Provider 655,33770.0,Car Maintenance
Lunch outing,Local Shop 839,11995.0,Restaurants / Eating Out
Food delivery #6842,Delivery Service 6842,1767.0,Food & Dining
OGT/0b3b4f57-efe6-4950- bb19-a131cb86 PK,External Transfer,199.0,Transfers
ICT/9c882ce1-c270-4e4f- 9dc6-ffc00147 PK,External Transfer,4500.0,Transfers
Card fee #5110,Bank 5110,807.0,Financial Services
ICT/3f2c178c-79cb-4b30- a915-b4ac97e1 PK,External Transfer,200.0,Transfers
Fundraiser contribution #9867,Fundraiser 9867,7663.0,Charity & Donations
Salary credited #6144,Employer Payroll 6144,65424.0,Income
Zakat contribution #1597,Charity 1597,38914.0,Charity & Donations
Metro ticket,Marketplace 442,40284.0,Public Transport
OGT/1943a3b7-5e4c-4dfd- 81d6-3fb0eeb3 PK,External Transfer,285.0,Transfers
Salary credited #1891,Employer Payroll 1891,181665.0,Income
Travel agency payment,Generic Store 664,12925.0,Travel (Flights / Hotels)
Electronics purchase #7731,Electronics Store 7731,70208.0,Shopping & Retail
Course enrollment,Marketplace 603,35506.0,Education / Tuition
Utility charges,Service Provider 571,46419.0,Electricity / Water / Gas
License fee #6943,Government 6943,19478.0,Government & Legal
Fundraiser contribution #2950,Fundraiser 2950,44065.0,Charity & Donations
Train pass,Generic Store 966,10074.0,Public Transport
Hospital charges #8729,Hospital 8729,73753.0,Healthcare & Medical
Course enrollment,Service Provider 362,45619.0,Education / Tuition
Car insurance payment,Generic Store 987,13550.0,Insurance
Donation #4179,Charity 4179,42528.0,Charity & Donations
Freelance payment received #9243,Client Payment 9243,51098.0,Income
Flight booking,Online Merchant 597,9062.0,Travel (Flights / Hotels)
Fundraiser contribution #2216,Fundraiser 2216,26479.0,Charity & Donations
Medicine bill,Marketplace 977,11415.0,Medical / Pharmacy
Supermarket groceries,Generic Store 922,46056.0,Groceries
Electronics purchase #5305,Electronics Store 5305,94722.0,Shopping & Retail
Doctor consultation #4643,Clinic 4643,12611.0,Healthcare & Medical
Ride payment #5423,Ride-hailing 5423,6558.0,Transportation
ICT/ac6e3599-ace5-4d6f- 9d77-04984b2b PK,External Transfer,300.0,Transfers
Internet bill payment #5911,ISP 5911,7226.0,Utilities & Services
Mobile top-up #4145,Telecom 4145,384.0,Utilities & Services
Salary credited #6086,Employer Payroll 6086,218118.0,Income
Dinner at restaurant,Service Provider 827,22060.0,Restaurants / Eating Out
ICT/45f30021-4d9a-4b30- a93e-57f1e152 PK,External Transfer,10000.0,Transfers
Clothes shopping,Service Provider 190,37870.0,Shopping (Clothes / Electronics)
Car insurance payment,Local Shop 244,419.0,Insurance
Refund received #5396,Merchant Refund 5396,2818.0,Income
Salary credited #8014,Employer Payroll 8014,157460.0,Income
Fuel purchase #8393,Petrol Pump 8393,6705.0,Transportation
Pharmacy purchase,Local Shop 720,20776.0,Medical / Pharmacy
Internet bill payment #2522,ISP 2522,12505.0,Utilities & Services
Mobile top-up #7404,Telecom 7404,1186.0,Utilities & Services
Coffee purchase #8667,Cafe 8667,1081.0,Food & Dining
Mobile top-up #8494,Telecom 8494,3374.0,Utilities & Services
OGT/bb30c522-a872-4d81- b34c-75d856bc PK,External Transfer,1020.0,Transfers
Flight booking,Service Provider 233,33631.0,Travel (Flights / Hotels)
Traffic fine #4830,Government 4830,49534.0,Government & Legal
Apartment rent,Local Shop 512,25329.0,Housing / Rent
Investment deposit #1953,Broker 1953,107930.0,Financial Services
Pharmacy purchase #7762,Pharmacy 7762,5260.0,Healthcare & Medical
Electronics purchase #4767,Electronics Store 4767,35319.0,Shopping & Retail
Vehicle maintenance #5472,Auto Service 5472,47857.0,Transportation
Mutual fund contribution,Service Provider 996,46164.0,Savings / Investments
Loan repayment #8406,Loan Provider 8406,45083.0,Financial Services
Zakat contribution #2637,Charity 2637,130423.0,Charity & Donations
Diesel top-up,Generic Store 216,43570.0,Fuel / Gas
Tuition fee payment,Generic Store 477,11780.0,Education / Tuition
OGT/07e1e17f-88d9-4895- 9211-64189a98 PK,External Transfer,1.0,Transfers
Gas station payment,Service Provider 746,23108.0,Fuel / Gas
Health insurance,Generic Store 506,34723.0,Insurance
Salary credited #9538,Employer Payroll 9538,204406.0,Income
Gaming purchase,Marketplace 758,39843.0,Entertainment (Movies / Games / Events)
Online shopping #8874,E-commerce 8874,7590.0,Shopping & Retail
RAAST P2P SUFYAN HUMAM MUS,Sufyan Humam Mus,60.0,Transfers
Zakat contribution #1572,Charity 1572,14563.0,Charity & Donations
RAAST P2P QAMAR AYOUB,Qamar Ayoub,270.0,Transfers
ICT/a1f882a2-291c-4034- 96a5-29595d61 PK,External Transfer,2000.0,Transfers
Court fee #9990,Legal Service 9990,58371.0,Government & Legal
Cafe snack,Local Shop 164,20565.0,Coffee & Snacks
Water bill payment #4343,Water Utility 4343,1815.0,Utilities & Services
Loan repayment #6177,Loan Provider 6177,8369.0,Financial Services
Ride payment #8158,Ride-hailing 8158,6664.0,Transportation
TELENOR PAKISTAN (PV ISLAMABAD PAK,Telenor,259.7,Bills
Coffee purchase #6830,Cafe 6830,889.0,Food & Dining
OGT/0de0fec9-aaa0-4159- bc11-6623398f PK,External Transfer,1000.0,Transfers
Freelance payment received #3593,Client Payment 3593,10435.0,Income
Home supplies #4218,Retail Store 4218,15100.0,Shopping & Retail
OGT/9262cc57-c775-475d- bd1a-029a0b83 PK,External Transfer,310.0,Transfers
Food delivery #1065,Delivery Service 1065,3529.0,Food & Dining
Bank charges #6266,Bank 6266,1526.0,Financial Services
Grocery shopping #2004,Grocery Store 2004,12810.0,Food & Dining
Streaming subscription #8710,Streaming Service 8710,1702.0,Entertainment & Recreation
Grocery shopping #7766,Grocery Store 7766,14443.0,Food & Dining
Ride payment #1713,Ride-hailing 1713,234.0,Transportation
Internet bill payment #4444,ISP 4444,9209.0,Utilities & Services
Mutual fund contribution,Generic Store 287,21677.0,Savings / Investments
Tax payment #5229,Government 5229,5263.0,Government & Legal
Lab test payment #2179,Diagnostic Lab 2179,19408.0,Healthcare & Medical
Fuel purchase #6103,Petrol Pump 6103,930.0,Transportation
House rent transfer,Generic Store 933,39100.0,Housing / Rent
Electricity bill payment #2949,Electric Company 2949,18941.0,Utilities & Services
ICT/40d629bb-78de-44b3- 98f2-5ddcfc4b PK,External Transfer,500.0,Transfers
ICT/92154fce-38eb-4db4- abe1-26d0678d PK,External Transfer,150.0,Transfers
Medicine bill,Local Shop 763,5104.0,Medical / Pharmacy
Movie tickets #5536,Cinema 5536,4007.0,Entertainment & Recreation
Restaurant bill #4671,Restaurant 4671,9371.0,Food & Dining
Grocery shopping #3167,Grocery Store 3167,3839.0,Food & Dining
Home supplies #3559,Retail Store 3559,1657.0,Shopping & Retail
Ride service fare,Marketplace 700,43658.0,Ride Sharing / Taxi
Grocery shopping,Local Shop 925,36937.0,Groceries
RAAST P2P MUHAMMAD ASLAM,Muhammad Aslam,230.0,Transfers
Movie tickets #1937,Cinema 1937,3651.0,Entertainment & Recreation
RAAST P2P ABDUR RASHEED,Abdur Rasheed,100.0,Transfers
License fee #3294,Government 3294,11162.0,Government & Legal
Raast Payment - PK17SADA0000003285471294,Pk17Sada0000003285471294,210.0,Transfers
Cab booking,Local Shop 409,49728.0,Ride Sharing / Taxi
Bus fare,Generic Store 873,10370.0,Public Transport
Bus fare #5325,Transit 5325,471.0,Transportation
Freelance payment received #7345,Client Payment 7345,40368.0,Income
OGT/b7d67080-da76-48eb- 9000-7592ff4e PK,External Transfer,60.0,Transfers
RAAST P2P MUHAMMAD KASHIF,Muhammad Kashif,130.0,Transfers
Event booking #4508,Ticketing 4508,17322.0,Entertainment & Recreation
Birthday celebration expense,Generic Store 260,13324.0,Gifts & Celebrations
Fundraiser contribution #9219,Fundraiser 9219,23532.0,Charity & Donations
Tax payment #7890,Government 7890,14101.0,Government & Legal
Cab booking,Service Provider 444,30542.0,Ride Sharing / Taxi
Streaming subscription #2818,Streaming Service 2818,910.0,Entertainment & Recreation
Gym membership #5072,Gym 5072,2089.0,Entertainment & Recreation
Investment deposit #1441,Broker 1441,12561.0,Financial Services
Bonus credited #2613,Employer Bonus 2613,75940.0,Income
Bank charges #8835,Bank 8835,1876.0,Financial Services
OGT/eb59757f-c270-4d49- b487-52214dff PK,External Transfer,170.0,Transfers
Investment deposit #3361,Broker 3361,48423.0,Financial Services
Raast Payment - PK62MEZN0003280106939210,Pk62Mezn0003280106939210,130.0,Transfers
OGT/adb6c723-7b39-46e2- bce1-5468546a PK,External Transfer,170.0,Transfers
Donation #6379,Charity 6379,11600.0,Charity & Donations
License fee #1850,Government 1850,38103.0,Government & Legal
Fuel purchase #8157,Petrol Pump 8157,4823.0,Transportation
Tax payment #3196,Government 3196,26746.0,Government & Legal
Mobile top-up #7843,Telecom 7843,282.0,Utilities & Services
Streaming subscription,Local Shop 855,17000.0,Subscriptions (Streaming / Apps)
Internet bill payment #9625,ISP 9625,5436.0,Utilities & Services
Pharmacy purchase #8002,Pharmacy 8002,1466.0,Healthcare & Medical
Online shopping #3774,E-commerce 3774,10160.0,Shopping & Retail
Ride service fare,Generic Store 984,19674.0,Ride Sharing / Taxi
Mutual fund contribution,Generic Store 635,23752.0,Savings / Investments
Home essentials,Generic Store 620,3910.0,Home Supplies / Household Items
Electronics purchase,Online Merchant 394,25928.0,Shopping (Clothes / Electronics)
Ride payment #8686,Ride-hailing 8686,3446.0,Transportation
Pharmacy purchase #6406,Pharmacy 6406,1081.0,Healthcare & Medical
Refund received #9287,Merchant Refund 9287,18323.0,Income
Electricity bill,Local Shop 187,41266.0,Electricity / Water / Gas
Money Transfer - ABDUL QAYYUM - 03121729349,Abdul Qayyum,360.0,Transfers
Fashion store bill,Service Provider 228,9569.0,Shopping (Clothes / Electronics)
Fresh produce purchase,Online Merchant 144,453.0,Groceries
Fundraiser contribution #6767,Fundraiser 6767,14670.0,Charity & Donations
Grocery shopping #2783,Grocery Store 2783,12164.0,Food & Dining
Flight booking,Online Merchant 795,23470.0,Travel (Flights / Hotels)
Ride payment #4060,Ride-hailing 4060,1664.0,Transportation
Traffic fine #8215,Government 8215,20640.0,Government & Legal
Raast Payment - YAHYA KHAN - SBP Raast,Yahya Khan,300.0,Transfers
Movie tickets,Service Provider 214,44077.0,Entertainment (Movies / Games / Events)
Clothing purchase #9418,Clothing Store 9418,21092.0,Shopping & Retail
Freelance payment received #4362,Client Payment 4362,35766.0,Income
Grocery shopping #1995,Grocery Store 1995,8265.0,Food & Dining
Investment deposit #8405,Broker 8405,50635.0,Financial Services
Lab test payment #9295,Diagnostic Lab 9295,4506.0,Healthcare & Medical
Apartment rent,Online Merchant 932,21351.0,Housing / Rent
Doctor consultation #9849,Clinic 9849,10906.0,Healthcare & Medical
Investment deposit #3619,Broker 3619,53698.0,Financial Services
Refund received #3041,Merchant Refund 3041,6738.0,Income
Gas station payment,Online Merchant 773,35751.0,Fuel / Gas
Ride-share trip,Local Shop 610,38196.0,Ride Sharing / Taxi
Household supplies,Marketplace 125,44385.0,Home Supplies / Household Items
Food court meal,Service Provider 760,29801.0,Restaurants / Eating Out
Electricity bill payment #4567,Electric Company 4567,21110.0,Utilities & Services
Prescription refill,Service Provider 821,30160.0,Medical / Pharmacy
License fee #1663,Government 1663,7920.0,Government & Legal
APPLE.COM/BILL ITUNES.COM IRL,Apple,118.13,Bills
Cab booking,Marketplace 989,5521.0,Ride Sharing / Taxi
OGT/de602bc9-ae39-4027- aa33-d10298c4 PK,External Transfer,600.0,Transfers
Bus fare #1619,Transit 1619,434.0,Transportation
OGT/b6b5c79d-0ea4-4e54- b5fc-1b51f8ee PK,External Transfer,2000.0,Transfers
Investment deposit #7225,Broker 7225,12061.0,Financial Services
CWD/PAK AUSTRIA PAK AUSTRIA HARIPUR PK,Pak Austria Pak Austria Haripur Pk,1000.0,Cash Withdrawal
Gym membership #8087,Gym 8087,11776.0,Entertainment & Recreation
Bus fare #7100,Transit 7100,304.0,Transportation
Cafe snack,Generic Store 874,1588.0,Coffee & Snacks
Hospital charges #2615,Hospital 2615,50182.0,Healthcare & Medical
Utility charges,Generic Store 617,14487.0,Electricity / Water / Gas
License fee #3760,Government 3760,11378.0,Government & Legal
Card fee #5837,Bank 5837,1423.0,Financial Services
Movie tickets,Generic Store 641,40029.0,Entertainment (Movies / Games / Events)
Home essentials,Local Shop 194,18780.0,Home Supplies / Household Items
Clothes shopping,Generic Store 326,11366.0,Shopping (Clothes / Electronics)
Doctor consultation #2671,Clinic 2671,14647.0,Healthcare & Medical
Doctor consultation #4603,Clinic 4603,14579.0,Healthcare & Medical
OGT/ffa7b45c-ca71-45a3- 98d5-cfb4bd71 PK,External Transfer,430.0,Transfers
Gym membership #7392,Gym 7392,3114.0,Entertainment & Recreation
Coffee purchase,Generic Store 376,34259.0,Coffee & Snacks
Bus fare #4953,Transit 4953,125.0,Transportation
Gadget order,Marketplace 964,30442.0,Shopping (Clothes / Electronics)
Court fee #7114,Legal Service 7114,24978.0,Government & Legal
ICT/089842f1-5bb8-4880- a5c2-f5ea6467 PK,External Transfer,300.0,Transfers
Donation #7821,Charity 7821,26854.0,Charity & Donations
Grocery shopping #6580,Grocery Store 6580,10653.0,Food & Dining
Clothes shopping,Marketplace 226,11732.0,Shopping (Clothes / Electronics)
Restaurant bill #6767,Restaurant 6767,11131.0,Food & Dining
Concert entry,Service Provider 317,17158.0,Entertainment (Movies / Games / Events)
Service subscription,Marketplace 364,28258.0,Subscriptions (Streaming / Apps)
Electricity bill payment #5985,Electric Company 5985,24625.0,Utilities & Services
Gym membership #9482,Gym 9482,9304.0,Entertainment & Recreation
Fuel purchase #1915,Petrol Pump 1915,13087.0,Transportation
Internet bill payment #9577,ISP 9577,14416.0,Utilities & Services
Clothing purchase #7973,Clothing Store 7973,11151.0,Shopping & Retail
Investment deposit #3040,Broker 3040,5173.0,Financial Services
Internet bill,Service Provider 105,22949.0,Mobile & Internet
Zakat contribution #6933,Charity 6933,50315.0,Charity & Donations
Metro ticket,Local Shop 971,28439.0,Public Transport
OGT/0be69d11-c355-402e- 8b9a-f521ac03 PK,External Transfer,1600.0,Transfers
Kitchen supplies,Local Shop 113,13747.0,Home Supplies / Household Items
Lab test payment #4053,Diagnostic Lab 4053,18879.0,Healthcare & Medical
Hospital charges #7174,Hospital 7174,25016.0,Healthcare & Medical
Internet bill payment #2943,ISP 2943,4820.0,Utilities & Services
Coffee purchase #1332,Cafe 1332,472.0,Food & Dining
Tax payment #1359,Government 1359,295708.0,Government & Legal
Restaurant bill,Service Provider 572,23389.0,Restaurants / Eating Out
RAAST P2P BABU AKHLAQ TUCK,Babu Akhlaq Tuck,480.0,Transfers
License fee #4476,Government 4476,14319.0,Government & Legal
Home supplies #6878,Retail Store 6878,3956.0,Shopping & Retail
Ride payment #1022,Ride-hailing 1022,7943.0,Transportation
Grocery shopping,Generic Store 837,30335.0,Groceries
Streaming subscription,Online Merchant 757,37591.0,Subscriptions (Streaming / Apps)
Electronics purchase,Service Provider 239,3778.0,Shopping (Clothes / Electronics)
Concert entry,Service Provider 351,26365.0,Entertainment (Movies / Games / Events)
Movie tickets #1607,Cinema 1607,357.0,Entertainment & Recreation
Online shopping #9394,E-commerce 9394,32142.0,Shopping & Retail
Bank charges #7804,Bank 7804,1360.0,Financial Services
Salary credited #8636,Employer Payroll 8636,241309.0,Income
Mobile package,Marketplace 975,49039.0,Mobile & Internet
Pharmacy purchase,Online Merchant 401,22881.0,Medical / Pharmacy
Fundraiser contribution #3542,Fundraiser 3542,26164.0,Charity & Donations
Lunch outing,Service Provider 719,42615.0,Restaurants / Eating Out
Lab test payment #8589,Diagnostic Lab 8589,8448.0,Healthcare & Medical
Gym membership #8583,Gym 8583,2440.0,Entertainment & Recreation
Lunch outing,Service Provider 399,635.0,Restaurants / Eating Out
Event booking,Online Merchant 370,26965.0,Entertainment (Movies / Games / Events)
Internet bill payment #8638,ISP 8638,822.0,Utilities & Services
Mobile top-up #5045,Telecom 5045,703.0,Utilities & Services
Savings transfer,Marketplace 694,23771.0,Savings / Investments
NETFLIX.COM Singapore SGP,Netflix,360.74,Subscriptions
Court fee #6587,Legal Service 6587,42592.0,Government & Legal
Electronics purchase #4824,Electronics Store 4824,109300.0,Shopping & Retail
Apartment rent,Marketplace 336,38959.0,Housing / Rent
Car insurance payment,Generic Store 269,44859.0,Insurance
Food delivery #8722,Delivery Service 8722,1632.0,Food & Dining
Diesel top-up,Local Shop 775,33033.0,Fuel / Gas
Gaming purchase,Generic Store 128,5030.0,Entertainment (Movies / Games / Events)
Gaming purchase,Generic Store 603,28420.0,Entertainment (Movies / Games / Events)
Coffee purchase #2724,Cafe 2724,577.0,Food & Dining
Home supplies #7372,Retail Store 7372,3638.0,Shopping & Retail
Petrol purchase,Service Provider 679,31726.0,Fuel / Gas
Electronics purchase #8705,Electronics Store 8705,23977.0,Shopping & Retail
Refund received #5981,Merchant Refund 5981,11394.0,Income
Exam fee,Local Shop 546,41681.0,Education / Tuition
Water utility bill,Generic Store 163,42631.0,Electricity / Water / Gas
Hotel reservation,Marketplace 935,34324.0,Travel (Flights / Hotels)
Investment deposit,Online Merchant 757,3794.0,Savings / Investments
Coffee purchase #8911,Cafe 8911,209.0,Food & Dining
Investment deposit #4072,Broker 4072,14124.0,Financial Services
OGT/49f1f0f5-6def-43c7- 8681-2bf69cf6 PK,External Transfer,399.0,Transfers
Gas station payment,Online Merchant 662,10498.0,Fuel / Gas
License fee #6534,Government 6534,25977.0,Government & Legal
APPLE.COM/BILL ITUNES.COM IRL,Apple,127.79,Bills
Ride payment #6438,Ride-hailing 6438,4492.0,Transportation
Pharmacy purchase,Generic Store 268,34407.0,Medical / Pharmacy
License fee #7856,Government 7856,9159.0,Government & Legal
Internet bill payment #5016,ISP 5016,14789.0,Utilities & Services
Ride payment #9083,Ride-hailing 9083,5329.0,Transportation
Dinner at restaurant,Local Shop 965,31763.0,Restaurants / Eating Out
Internet bill payment #1108,ISP 1108,7884.0,Utilities & Services
Internet bill payment #1457,ISP 1457,13076.0,Utilities & Services
Court fee #1209,Legal Service 1209,1428.0,Government & Legal
Anniversary gift,Local Shop 107,6619.0,Gifts & Celebrations
CWD/H13 SUB BR ISB H13 SUB BR ISB ISLAMABAD PK,H,5035.0,Cash Withdrawal
Bus fare #6210,Transit 6210,378.0,Transportation
Pharmacy purchase,Service Provider 563,37849.0,Medical / Pharmacy
Ride-share trip,Local Shop 665,40624.0,Ride Sharing / Taxi
Freelance payment received #1391,Client Payment 1391,45239.0,Income
Online shopping #4246,E-commerce 4246,13949.0,Shopping & Retail
RAAST P2P ABDUR RASHEED,Abdur Rasheed,200.0,Transfers
Home supplies #6737,Retail Store 6737,14478.0,Shopping & Retail
Donation #3284,Charity 3284,18688.0,Charity & Donations
CWD/PAK AUSTRIA PAK AUSTRIA HARIPUR PK,Pak Austria Pak Austria Haripur Pk,5000.0,Cash Withdrawal
Travel agency payment,Generic Store 834,10157.0,Travel (Flights / Hotels)
Streaming subscription #9361,Streaming Service 9361,1027.0,Entertainment & Recreation
Home supplies #9780,Retail Store 9780,5868.0,Shopping & Retail
ICT/8f54cb83-fb38-4960- ae64-4145c21f PK,External Transfer,2000.0,Transfers
Gas bill payment,Marketplace 398,40143.0,Electricity / Water / Gas
License fee #1957,Government 1957,10299.0,Government & Legal
OGT/fb711df4-f075-42b4- af12-28931f15 PK,External Transfer,230.0,Transfers
Mobile top-up #1584,Telecom 1584,3468.0,Utilities & Services
Gym membership #7964,Gym 7964,1466.0,Entertainment & Recreation
Pharmacy purchase #4024,Pharmacy 4024,505.0,Healthcare & Medical
Pharmacy purchase #2875,Pharmacy 2875,5078.0,Healthcare & Medical
Traffic fine #5904,Government 5904,18506.0,Government & Legal
Train pass,Generic Store 654,2023.0,Public Transport
Court fee #5382,Legal Service 5382,72903.0,Government & Legal
Streaming subscription #9707,Streaming Service 9707,1641.0,Entertainment & Recreation
Coffee purchase,Generic Store 525,37699.0,Coffee & Snacks
Card fee #8176,Bank 8176,638.0,Financial Services
Course enrollment,Local Shop 378,29141.0,Education / Tuition
Donation #8044,Charity 8044,1376.0,Charity & Donations
Birthday celebration expense,Local Shop 898,38808.0,Gifts & Celebrations
Data recharge,Generic Store 391,26977.0,Mobile & Internet
Clothing purchase #8699,Clothing Store 8699,19901.0,Shopping & Retail
Movie tickets #5680,Cinema 5680,3737.0,Entertainment & Recreation
Zakat contribution #2449,Charity 2449,174790.0,Charity & Donations
Vehicle maintenance #4278,Auto Service 4278,44147.0,Transportation
Food delivery #2206,Delivery Service 2206,5849.0,Food & Dining
Gym membership #7555,Gym 7555,2019.0,Entertainment & Recreation
Home supplies #4227,Retail Store 4227,11675.0,Shopping & Retail
OGT/beab911f-0bc2-4140- b999-3363f67c PK,External Transfer,130.0,Transfers
Metro ticket,Generic Store 585,21208.0,Public Transport
Tire replacement,Service Provider 166,37589.0,Car Maintenance
Event booking #5694,Ticketing 5694,15837.0,Entertainment & Recreation
Food delivery #3192,Delivery Service 3192,1832.0,Food & Dining
Ride payment #8998,Ride-hailing 8998,2863.0,Transportation
Clothing purchase #2690,Clothing Store 2690,19194.0,Shopping & Retail
Zakat contribution #5189,Charity 5189,26274.0,Charity & Donations
Court fee #9161,Legal Service 9161,21576.0,Government & Legal
Weekly groceries,Generic Store 253,6554.0,Groceries
ICT/f6e16e68-9e40-4624- 95cd-3aed6ebc PK,External Transfer,1000.0,Transfers
ICT/7419cdef-ff1d-4c1e- 990f-c0d00c4c PK,External Transfer,245.0,Transfers
Vehicle maintenance,Local Shop 749,25540.0,Car Maintenance
Internet bill payment #5021,ISP 5021,11394.0,Utilities & Services
Gas station payment,Generic Store 169,6821.0,Fuel / Gas
Food court meal,Marketplace 774,31886.0,Restaurants / Eating Out
Fuel refill,Online Merchant 686,37361.0,Fuel / Gas
Loan repayment #5424,Loan Provider 5424,15472.0,Financial Services
Fashion store bill,Local Shop 531,48746.0,Shopping (Clothes / Electronics)
Coffee purchase,Local Shop 244,5422.0,Coffee & Snacks
CWD/PAK AUSTRIA PAK AUSTRIA HARIPUR PK,Pak Austria Pak Austria Haripur Pk,2023.44,Cash Withdrawal
Bank charges #6752,Bank 6752,1252.0,Financial Services
Ride payment #5896,Ride-hailing 5896,5914.0,Transportation
Water utility bill,Online Merchant 242,8580.0,Electricity / Water / Gas
Home supplies #5468,Retail Store 5468,3250.0,Shopping & Retail
Course enrollment,Online Merchant 606,40425.0,Education / Tuition
Refund received #9424,Merchant Refund 9424,1908.0,Income
ICT/2dc11acd-fab1-4b50- b54d-0b47cf61 PK,External Transfer,1500.0,Transfers
Fuel purchase #5889,Petrol Pump 5889,1519.0,Transportation
Hospital charges #8661,Hospital 8661,12459.0,Healthcare & Medical
Zakat contribution #5026,Charity 5026,89273.0,Charity & Donations
Fuel purchase #3525,Petrol Pump 3525,12360.0,Transportation
Diesel top-up,Marketplace 959,43655.0,Fuel / Gas
Electricity bill,Marketplace 468,32597.0,Electricity / Water / Gas
Donation #3507,Charity 3507,26464.0,Charity & Donations
ICT/37ae9c0f-ba78-4746- b885-02757ae2 PK,External Transfer,200.0,Transfers
ICT/cd801b58-a79c-481f- ba5e-dd50132c PK,External Transfer,1000.0,Transfers
Hospital charges #5878,Hospital 5878,76926.0,Healthcare & Medical
OGT/462e0613-b893-4217- 892a-269a0fd9 PK,External Transfer,100.0,Transfers
Hospital charges #1313,Hospital 1313,9708.0,Healthcare & Medical
Zakat contribution #6835,Charity 6835,165082.0,Charity & Donations
Streaming subscription,Generic Store 710,34995.0,Subscriptions (Streaming / Apps)
License fee #6872,Government 6872,25807.0,Government & Legal
Restaurant bill #9820,Restaurant 9820,6414.0,Food & Dining
Bank charges #5383,Bank 5383,1841.0,Financial Services
RAAST P2P SUFYAN HUMAM MUS,Sufyan Humam Mus,100000.0,Transfers
Fuel purchase #2755,Petrol Pump 2755,4717.0,Transportation
Cleaning products purchase,Marketplace 312,8337.0,Home Supplies / Household Items
Event booking #8583,Ticketing 8583,6691.0,Entertainment & Recreation
Home supplies #3051,Retail Store 3051,5038.0,Shopping & Retail
Money Transfer - ABDUR RASHEED - 03345005977,Abdur Rasheed,320.0,Transfers
Investment deposit,Generic Store 369,2125.0,Savings / Investments
Coffee purchase #9977,Cafe 9977,402.0,Food & Dining
Fuel purchase #9388,Petrol Pump 9388,3009.0,Transportation
Home essentials,Online Merchant 964,20095.0,Home Supplies / Household Items
Utility charges,Service Provider 952,12513.0,Electricity / Water / Gas
Clothes shopping,Generic Store 134,21558.0,Shopping (Clothes / Electronics)
Electronics purchase #1815,Electronics Store 1815,14349.0,Shopping & Retail
Brokerage deposit,Local Shop 245,21976.0,Savings / Investments
Refund received #9037,Merchant Refund 9037,9025.0,Income
App subscription renewal,Service Provider 268,2448.0,Subscriptions (Streaming / Apps)
Cab booking,Online Merchant 862,3716.0,Ride Sharing / Taxi
Home essentials,Online Merchant 165,14236.0,Home Supplies / Household Items
Doctor consultation #7770,Clinic 7770,5246.0,Healthcare & Medical
Investment deposit,Online Merchant 712,43250.0,Savings / Investments
Electricity bill,Service Provider 411,24227.0,Electricity / Water / Gas
Gym membership #5568,Gym 5568,1417.0,Entertainment & Recreation
Metro ticket,Marketplace 296,19238.0,Public Transport
Fashion store bill,Online Merchant 414,11917.0,Shopping (Clothes / Electronics)
Zakat contribution #7578,Charity 7578,114505.0,Charity & Donations
Court fee #5011,Legal Service 5011,88959.0,Government & Legal
Clothes shopping,Marketplace 969,24270.0,Shopping (Clothes / Electronics)
Grocery shopping #3110,Grocery Store 3110,13636.0,Food & Dining
Gadget order,Local Shop 228,12426.0,Shopping (Clothes / Electronics)
Fundraiser contribution #2654,Fundraiser 2654,39905.0,Charity & Donations
ICT/6786ac37-cd2b-4840- aa78-a59cfd7d PK,External Transfer,5080.0,Transfers
Fuel purchase #8439,Petrol Pump 8439,12197.0,Transportation
Zakat contribution #6027,Charity 6027,95497.0,Charity & Donations
Service subscription,Generic Store 411,13824.0,Subscriptions (Streaming / Apps)
Grocery shopping #4045,Grocery Store 4045,13242.0,Food & Dining
Water utility bill,Local Shop 257,15776.0,Electricity / Water / Gas
Online shopping #3454,E-commerce 3454,7587.0,Shopping & Retail
Doctor consultation #2006,Clinic 2006,7063.0,Healthcare & Medical
Coffee purchase,Generic Store 958,36390.0,Coffee & Snacks
OGT/984dbe02-1b34-4154- 83c1-2c51392b PK,External Transfer,660.0,Transfers
ICT/ad9be241-916d-4cbf- be89-0b0b8385 PK,External Transfer,60.0,Transfers
OGT/c16d44ed-b684-4e9a- bc66-e717858d PK,External Transfer,260.0,Transfers
Restaurant bill #6003,Restaurant 6003,11509.0,Food & Dining
OGT/f18ba0f0-ee58-427d- 9039-4f5c38eb PK,External Transfer,420.0,Transfers
Bonus credited #9628,Employer Bonus 9628,96195.0,Income
Online shopping #5376,E-commerce 5376,4230.0,Shopping & Retail
OGT/558e14d3-c8fc-4a8b- a49b-aa77c27c PK,External Transfer,25.0,Transfers
Event booking #4879,Ticketing 4879,11424.0,Entertainment & Recreation
Internet bill payment #5669,ISP 5669,13515.0,Utilities & Services
Service subscription,Local Shop 501,39697.0,Subscriptions (Streaming / Apps)
Bus fare,Online Merchant 132,10302.0,Public Transport
Hospital charges #1268,Hospital 1268,69227.0,Healthcare & Medical
Dinner at restaurant,Marketplace 856,41112.0,Restaurants / Eating Out
Event booking #9431,Ticketing 9431,18177.0,Entertainment & Recreation
Car insurance payment,Local Shop 780,29301.0,Insurance
Mutual fund contribution,Marketplace 693,21458.0,Savings / Investments
Doctor consultation #5420,Clinic 5420,2927.0,Healthcare & Medical
Bank charges #5677,Bank 5677,771.0,Financial Services
Cafe snack,Service Provider 978,41828.0,Coffee & Snacks
Investment deposit #1234,Broker 1234,76785.0,Financial Services
Gym membership #9355,Gym 9355,5917.0,Entertainment & Recreation
Pharmacy purchase #9395,Pharmacy 9395,7047.0,Healthcare & Medical
Pharmacy purchase,Generic Store 204,32721.0,Medical / Pharmacy
Gas station payment,Marketplace 572,17201.0,Fuel / Gas
ICT/4668850f-2e9b-40b6- 97c2-2118b301 PK,External Transfer,100.0,Transfers
Court fee #8965,Legal Service 8965,77675.0,Government & Legal
Policy renewal,Generic Store 161,2873.0,Insurance
Coffee shop order,Local Shop 930,25777.0,Coffee & Snacks
RAAST P2P SANA TARIQ,Sana Tariq,1000.0,Transfers
Streaming subscription #2626,Streaming Service 2626,308.0,Entertainment & Recreation
Cleaning products purchase,Online Merchant 823,7315.0,Home Supplies / Household Items
Refund received #7296,Merchant Refund 7296,10002.0,Income
Pharmacy purchase #3219,Pharmacy 3219,6060.0,Healthcare & Medical
ICT/f7c6b1e7-10dc-4332- ab76-5b1ac6a6 PK,External Transfer,500.0,Transfers
OGT/f3d1b4ec-e5a8-4c7f- 9709-20178c04 PK,External Transfer,250.0,Transfers
Investment deposit,Service Provider 301,32543.0,Savings / Investments
Utility charges,Online Merchant 218,5830.0,Electricity / Water / Gas
Movie tickets #2138,Cinema 2138,441.0,Entertainment & Recreation
Event booking #2278,Ticketing 2278,3737.0,Entertainment & Recreation
Refund received #2152,Merchant Refund 2152,10362.0,Income
Court fee #5320,Legal Service 5320,42467.0,Government & Legal
Card fee #3213,Bank 3213,870.0,Financial Services
Pharmacy purchase #8115,Pharmacy 8115,4791.0,Healthcare & Medical
ICT/07d89016-bec3-4e57- 9634-3f3aac3d PK,External Transfer,1270.0,Transfers
Investment deposit,Marketplace 662,11466.0,Savings / Investments
Card fee #8978,Bank 8978,489.0,Financial Services
RAAST P2P MUHAMMAD BILAL,Muhammad Bilal,2750.0,Transfers
Online shopping #2848,E-commerce 2848,16922.0,Shopping & Retail
Zakat contribution #6348,Charity 6348,103120.0,Charity & Donations
Fundraiser contribution #2159,Fundraiser 2159,12802.0,Charity & Donations
Money Transfer - EMAN FATIMA - 03332968914,Eman Fatima,5000.0,Transfers
Coffee purchase,Service Provider 831,7509.0,Coffee & Snacks
Service subscription,Marketplace 392,7094.0,Subscriptions (Streaming / Apps)
Salary credited #5053,Employer Payroll 5053,214745.0,Income
Tax payment #2377,Government 2377,24704.0,Government & Legal
Rent for Lahore flat,Generic Store 400,1233.0,Housing / Rent
Refund received #5540,Merchant Refund 5540,19692.0,Income
Zakat contribution #7059,Charity 7059,152605.0,Charity & Donations
Streaming subscription #1807,Streaming Service 1807,1183.0,Entertainment & Recreation
Restaurant bill #4283,Restaurant 4283,6247.0,Food & Dining
Event booking #5373,Ticketing 5373,5182.0,Entertainment & Recreation
Donation #2949,Charity 2949,15781.0,Charity & Donations
OGT/3913b2eb-f056-4b29- bba9-1e5d6974 PK,External Transfer,300.0,Transfers
ICT/5a3e92a5-c20b-48f0- a180-80aca175 PK,External Transfer,330.0,Transfers
Coffee purchase,Marketplace 753,5109.0,Coffee & Snacks
Electricity bill payment #9864,Electric Company 9864,11500.0,Utilities & Services
Internet bill payment #5446,ISP 5446,13133.0,Utilities & Services
Internet bill payment #9294,ISP 9294,7962.0,Utilities & Services
Traffic fine #6839,Government 6839,27296.0,Government & Legal
Coffee purchase #4611,Cafe 4611,1176.0,Food & Dining
Donation #7077,Charity 7077,4524.0,Charity & Donations
Doctor consultation #7704,Clinic 7704,803.0,Healthcare & Medical
Court fee #3922,Legal Service 3922,68803.0,Government & Legal
Food delivery #2737,Delivery Service 2737,602.0,Food & Dining
Medicine bill,Online Merchant 697,19357.0,Medical / Pharmacy
Tea and pastry,Marketplace 544,336.0,Coffee & Snacks
Electricity bill payment #2398,Electric Company 2398,3014.0,Utilities & Services
OGT/46d50c94-7006-4221- abe2-a5c737d1 PK,External Transfer,600.0,Transfers
Gas bill payment,Marketplace 366,9271.0,Electricity / Water / Gas
Concert entry,Service Provider 561,45269.0,Entertainment (Movies / Games / Events)
Loan repayment #9308,Loan Provider 9308,77347.0,Financial Services
Metro ticket,Service Provider 621,8253.0,Public Transport
RAAST P2P MUHAMMAD RAMZAN,Muhammad Ramzan,100.0,Transfers
Electronics purchase #6063,Electronics Store 6063,109698.0,Shopping & Retail
Bank charges #3113,Bank 3113,1973.0,Financial Services
Card fee #1617,Bank 1617,203.0,Financial Services
ICT/7806685c-f8bd-46b9- b7db-a719787c PK,External Transfer,3000.0,Transfers
Clothing purchase #8776,Clothing Store 8776,16471.0,Shopping & Retail
Food delivery #1401,Delivery Service 1401,5663.0,Food & Dining
Clothing purchase #9489,Clothing Store 9489,9368.0,Shopping & Retail
Zakat contribution #3550,Charity 3550,167655.0,Charity & Donations
OGT/2a149949-bc37-4268- 936b-ee9b9caa PK,External Transfer,4500.0,Transfers
Grocery shopping #9951,Grocery Store 9951,14259.0,Food & Dining
Clothes shopping,Local Shop 562,33848.0,Shopping (Clothes / Electronics)
Refund received #8745,Merchant Refund 8745,10165.0,Income
Donation #1929,Charity 1929,39383.0,Charity & Donations
Traffic fine #8668,Government 8668,44453.0,Government & Legal
ICT/3520caed-055b-4d9e- b0aa-46289f1f PK,External Transfer,500.0,Transfers
CWD/PAK AUSTRIA PAK AUSTRIA HARIPUR PK,Pak Austria Pak Austria Haripur Pk,20000.0,Cash Withdrawal
Travel agency payment,Service Provider 771,25520.0,Travel (Flights / Hotels)
Raast Payment - YAHYA KHAN - SBP Raast,Yahya Khan,3000.0,Transfers
Diesel top-up,Marketplace 613,8468.0,Fuel / Gas
Clothing purchase #1966,Clothing Store 1966,18953.0,Shopping & Retail
Weekly groceries,Generic Store 745,42332.0,Groceries
Bus fare,Generic Store 180,36220.0,Public Transport
Online shopping #4390,E-commerce 4390,4810.0,Shopping & Retail
Grocery shopping #6711,Grocery Store 6711,6132.0,Food & Dining
Tea and pastry,Local Shop 568,8349.0,Coffee & Snacks
Movie tickets,Local Shop 287,6026.0,Entertainment (Movies / Games / Events)
Bank charges #4856,Bank 4856,410.0,Financial Services
Restaurant bill #8679,Restaurant 8679,3584.0,Food & Dining
Home essentials,Generic Store 963,26432.0,Home Supplies / Household Items
Car insurance payment,Marketplace 311,47240.0,Insurance
Movie tickets #6659,Cinema 6659,3112.0,Entertainment & Recreation
Pharmacy purchase #2442,Pharmacy 2442,3744.0,Healthcare & Medical
Broadband payment,Service Provider 389,35617.0,Mobile & Internet
Internet bill payment #7743,ISP 7743,2838.0,Utilities & Services
Coffee purchase #9868,Cafe 9868,1332.0,Food & Dining
Hospital charges #1149,Hospital 1149,74085.0,Healthcare & Medical
ICT/ab1b88d8-6d7b-4d7b- a3cb-f06a4f05 PK,External Transfer,350.0,Transfers
Fundraiser contribution #4840,Fundraiser 4840,6399.0,Charity & Donations
Online shopping #9779,E-commerce 9779,38134.0,Shopping & Retail
ICT/6f4b0678-6d22-46e8- a9db-7c66d77d PK,External Transfer,200.0,Transfers
Home supplies #4586,Retail Store 4586,1504.0,Shopping & Retail
Birthday celebration expense,Local Shop 459,8497.0,Gifts & Celebrations
Raast Payment - PK32JCMA0010103105452638,Pk32Jcma0010103105452638,120.0,Transfers
Restaurant bill #3853,Restaurant 3853,7339.0,Food & Dining
Freelance payment received #2705,Client Payment 2705,64676.0,Income
Ride payment #1361,Ride-hailing 1361,2861.0,Transportation
Event booking #1196,Ticketing 1196,3326.0,Entertainment & Recreation
Grocery shopping #8037,Grocery Store 8037,9426.0,Food & Dining
RAAST P2P MUHAMMAD RAMZAN,Muhammad Ramzan,140.0,Transfers
Vehicle maintenance #9033,Auto Service 9033,618.0,Transportation
Salary credited #5428,Employer Payroll 5428,143895.0,Income
Google One London GBR,Google One,449.95,Subscriptions
Doctor consultation #3458,Clinic 3458,3144.0,Healthcare & Medical
Movie tickets #3356,Cinema 3356,3574.0,Entertainment & Recreation
Money Transfer - EMAN FATIMA - 03332968914,Eman Fatima,10000.0,Transfers
Internet bill payment #7968,ISP 7968,1732.0,Utilities & Services
Fundraiser contribution #6884,Fundraiser 6884,9874.0,Charity & Donations
Refund received #7146,Merchant Refund 7146,14919.0,Income
OGT/5d127932-d59b-410c- b38f-076ab2d4 PK,External Transfer,200.0,Transfers
Fuel purchase #7823,Petrol Pump 7823,11347.0,Transportation
OGT/f9d254b7-3bdf-4c6d- a5d7-bee9526c PK,External Transfer,1200.0,Transfers
License fee #8490,Government 8490,44910.0,Government & Legal
Vehicle maintenance #2478,Auto Service 2478,25958.0,Transportation
Traffic fine #7821,Government 7821,40492.0,Government & Legal
Internet bill payment #7627,ISP 7627,11728.0,Utilities & Services
Fundraiser contribution #7491,Fundraiser 7491,13854.0,Charity & Donations
Restaurant bill #7283,Restaurant 7283,10805.0,Food & Dining
Pharmacy purchase #7738,Pharmacy 7738,2034.0,Healthcare & Medical
Investment deposit #7758,Broker 7758,128426.0,Financial Services
Medicine bill,Generic Store 956,11999.0,Medical / Pharmacy
Gas station payment,Generic Store 431,33645.0,Fuel / Gas
Home supplies #2494,Retail Store 2494,6322.0,Shopping & Retail
Gadget order,Marketplace 288,45545.0,Shopping (Clothes / Electronics)
Birthday celebration expense,Local Shop 321,13198.0,Gifts & Celebrations
Grocery shopping #1437,Grocery Store 1437,7343.0,Food & Dining
Money Transfer - EMAN FATIMA - 03332968914,Eman Fatima,300.0,Transfers
Train pass,Generic Store 622,23140.0,Public Transport
Tax payment #4766,Government 4766,244914.0,Government & Legal
Bonus credited #4751,Employer Bonus 4751,20686.0,Income
Investment deposit #9121,Broker 9121,10858.0,Financial Services
Gas bill payment,Generic Store 730,48530.0,Electricity / Water / Gas
Restaurant bill #5079,Restaurant 5079,3831.0,Food & Dining
Fuel purchase #6406,Petrol Pump 6406,1626.0,Transportation
Weekly groceries,Online Merchant 927,1899.0,Groceries
Event booking #1641,Ticketing 1641,6547.0,Entertainment & Recreation
Electricity bill payment #9008,Electric Company 9008,3404.0,Utilities & Services
OGT/6382dfbe-49e5-4b95- bdd3-2d33c304 PK,External Transfer,100.0,Transfers
Bank charges #6243,Bank 6243,218.0,Financial Services
OGT/f2c8bbd9-a7ec-4a27- a8a8-f0f84da0 PK,External Transfer,500.0,Transfers
Fuel refill,Online Merchant 839,27702.0,Fuel / Gas
Coffee purchase #1957,Cafe 1957,208.0,Food & Dining
Gas station payment,Local Shop 890,45794.0,Fuel / Gas
Electronics purchase #5375,Electronics Store 5375,45272.0,Shopping & Retail
Hospital charges #9569,Hospital 9569,16235.0,Healthcare & Medical
Coffee shop order,Local Shop 571,36782.0,Coffee & Snacks
Movie tickets #1381,Cinema 1381,3765.0,Entertainment & Recreation
Electricity bill payment #9125,Electric Company 9125,4655.0,Utilities & Services
Oil change,Local Shop 491,4426.0,Car Maintenance
Water bill payment #9679,Water Utility 9679,3619.0,Utilities & Services
Travel agency payment,Generic Store 942,24833.0,Travel (Flights / Hotels)
Court fee #4093,Legal Service 4093,1301.0,Government & Legal
Mobile top-up #7567,Telecom 7567,3544.0,Utilities & Services
Water bill payment #3654,Water Utility 3654,1382.0,Utilities & Services
RAAST P2P MUHAMMAD RAMZAN,Muhammad Ramzan,140.0,Transfers
Home essentials,Marketplace 521,39642.0,Home Supplies / Household Items
Oil change,Service Provider 584,36699.0,Car Maintenance
Salary credited #8500,Employer Payroll 8500,50530.0,Income
Pharmacy purchase,Service Provider 337,13015.0,Medical / Pharmacy
Internet bill payment #9818,ISP 9818,9346.0,Utilities & Services
Cleaning products purchase,Online Merchant 343,6561.0,Home Supplies / Household Items
Monthly streaming fee,Local Shop 212,15803.0,Subscriptions (Streaming / Apps)
Course enrollment,Generic Store 492,26027.0,Education / Tuition
Vehicle maintenance,Online Merchant 630,30971.0,Car Maintenance
Fundraiser contribution #2318,Fundraiser 2318,9843.0,Charity & Donations
Online shopping #6347,E-commerce 6347,37265.0,Shopping & Retail
Vehicle maintenance #3699,Auto Service 3699,39442.0,Transportation
Pharmacy purchase #4081,Pharmacy 4081,7469.0,Healthcare & Medical
Loan repayment #6580,Loan Provider 6580,43521.0,Financial Services
OGT/2e6ec058-8b36-4b8e- 8659-ea66d170 PK,External Transfer,80.0,Transfers
Lab test payment #8962,Diagnostic Lab 8962,12323.0,Healthcare & Medical
Cleaning products purchase,Local Shop 922,23433.0,Home Supplies / Household Items
Lab test payment #8875,Diagnostic Lab 8875,17760.0,Healthcare & Medical
Pharmacy purchase #4910,Pharmacy 4910,6639.0,Healthcare & Medical
Water bill payment #2269,Water Utility 2269,1546.0,Utilities & Services
Restaurant bill #4530,Restaurant 4530,1005.0,Food & Dining
Course enrollment,Local Shop 884,1646.0,Education / Tuition
Hospital charges #8928,Hospital 8928,47568.0,Healthcare & Medical
Tax payment #5202,Government 5202,200933.0,Government & Legal
CWD/JINNAH RD. ABBOTABAD JINNAH RD. ABBOTABAD,Jinnah Rd. Abbotabad Jinnah Rd. Abbotabad,3023.44,Cash Withdrawal
Clinic visit,Online Merchant 835,15236.0,Medical / Pharmacy
NETFLIX.COM Singapore SGP,Netflix,360.33,Subscriptions
Gaming purchase,Local Shop 745,29085.0,Entertainment (Movies / Games / Events)
Tuition fee payment,Service Provider 714,38653.0,Education / Tuition
Mobile top-up #9988,Telecom 9988,1864.0,Utilities & Services
Salary credited #9656,Employer Payroll 9656,104567.0,Income
Water bill payment #8506,Water Utility 8506,876.0,Utilities & Services
Gift purchase,Service Provider 828,46930.0,Gifts & Celebrations
Zakat contribution #6719,Charity 6719,115597.0,Charity & Donations
Policy renewal,Local Shop 710,16616.0,Insurance
ICT/18173873-5327-402a- 84e4-420c712e PK,External Transfer,720.0,Transfers
Doctor consultation #8889,Clinic 8889,4873.0,Healthcare & Medical
Electronics purchase #9421,Electronics Store 9421,38004.0,Shopping & Retail
Event booking #2529,Ticketing 2529,11388.0,Entertainment & Recreation
Electricity bill payment #9445,Electric Company 9445,4396.0,Utilities & Services
Bank charges #3069,Bank 3069,656.0,Financial Services
Food delivery #9129,Delivery Service 9129,4010.0,Food & Dining
Water bill payment #8950,Water Utility 8950,4956.0,Utilities & Services
Investment deposit #1371,Broker 1371,95826.0,Financial Services
Refund received #5634,Merchant Refund 5634,12513.0,Income
Bonus credited #6363,Employer Bonus 6363,20767.0,Income
Coffee purchase #5532,Cafe 5532,1298.0,Food & Dining
Fresh produce purchase,Online Merchant 476,28943.0,Groceries
Fuel purchase #5260,Petrol Pump 5260,878.0,Transportation
Coffee purchase #5146,Cafe 5146,818.0,Food & Dining
Loan repayment #3318,Loan Provider 3318,77721.0,Financial Services
Doctor consultation #8870,Clinic 8870,8828.0,Healthcare & Medical
Salary credited #3044,Employer Payroll 3044,129101.0,Income
Anniversary gift,Marketplace 555,5552.0,Gifts & Celebrations
Money Transfer - EMAN FATIMA - 03332968914,Eman Fatima,200.0,Transfers
Apartment rent,Service Provider 672,7073.0,Housing / Rent
Mobile top-up #9365,Telecom 9365,3082.0,Utilities & Services
Bonus credited #5340,Employer Bonus 5340,44725.0,Income
Rent for Karachi flat,Generic Store 352,15585.0,Housing / Rent
Water bill payment #9566,Water Utility 9566,5328.0,Utilities & Services
Food delivery #1260,Delivery Service 1260,5222.0,Food & Dining
Ride service fare,Service Provider 307,20440.0,Ride Sharing / Taxi
Restaurant bill #4960,Restaurant 4960,9768.0,Food & Dining
Restaurant bill #3845,Restaurant 3845,7515.0,Food & Dining
Electricity bill payment #2154,Electric Company 2154,15262.0,Utilities & Services
Freelance payment received #2294,Client Payment 2294,74253.0,Income
Salary credited #2388,Employer Payroll 2388,150245.0,Income
Investment deposit,Generic Store 298,49362.0,Savings / Investments
License fee #1353,Government 1353,11494.0,Government & Legal
Online shopping #3886,E-commerce 3886,14982.0,Shopping & Retail
Fuel purchase #3695,Petrol Pump 3695,7360.0,Transportation
License fee #3518,Government 3518,4123.0,Government & Legal
Clothing purchase #3621,Clothing Store 3621,10181.0,Shopping & Retail
Bonus credited #9878,Employer Bonus 9878,66932.0,Income
Ride-share trip,Local Shop 413,40930.0,Ride Sharing / Taxi
Oil change,Service Provider 517,29696.0,Car Maintenance
Food delivery #7797,Delivery Service 7797,5062.0,Food & Dining
License fee #5601,Government 5601,8049.0,Government & Legal
RAAST P2P MUHAMMAD ZUBAIR,Muhammad Zubair,2000.0,Transfers
OGT/41cfb607-34c9-41c5- bf17-81a4c4cd PK,External Transfer,72.0,Transfers
Grocery shopping,Local Shop 239,40685.0,Groceries
Bus fare #1912,Transit 1912,89.0,Transportation
OGT/73d5b9d9-23e9-471b- b90b-755295fc PK,External Transfer,450.0,Transfers
Data recharge,Local Shop 500,4524.0,Mobile & Internet
Water bill payment #6752,Water Utility 6752,7930.0,Utilities & Services
Movie tickets #2880,Cinema 2880,1857.0,Entertainment & Recreation
Concert entry,Marketplace 893,9132.0,Entertainment (Movies / Games / Events)
Money Transfer - EMAN FATIMA - 03332968914,Eman Fatima,290.0,Transfers
Loan repayment #9386,Loan Provider 9386,43201.0,Financial Services
Gas station payment,Local Shop 626,23248.0,Fuel / Gas
Home supplies #4254,Retail Store 4254,5814.0,Shopping & Retail
OGT/bcf458af-27ce-4363- bfd0-c5f28a6e PK,External Transfer,1.0,Transfers
Fundraiser contribution #4417,Fundraiser 4417,44916.0,Charity & Donations
Traffic fine #5978,Government 5978,32408.0,Government & Legal
App subscription renewal,Marketplace 176,35962.0,Subscriptions (Streaming / Apps)
Card fee #3596,Bank 3596,136.0,Financial Services
Household supplies,Online Merchant 657,34937.0,Home Supplies / Household Items
Bonus credited #8348,Employer Bonus 8348,84882.0,Income
Gym membership #4139,Gym 4139,6607.0,Entertainment & Recreation
Weekly groceries,Generic Store 163,30853.0,Groceries
Gift purchase,Online Merchant 132,33039.0,Gifts & Celebrations
Refund received #4745,Merchant Refund 4745,18987.0,Income
ICT/9bee861b-d2aa-43bc- 8bb3-dc616d8c PK,External Transfer,580.0,Transfers
Exam fee,Marketplace 743,13932.0,Education / Tuition
Tax payment #8191,Government 8191,12344.0,Government & Legal
Freelance payment received #2451,Client Payment 2451,58780.0,Income
ICT/88ef5c8d-f4f8-4a31- b0cc-8fe43c18 PK,External Transfer,2000.0,Transfers
License fee #2993,Government 2993,867.0,Government & Legal
Pharmacy purchase #8551,Pharmacy 8551,1247.0,Healthcare & Medical
Online shopping #9831,E-commerce 9831,24036.0,Shopping & Retail
Online shopping #9429,E-commerce 9429,28690.0,Shopping & Retail
Hospital charges #1834,Hospital 1834,5389.0,Healthcare & Medical
Monthly rent payment,Local Shop 787,30340.0,Housing / Rent
School fee,Service Provider 674,25748.0,Education / Tuition
License fee #6969,Government 6969,42174.0,Government & Legal
Concert entry,Marketplace 844,6822.0,Entertainment (Movies / Games / Events)
License fee #2790,Government 2790,30701.0,Government & Legal
ICT/33101155-66cd-4902- a160-dbe5c16f PK,External Transfer,5400.0,Transfers
Electronics purchase #3824,Electronics Store 3824,21787.0,Shopping & Retail
Bus fare,Online Merchant 518,22663.0,Public Transport
Savings transfer,Local Shop 346,23713.0,Savings / Investments
Pharmacy purchase,Online Merchant 745,24600.0,Medical / Pharmacy
Hospital charges #3278,Hospital 3278,14822.0,Healthcare & Medical
Traffic fine #7082,Government 7082,44397.0,Government & Legal
ICT/64ceb9e9-2d90-4633- 959d-0983ad1c PK,External Transfer,1.0,Transfers
OGT/f7651608-a137-4683- b293-9db1cc5b PK,External Transfer,1000.0,Transfers
OGT/77ebd1eb-4706-4c2c- 95bd-265f35f5 PK,External Transfer,65.0,Transfers
Donation #3552,Charity 3552,33231.0,Charity & Donations
Tax payment #7015,Government 7015,121127.0,Government & Legal
Investment deposit #2355,Broker 2355,87905.0,Financial Services
Salary credited #2821,Employer Payroll 2821,37732.0,Income
Pharmacy purchase #1362,Pharmacy 1362,4753.0,Healthcare & Medical
Freelance payment received #9423,Client Payment 9423,79354.0,Income
Court fee #1795,Legal Service 1795,40687.0,Government & Legal
Restaurant bill #9163,Restaurant 9163,3156.0,Food & Dining
Food court meal,Marketplace 859,16622.0,Restaurants / Eating Out
Anniversary gift,Service Provider 981,10376.0,Gifts & Celebrations
Internet bill payment #2457,ISP 2457,1733.0,Utilities & Services
Lab test payment #4627,Diagnostic Lab 4627,10340.0,Healthcare & Medical
RAAST P2P Sajjad Hussain,Sajjad Hussain,1000.0,Transfers
Bank charges #6002,Bank 6002,1077.0,Financial Services
OGT/65cb562c-dfb7-45de- a70f-7cb9e92d PK,External Transfer,210.0,Transfers
Supermarket groceries,Generic Store 212,34898.0,Groceries
Bus fare,Marketplace 492,13917.0,Public Transport
Mobile package,Online Merchant 712,45709.0,Mobile & Internet
Gadget order,Service Provider 484,25764.0,Shopping (Clothes / Electronics)
Online shopping #4246,E-commerce 4246,13783.0,Shopping & Retail
Clothing purchase #2401,Clothing Store 2401,23456.0,Shopping & Retail
Event booking,Local Shop 405,38416.0,Entertainment (Movies / Games / Events)
Mobile top-up #1005,Telecom 1005,2977.0,Utilities & Services
Investment deposit #7005,Broker 7005,167465.0,Financial Services
ICT/eeaa2ca9-5c89-43b3- 83b9-d8ee9872 PK,External Transfer,331000.0,Transfers
Ride payment #9237,Ride-hailing 9237,5337.0,Transportation
Freelance payment received #5556,Client Payment 5556,27240.0,Income
Mobile top-up #9151,Telecom 9151,1325.0,Utilities & Services
Electronics purchase #4523,Electronics Store 4523,87930.0,Shopping & Retail
Donation #5120,Charity 5120,430.0,Charity & Donations
OGT/9491c3da-2a8e-4283- a9f5-be1551fb PK,External Transfer,190.0,Transfers
Savings transfer,Marketplace 883,16266.0,Savings / Investments
Electricity bill payment #8329,Electric Company 8329,24981.0,Utilities & Services
Loan repayment #7719,Loan Provider 7719,10117.0,Financial Services
Traffic fine #5596,Government 5596,40276.0,Government & Legal
Raast Payment - PK31ASCM0000070320209638,Pk31Ascm0000070320209638,550.0,Transfers
Court fee #4562,Legal Service 4562,55380.0,Government & Legal
Bonus credited #1277,Employer Bonus 1277,62270.0,Income
Tax payment #2707,Government 2707,43355.0,Government & Legal
Fundraiser contribution #1551,Fundraiser 1551,30517.0,Charity & Donations
ICT/a1265a86-bfc5-4bb8- 956c-210bcba4 PK,External Transfer,2000.0,Transfers
Donation #5245,Charity 5245,39377.0,Charity & Donations
Court fee #8004,Legal Service 8004,49415.0,Government & Legal
Raast Payment - PK42SADA0000003169183946,Pk42Sada0000003169183946,300.0,Transfers
ICT/09ef1002-ce70-42b1- 954b-35ed9e34 PK,External Transfer,30.0,Transfers
Mobile package,Local Shop 201,12931.0,Mobile & Internet
Clothing purchase #8668,Clothing Store 8668,4200.0,Shopping & Retail
Traffic fine #3969,Government 3969,7017.0,Government & Legal
Loan repayment #6246,Loan Provider 6246,68190.0,Financial Services
Cleaning products purchase,Local Shop 216,6559.0,Home Supplies / Household Items
Event booking #8475,Ticketing 8475,11657.0,Entertainment & Recreation
Coffee purchase,Generic Store 734,31045.0,Coffee & Snacks
Concert entry,Local Shop 688,41426.0,Entertainment (Movies / Games / Events)
Salary credited #9735,Employer Payroll 9735,44942.0,Income
Movie tickets #5697,Cinema 5697,1707.0,Entertainment & Recreation
Movie tickets #3921,Cinema 3921,734.0,Entertainment & Recreation
Pharmacy purchase #7825,Pharmacy 7825,2288.0,Healthcare & Medical
Traffic fine #6076,Government 6076,43964.0,Government & Legal
Bank Transfer - MUHAMMAD NAVEED - 5010317987400015,Muhammad Naveed,201.54,Transfers
Electricity bill,Generic Store 346,36096.0,Electricity / Water / Gas
Internet bill payment #6576,ISP 6576,1698.0,Utilities & Services
Electronics purchase,Local Shop 181,9305.0,Shopping (Clothes / Electronics)
Savings transfer,Service Provider 425,14405.0,Savings / Investments
Investment deposit,Local Shop 524,40757.0,Savings / Investments
Exam fee,Online Merchant 454,20514.0,Education / Tuition
Gym membership #5298,Gym 5298,5067.0,Entertainment & Recreation
Bank charges #2297,Bank 2297,248.0,Financial Services
Event booking #5540,Ticketing 5540,17678.0,Entertainment & Recreation
Court fee #8315,Legal Service 8315,10131.0,Government & Legal
License fee #8240,Government 8240,13297.0,Government & Legal
Insurance premium,Generic Store 628,9608.0,Insurance
Pharmacy purchase #6273,Pharmacy 6273,3802.0,Healthcare & Medical
Cab booking,Online Merchant 480,5980.0,Ride Sharing / Taxi
Loan repayment #8251,Loan Provider 8251,31799.0,Financial Services
Grocery shopping #6871,Grocery Store 6871,8890.0,Food & Dining
Lab test payment #5565,Diagnostic Lab 5565,20024.0,Healthcare & Medical
Donation #6307,Charity 6307,8547.0,Charity & Donations
ICT/18e14287-68cc-4fb0- b797-6c867f38 PK,External Transfer,250.0,Transfers
Refund received #6395,Merchant Refund 6395,4867.0,Income
Investment deposit #7803,Broker 7803,69306.0,Financial Services
Event booking,Marketplace 205,4961.0,Entertainment (Movies / Games / Events)
Clothing purchase #8440,Clothing Store 8440,13392.0,Shopping & Retail
Lab test payment #6689,Diagnostic Lab 6689,19861.0,Healthcare & Medical
Restaurant bill #1014,Restaurant 1014,2072.0,Food & Dining
Cleaning products purchase,Marketplace 879,8828.0,Home Supplies / Household Items
Refund received #3434,Merchant Refund 3434,12763.0,Income
Weekly groceries,Online Merchant 683,22189.0,Groceries
TELENOR PAKISTAN (PV ISLAMABAD PAK,Telenor,212.8,Bills
OGT/40c9e2f5-e3f0-47c1- a2b5-71c81772 PK,External Transfer,69.0,Transfers
Zakat contribution #6754,Charity 6754,81457.0,Charity & Donations
Doctor consultation #2733,Clinic 2733,4654.0,Healthcare & Medical
Donation #9777,Charity 9777,10609.0,Charity & Donations
Fundraiser contribution #7180,Fundraiser 7180,12091.0,Charity & Donations
Court fee #2003,Legal Service 2003,16755.0,Government & Legal
Refund received #8273,Merchant Refund 8273,9309.0,Income
Restaurant bill,Marketplace 452,16496.0,Restaurants / Eating Out
Home supplies #8804,Retail Store 8804,13577.0,Shopping & Retail
Freelance payment received #8489,Client Payment 8489,62589.0,Income
Money Transfer - ABDUR RASHEED - 03345005977,Abdur Rasheed,90.0,Transfers
Electronics purchase #7844,Electronics Store 7844,87591.0,Shopping & Retail
Pharmacy purchase #8525,Pharmacy 8525,7819.0,Healthcare & Medical
Money Transfer - EMAN FATIMA - 03332968914,Eman Fatima,300.0,Transfers
Internet bill,Local Shop 694,47866.0,Mobile & Internet
Grocery shopping #2688,Grocery Store 2688,13022.0,Food & Dining
Bonus credited #6781,Employer Bonus 6781,64643.0,Income
Food court meal,Marketplace 238,14482.0,Restaurants / Eating Out
Bank charges #3567,Bank 3567,1347.0,Financial Services
Salary credited #1847,Employer Payroll 1847,74323.0,Income
Bus fare #8395,Transit 8395,384.0,Transportation
Pharmacy purchase,Local Shop 741,34287.0,Medical / Pharmacy
Online shopping #7342,E-commerce 7342,17686.0,Shopping & Retail
Refund received #6671,Merchant Refund 6671,13737.0,Income
Doctor consultation #6360,Clinic 6360,1252.0,Healthcare & Medical
Petrol purchase,Service Provider 859,3397.0,Fuel / Gas
Zakat contribution #5727,Charity 5727,136977.0,Charity & Donations
Streaming subscription,Online Merchant 279,24825.0,Subscriptions (Streaming / Apps)
Investment deposit #6287,Broker 6287,12781.0,Financial Services
Investment deposit #8460,Broker 8460,189529.0,Financial Services
Lab test payment #2161,Diagnostic Lab 2161,20109.0,Healthcare & Medical
License fee #3675,Government 3675,38184.0,Government & Legal
Cafe snack,Generic Store 640,28831.0,Coffee & Snacks
Concert entry,Generic Store 566,40304.0,Entertainment (Movies / Games / Events)
Court fee #4032,Legal Service 4032,22641.0,Government & Legal
Money Transfer - EMAN FATIMA - 03332968914,Eman Fatima,240.0,Transfers
Freelance payment received #4414,Client Payment 4414,37542.0,Income
Refund received #1744,Merchant Refund 1744,1486.0,Income
Bus fare,Local Shop 303,20417.0,Public Transport
Loan repayment #5486,Loan Provider 5486,54604.0,Financial Services
OGT/75ad0d6d-c1b2-4e56- 8750-7611b8e7 PK,External Transfer,1740.0,Transfers
Fundraiser contribution #7729,Fundraiser 7729,10151.0,Charity & Donations
Mutual fund contribution,Marketplace 939,26622.0,Savings / Investments
Fashion store bill,Generic Store 781,47891.0,Shopping (Clothes / Electronics)
Oil change,Local Shop 172,28082.0,Car Maintenance
Gaming purchase,Generic Store 840,10998.0,Entertainment (Movies / Games / Events)
Fundraiser contribution #3237,Fundraiser 3237,39503.0,Charity & Donations
Electronics purchase #1445,Electronics Store 1445,64132.0,Shopping & Retail
Ride payment #7730,Ride-hailing 7730,6849.0,Transportation
Event booking #6641,Ticketing 6641,6491.0,Entertainment & Recreation
Fundraiser contribution #1877,Fundraiser 1877,24496.0,Charity & Donations
Lab test payment #5825,Diagnostic Lab 5825,10844.0,Healthcare & Medical
Pharmacy purchase #1454,Pharmacy 1454,5829.0,Healthcare & Medical
Ride payment #1241,Ride-hailing 1241,4940.0,Transportation
ICT/b587532c-1170-449d- b1d2-dfbf4f2c PK,External Transfer,500.0,Transfers
OGT/eed782f6-1489-48b2- aa65-0f6f74a9 PK,External Transfer,11.0,Transfers
Bus fare #3593,Transit 3593,224.0,Transportation
RAAST P2P ZAIN RIAZ,Zain Riaz,1700.0,Transfers
Gaming purchase,Local Shop 686,34916.0,Entertainment (Movies / Games / Events)
Bank charges #5906,Bank 5906,772.0,Financial Services
Mobile top-up #1099,Telecom 1099,718.0,Utilities & Services
Hospital charges #9576,Hospital 9576,29678.0,Healthcare & Medical
Loan repayment #7041,Loan Provider 7041,59643.0,Financial Services
Fuel purchase #7805,Petrol Pump 7805,5866.0,Transportation
ICT/c91c29e8-ec9b-4f91- 8d8d-73a71bd9 PK,External Transfer,500.0,Transfers
Online shopping #1601,E-commerce 1601,38941.0,Shopping & Retail
Medicine bill,Generic Store 286,2680.0,Medical / Pharmacy
Ride payment #9249,Ride-hailing 9249,6540.0,Transportation
ICT/6983fffd-6001-4880- bfb2-5b0a7dc8 PK,External Transfer,2000.0,Transfers
Movie tickets,Generic Store 952,24712.0,Entertainment (Movies / Games / Events)
Streaming subscription #2772,Streaming Service 2772,808.0,Entertainment & Recreation
Restaurant bill #6312,Restaurant 6312,8603.0,Food & Dining
Traffic fine #3581,Government 3581,34128.0,Government & Legal
Gaming purchase,Service Provider 844,44544.0,Entertainment (Movies / Games / Events)
Card fee #4490,Bank 4490,85.0,Financial Services
Online shopping #4404,E-commerce 4404,34021.0,Shopping & Retail
Tax payment #9411,Government 9411,243168.0,Government & Legal
Refund received #3792,Merchant Refund 3792,6511.0,Income
OGT/e3ede2c7-3415-4470- 9857-4455b618 PK,External Transfer,10000.0,Transfers
Donation #7083,Charity 7083,3084.0,Charity & Donations
Grocery shopping,Local Shop 415,28332.0,Groceries
Fashion store bill,Online Merchant 329,23803.0,Shopping (Clothes / Electronics)
Lab test payment #9927,Diagnostic Lab 9927,830.0,Healthcare & Medical
Bus fare #1112,Transit 1112,197.0,Transportation
Mobile package,Marketplace 350,37214.0,Mobile & Internet
RAAST P2P YAHYA KHAN,Yahya Khan,3950.0,Transfers
License fee #9641,Government 9641,9905.0,Government & Legal
Cafe snack,Local Shop 693,9443.0,Coffee & Snacks
Lab test payment #6550,Diagnostic Lab 6550,18780.0,Healthcare & Medical
App subscription renewal,Online Merchant 813,48341.0,Subscriptions (Streaming / Apps)
Doctor consultation #2822,Clinic 2822,11253.0,Healthcare & Medical
Health insurance,Marketplace 596,32157.0,Insurance
ICT/72ac9691-ca48-4210- 8fd5-062b0a17 PK,External Transfer,1000.0,Transfers
Bank charges #6915,Bank 6915,723.0,Financial Services
Apartment rent,Marketplace 262,8313.0,Housing / Rent
Donation #1067,Charity 1067,27777.0,Charity & Donations
Service subscription,Local Shop 367,47717.0,Subscriptions (Streaming / Apps)
ICT/8c64e879-1657-4ef5- 926c-f14c23d1 PK,External Transfer,20000.0,Transfers
Exam fee,Generic Store 971,22270.0,Education / Tuition
Zakat contribution #4693,Charity 4693,168618.0,Charity & Donations
Traffic fine #3633,Government 3633,19548.0,Government & Legal
Mutual fund contribution,Local Shop 692,4342.0,Savings / Investments
Gas station payment,Generic Store 352,14247.0,Fuel / Gas
Refund received #8242,Merchant Refund 8242,8817.0,Income
Electronics purchase,Local Shop 839,3754.0,Shopping (Clothes / Electronics)
Traffic fine #8115,Government 8115,46238.0,Government & Legal
Grocery shopping #8053,Grocery Store 8053,8858.0,Food & Dining
RAAST P2P MALIK MUHAMMAD Y,Malik Muhammad Y,30.0,Transfers
Event booking #7930,Ticketing 7930,9187.0,Entertainment & Recreation
ICT/ab071963-25e7-42ac- 9636-60245159 PK,External Transfer,500.0,Transfers
Tax payment #5473,Government 5473,182098.0,Government & Legal
Gym membership #8342,Gym 8342,3529.0,Entertainment & Recreation
OGT/ed929a2d-0329-4179- 82cc-f6acf570 PK,External Transfer,60.0,Transfers
Gaming purchase,Generic Store 187,1550.0,Entertainment (Movies / Games / Events)
Electricity bill payment #2871,Electric Company 2871,5616.0,Utilities & Services
Traffic fine #3497,Government 3497,12423.0,Government & Legal
Exam fee,Local Shop 801,32151.0,Education / Tuition
Raast Payment - PK30NBPA2239004139737101,Pk30Nbpa2239004139737101,230.0,Transfers
Donation #5013,Charity 5013,3644.0,Charity & Donations
Apartment rent,Generic Store 501,45139.0,Housing / Rent
Grocery shopping #5941,Grocery Store 5941,5272.0,Food & Dining
Money Transfer - MUHAMMAD JASEEM MUSSA - 03186060442,Muhammad Jaseem Mussa,350.0,Transfers
Movie tickets #4855,Cinema 4855,3759.0,Entertainment & Recreation
Grocery shopping #8599,Grocery Store 8599,13985.0,Food & Dining
Raast Payment - PK37SADA0000003409095882,Pk37Sada0000003409095882,535.0,Transfers
Clothes shopping,Marketplace 916,23900.0,Shopping (Clothes / Electronics)
OGT/de154af2-3cfc-4e01- ac51-3a22ccd7 PK,External Transfer,600.0,Transfers
Taxi ride,Local Shop 521,24766.0,Ride Sharing / Taxi
Exam fee,Marketplace 329,31601.0,Education / Tuition
Event booking #3320,Ticketing 3320,2920.0,Entertainment & Recreation
Zakat contribution #4911,Charity 4911,51329.0,Charity & Donations
Grocery shopping #6710,Grocery Store 6710,14455.0,Food & Dining
Fundraiser contribution #7881,Fundraiser 7881,33715.0,Charity & Donations
Restaurant bill #1369,Restaurant 1369,3736.0,Food & Dining
Bus fare,Local Shop 951,10017.0,Public Transport
Doctor consultation #5681,Clinic 5681,5697.0,Healthcare & Medical
Fundraiser contribution #7744,Fundraiser 7744,19574.0,Charity & Donations
School fee,Marketplace 783,49599.0,Education / Tuition
Mobile top-up #9255,Telecom 9255,2024.0,Utilities & Services
Rent for Multan flat,Service Provider 622,20910.0,Housing / Rent
ICT/7e191bc5-ef6e-4358- 877f-cfec7322 PK,External Transfer,190.0,Transfers
Fundraiser contribution #6478,Fundraiser 6478,4554.0,Charity & Donations
Streaming subscription #8363,Streaming Service 8363,912.0,Entertainment & Recreation
Bank charges #3037,Bank 3037,1925.0,Financial Services
Refund received #5129,Merchant Refund 5129,11202.0,Income
Water bill payment #3019,Water Utility 3019,7482.0,Utilities & Services
House rent transfer,Marketplace 568,14393.0,Housing / Rent
Online shopping #8161,E-commerce 8161,36940.0,Shopping & Retail
OGT/521bcaf9-ab99-4670- 94fc-b3b1a91e PK,External Transfer,150.0,Transfers
Fundraiser contribution #6309,Fundraiser 6309,32921.0,Charity & Donations
OGT/b1e078df-82aa-4e4e- 9961-51c39cc3 PK,External Transfer,200.0,Transfers
Bus fare #1426,Transit 1426,201.0,Transportation
Restaurant bill #6676,Restaurant 6676,7659.0,Food & Dining
Investment deposit #6418,Broker 6418,43184.0,Financial Services
Mobile package,Online Merchant 489,27240.0,Mobile & Internet
Exam fee,Service Provider 160,22698.0,Education / Tuition
Refund received #6528,Merchant Refund 6528,19060.0,Income
Transit card recharge,Generic Store 637,5319.0,Public Transport
CWD/MINGORA ROAD PUL SOKAIE MINGORA ROAD PUL SOKAIE,Mingora Road Pul Sokaie Mingora Road Pul Sokaie,4023.44,Cash Withdrawal
Course enrollment,Marketplace 699,26166.0,Education / Tuition
OGT/45953292-dfca-4e2b- aef4-1016614f PK,External Transfer,670.0,Transfers
Movie tickets #5017,Cinema 5017,465.0,Entertainment & Recreation
Bonus credited #6427,Employer Bonus 6427,76569.0,Income
Doctor consultation #7160,Clinic 7160,4963.0,Healthcare & Medical
OGT/cbd63909-ee75-41d0- 828c-b20b1b9d PK,External Transfer,300.0,Transfers
Restaurant bill #1040,Restaurant 1040,5492.0,Food & Dining
ICT/4862e6f3-0b0f-42b7- b612-21515f49 PK,External Transfer,1000.0,Transfers
Court fee #7802,Legal Service 7802,67349.0,Government & Legal
License fee #7501,Government 7501,29560.0,Government & Legal
Data recharge,Generic Store 912,8371.0,Mobile & Internet
Donation #3070,Charity 3070,19198.0,Charity & Donations
Donation #5164,Charity 5164,27377.0,Charity & Donations
Grocery shopping #8142,Grocery Store 8142,1295.0,Food & Dining
Card fee #8440,Bank 8440,740.0,Financial Services
Fresh produce purchase,Generic Store 941,27795.0,Groceries
App subscription renewal,Service Provider 177,43632.0,Subscriptions (Streaming / Apps)
Streaming subscription,Online Merchant 191,43960.0,Subscriptions (Streaming / Apps)
Bus fare #1060,Transit 1060,207.0,Transportation
License fee #9188,Government 9188,4940.0,Government & Legal
Home supplies #3127,Retail Store 3127,1100.0,Shopping & Retail
Grocery shopping #7388,Grocery Store 7388,1679.0,Food & Dining
Ride payment #1315,Ride-hailing 1315,434.0,Transportation
Vehicle maintenance,Marketplace 119,1209.0,Car Maintenance
Doctor consultation #2321,Clinic 2321,882.0,Healthcare & Medical
Card fee #5162,Bank 5162,1327.0,Financial Services
Tire replacement,Generic Store 392,22015.0,Car Maintenance
Online shopping #7706,E-commerce 7706,24039.0,Shopping & Retail
Electronics purchase #5014,Electronics Store 5014,87214.0,Shopping & Retail
Traffic fine #8398,Government 8398,28475.0,Government & Legal
Movie tickets #4812,Cinema 4812,2875.0,Entertainment & Recreation
DLO*Temu Karachi PAK,Temu,3473.0,Shopping
Electricity bill payment #2824,Electric Company 2824,22486.0,Utilities & Services
Insurance premium,Marketplace 331,19878.0,Insurance
Water utility bill,Local Shop 156,9601.0,Electricity / Water / Gas
Bank charges #1646,Bank 1646,258.0,Financial Services
Food court meal,Marketplace 489,7069.0,Restaurants / Eating Out
Mobile top-up #3253,Telecom 3253,1814.0,Utilities & Services
Data recharge,Generic Store 285,30559.0,Mobile & Internet
Lab test payment #7142,Diagnostic Lab 7142,4672.0,Healthcare & Medical
RAAST P2P YAHYA KHAN,Yahya Khan,3000.0,Transfers
Electricity bill payment #8855,Electric Company 8855,16865.0,Utilities & Services
Gas bill payment,Service Provider 294,32429.0,Electricity / Water / Gas
Hospital charges #3207,Hospital 3207,16448.0,Healthcare & Medical
Dinner at restaurant,Online Merchant 997,45875.0,Restaurants / Eating Out
Taxi ride,Local Shop 468,38985.0,Ride Sharing / Taxi
Trip expenses,Online Merchant 458,43236.0,Travel (Flights / Hotels)
Food delivery #8978,Delivery Service 8978,3433.0,Food & Dining
Hospital charges #4554,Hospital 4554,53278.0,Healthcare & Medical
OGT/55e32ebd-bec3-400b- 913e-0abe48fe PK,External Transfer,300.0,Transfers
Card fee #6367,Bank 6367,937.0,Financial Services
Electricity bill payment #6493,Electric Company 6493,6567.0,Utilities & Services
Investment deposit #4312,Broker 4312,161818.0,Financial Services
Zakat contribution #9532,Charity 9532,153983.0,Charity & Donations
Lab test payment #7071,Diagnostic Lab 7071,7603.0,Healthcare & Medical
Lunch outing,Online Merchant 307,20888.0,Restaurants / Eating Out
Doctor consultation #5048,Clinic 5048,1391.0,Healthcare & Medical
Streaming subscription #7901,Streaming Service 7901,629.0,Entertainment & Recreation
Mobile top-up #9911,Telecom 9911,143.0,Utilities & Services
Electricity bill payment #6523,Electric Company 6523,1980.0,Utilities & Services
Broadband payment,Generic Store 696,14251.0,Mobile & Internet
Clothing purchase #8279,Clothing Store 8279,6003.0,Shopping & Retail
Fundraiser contribution #5082,Fundraiser 5082,23333.0,Charity & Donations
Court fee #6161,Legal Service 6161,45076.0,Government & Legal
Bus fare,Generic Store 233,9836.0,Public Transport
Coffee purchase #8550,Cafe 8550,420.0,Food & Dining
Donation #8442,Charity 8442,13635.0,Charity & Donations
Cleaning products purchase,Service Provider 701,23405.0,Home Supplies / Household Items
Movie tickets,Online Merchant 346,14751.0,Entertainment (Movies / Games / Events)
RAAST P2P USMAN GHANI,Usman Ghani,12000.0,Transfers
Event booking #1902,Ticketing 1902,14892.0,Entertainment & Recreation
House rent transfer,Local Shop 377,31402.0,Housing / Rent
Pharmacy purchase #2511,Pharmacy 2511,2869.0,Healthcare & Medical
Bus fare #2317,Transit 2317,353.0,Transportation
RAAST P2P ABDUR RASHEED,Abdur Rasheed,80.0,Transfers
Grocery shopping #7188,Grocery Store 7188,11605.0,Food & Dining
Donation #1884,Charity 1884,27036.0,Charity & Donations
Vehicle maintenance #9860,Auto Service 9860,45117.0,Transportation
Prescription refill,Marketplace 202,29265.0,Medical / Pharmacy
Zakat contribution #7153,Charity 7153,151782.0,Charity & Donations
Event booking #9082,Ticketing 9082,12845.0,Entertainment & Recreation
Gym membership #2710,Gym 2710,5308.0,Entertainment & Recreation
Streaming subscription #7945,Streaming Service 7945,2994.0,Entertainment & Recreation
License fee #1479,Government 1479,43889.0,Government & Legal
Freelance payment received #7964,Client Payment 7964,11693.0,Income
Mobile top-up #2756,Telecom 2756,1195.0,Utilities & Services
Food delivery #7995,Delivery Service 7995,3197.0,Food & Dining
Vehicle maintenance #6579,Auto Service 6579,22035.0,Transportation
Fundraiser contribution #6292,Fundraiser 6292,20706.0,Charity & Donations
Online shopping #9049,E-commerce 9049,24046.0,Shopping & Retail
Electronics purchase #9768,Electronics Store 9768,50373.0,Shopping & Retail
Lab test payment #1270,Diagnostic Lab 1270,21959.0,Healthcare & Medical
Electricity bill payment #2898,Electric Company 2898,4439.0,Utilities & Services
Supermarket groceries,Local Shop 145,4842.0,Groceries
Cleaning products purchase,Local Shop 547,33222.0,Home Supplies / Household Items
Movie tickets #3175,Cinema 3175,3991.0,Entertainment & Recreation
OGT/8db84eaa-c8b6-498b- 9d3b-25959964 PK,External Transfer,350.0,Transfers
Internet bill payment #2381,ISP 2381,6618.0,Utilities & Services
OGT/7e5dda6f-9ae7-444f- acdd-702a2cf9 PK,External Transfer,270.0,Transfers
Vehicle maintenance #1724,Auto Service 1724,49549.0,Transportation
Money Transfer - EMAN FATIMA - 03332968914,Eman Fatima,250.0,Transfers
Lab test payment #5652,Diagnostic Lab 5652,10795.0,Healthcare & Medical
Fundraiser contribution #3435,Fundraiser 3435,40597.0,Charity & Donations
Oil change,Online Merchant 765,11298.0,Car Maintenance
Internet bill payment #8288,ISP 8288,11069.0,Utilities & Services
Clothing purchase #3601,Clothing Store 3601,23692.0,Shopping & Retail
ICT/a44d7129-1db7-4e11- 846f-378e43e4 PK,External Transfer,1000.0,Transfers
Food delivery #8674,Delivery Service 8674,2665.0,Food & Dining
Hospital charges #2605,Hospital 2605,22700.0,Healthcare & Medical
ICT/7f16c27c-48ec-4277- ad2d-d48cd723 PK,External Transfer,200.0,Transfers
Court fee #2833,Legal Service 2833,84369.0,Government & Legal
Bus fare #9562,Transit 9562,205.0,Transportation
Weekly groceries,Generic Store 433,4676.0,Groceries
Electronics purchase #1567,Electronics Store 1567,118712.0,Shopping & Retail
Lab test payment #5181,Diagnostic Lab 5181,18088.0,Healthcare & Medical
Freelance payment received #5225,Client Payment 5225,10725.0,Income
Streaming subscription #8044,Streaming Service 8044,562.0,Entertainment & Recreation
Vehicle maintenance,Marketplace 252,14619.0,Car Maintenance
Gas station payment,Marketplace 648,20992.0,Fuel / Gas
OGT/c0392924-6911-4e54- 987f-3acf4cba PK,External Transfer,1900.0,Transfers
Internet bill payment #9845,ISP 9845,2446.0,Utilities & Services
Car insurance payment,Generic Store 498,28144.0,Insurance
Mutual fund contribution,Generic Store 772,38793.0,Savings / Investments
Restaurant bill #1825,Restaurant 1825,4642.0,Food & Dining
Coffee purchase #8086,Cafe 8086,482.0,Food & Dining
OGT/1ada814c-4fa2-4bc7- 9575-67ad6c10 PK,External Transfer,1320.0,Transfers
Restaurant bill #1500,Restaurant 1500,9916.0,Food & Dining
Tax payment #8807,Government 8807,215022.0,Government & Legal
Ride payment #6306,Ride-hailing 6306,1269.0,Transportation
Restaurant bill #8577,Restaurant 8577,10462.0,Food & Dining
Streaming subscription #6091,Streaming Service 6091,1943.0,Entertainment & Recreation
Bank charges #3031,Bank 3031,1537.0,Financial Services
Prescription refill,Online Merchant 701,48491.0,Medical / Pharmacy
Ride payment #3972,Ride-hailing 3972,5577.0,Transportation
Ride payment #2215,Ride-hailing 2215,3305.0,Transportation
Card fee #2229,Bank 2229,496.0,Financial Services
Loan repayment #7951,Loan Provider 7951,67075.0,Financial Services
OGT/d980eb80-4622-4360- 8fda-c6d6a419 PK,External Transfer,640.0,Transfers
Water bill payment #6241,Water Utility 6241,6496.0,Utilities & Services
Google One London GBR,Google One,107.39,Subscriptions
Bus fare,Marketplace 650,4429.0,Public Transport
Diesel top-up,Marketplace 277,8204.0,Fuel / Gas
Bus fare #7467,Transit 7467,88.0,Transportation
Investment deposit #4298,Broker 4298,13203.0,Financial Services
Doctor consultation #6228,Clinic 6228,8785.0,Healthcare & Medical
License fee #5612,Government 5612,41713.0,Government & Legal
Water bill payment #1703,Water Utility 1703,7957.0,Utilities & Services
Refund received #2767,Merchant Refund 2767,1086.0,Income
Zakat contribution #9812,Charity 9812,170948.0,Charity & Donations
Brokerage deposit,Service Provider 244,36447.0,Savings / Investments
Bonus credited #1598,Employer Bonus 1598,88755.0,Income
Trip expenses,Local Shop 248,18125.0,Travel (Flights / Hotels)
Internet bill payment #2627,ISP 2627,9040.0,Utilities & Services
Fuel purchase #5400,Petrol Pump 5400,14252.0,Transportation
Fashion store bill,Local Shop 428,17699.0,Shopping (Clothes / Electronics)
Bus fare,Service Provider 235,42622.0,Public Transport
Restaurant bill #3798,Restaurant 3798,5266.0,Food & Dining
Donation #9878,Charity 9878,7870.0,Charity & Donations
Savings transfer,Service Provider 872,33144.0,Savings / Investments
Ride service fare,Marketplace 107,36119.0,Ride Sharing / Taxi
Bonus credited #8493,Employer Bonus 8493,20265.0,Income
Health insurance,Marketplace 460,7591.0,Insurance
Donation #8875,Charity 8875,30638.0,Charity & Donations
Online shopping #9912,E-commerce 9912,28057.0,Shopping & Retail
Streaming subscription #1388,Streaming Service 1388,1965.0,Entertainment & Recreation
OGT/be012dc2-d963-4e8d- ba21-291b268d PK,External Transfer,100.0,Transfers
Event booking #2067,Ticketing 2067,7891.0,Entertainment & Recreation
Streaming subscription #1146,Streaming Service 1146,813.0,Entertainment & Recreation
Raast Payment - YAHYA KHAN - SBP Raast,Yahya Khan,930.0,Transfers
Fuel purchase #6831,Petrol Pump 6831,7433.0,Transportation
Party supplies,Service Provider 823,12594.0,Gifts & Celebrations
Loan repayment #5015,Loan Provider 5015,58444.0,Financial Services
Coffee purchase #8030,Cafe 8030,1147.0,Food & Dining
License fee #9419,Government 9419,22120.0,Government & Legal
Loan repayment #2574,Loan Provider 2574,43152.0,Financial Services
Fundraiser contribution #5061,Fundraiser 5061,432.0,Charity & Donations
Traffic fine #5772,Government 5772,11910.0,Government & Legal
Lab test payment #6899,Diagnostic Lab 6899,3977.0,Healthcare & Medical
Electricity bill payment #7554,Electric Company 7554,3095.0,Utilities & Services
Loan repayment #6172,Loan Provider 6172,59389.0,Financial Services
Lunch outing,Generic Store 321,28649.0,Restaurants / Eating Out
Investment deposit,Online Merchant 704,35760.0,Savings / Investments
Food court meal,Marketplace 685,7165.0,Restaurants / Eating Out
ICT/dc0d7b76-3375-464a- a32c-513c7a7a PK,External Transfer,5000.0,Transfers
Donation #3503,Charity 3503,41499.0,Charity & Donations
Loan repayment #2856,Loan Provider 2856,14977.0,Financial Services
Monthly streaming fee,Local Shop 723,16525.0,Subscriptions (Streaming / Apps)
Bus fare #2563,Transit 2563,422.0,Transportation
Anniversary gift,Generic Store 200,20502.0,Gifts & Celebrations
Lab test payment #5981,Diagnostic Lab 5981,5283.0,Healthcare & Medical
Salary credited #6872,Employer Payroll 6872,137636.0,Income
OGT/5f7ee07f-13d7-4ef1- a552-bdddcfbf PK,External Transfer,300.0,Transfers
Lab test payment #2244,Diagnostic Lab 2244,6475.0,Healthcare & Medical
Event booking #4026,Ticketing 4026,15978.0,Entertainment & Recreation
Monthly rent payment,Marketplace 122,35798.0,Housing / Rent
Brokerage deposit,Local Shop 363,19981.0,Savings / Investments
Taxi ride,Generic Store 871,43384.0,Ride Sharing / Taxi
ICT/5608e48e-cb14-4f1b- 8a85-9ab2a1f1 PK,External Transfer,7500.0,Transfers
ICT/becba9b2-bb19-428a- 995c-346a1d96 PK,External Transfer,320.0,Transfers
Home supplies #8670,Retail Store 8670,4223.0,Shopping & Retail
Zakat contribution #4611,Charity 4611,29256.0,Charity & Donations
Card fee #8682,Bank 8682,895.0,Financial Services
Doctor consultation #1406,Clinic 1406,2355.0,Healthcare & Medical
ICT/a99e995c-8374-4479- 8e57-e46a3d3d PK,External Transfer,69.0,Transfers
Streaming subscription #8664,Streaming Service 8664,839.0,Entertainment & Recreation
Grocery shopping #2556,Grocery Store 2556,7416.0,Food & Dining
Doctor consultation #4671,Clinic 4671,6706.0,Healthcare & Medical
Gift purchase,Local Shop 714,11827.0,Gifts & Celebrations
OGT/eda207d6-9a43-4515- b561-e437929e PK,External Transfer,160.0,Transfers
Refund received #9339,Merchant Refund 9339,3814.0,Income
Refund received #4465,Merchant Refund 4465,15726.0,Income
Weekly groceries,Generic Store 570,46803.0,Groceries
Ride-share trip,Generic Store 434,11905.0,Ride Sharing / Taxi
Money Transfer - ANEESUR REHMAN - 03109448156,Aneesur Rehman,130.0,Transfers
Loan repayment #9746,Loan Provider 9746,64289.0,Financial Services
Trip expenses,Local Shop 463,46977.0,Travel (Flights / Hotels)
Gift purchase,Generic Store 362,31953.0,Gifts & Celebrations
NETFLIX.COM Singapore SGP,Netflix,285.15,Subscriptions
Grocery shopping #4245,Grocery Store 4245,7990.0,Food & Dining
Clothes shopping,Service Provider 546,21524.0,Shopping (Clothes / Electronics)
Restaurant bill,Local Shop 434,35487.0,Restaurants / Eating Out
Coffee purchase,Service Provider 859,35433.0,Coffee & Snacks
Flight booking,Online Merchant 582,44953.0,Travel (Flights / Hotels)
Electricity bill payment #4706,Electric Company 4706,4538.0,Utilities & Services
Donation #7060,Charity 7060,7704.0,Charity & Donations
Hotel reservation,Marketplace 779,8255.0,Travel (Flights / Hotels)
Event booking,Local Shop 662,32799.0,Entertainment (Movies / Games / Events)
Doctor consultation #8666,Clinic 8666,2046.0,Healthcare & Medical
Zakat contribution #1904,Charity 1904,122839.0,Charity & Donations
Online shopping #7019,E-commerce 7019,4452.0,Shopping & Retail
Bank charges #9916,Bank 9916,1076.0,Financial Services
Doctor consultation #2839,Clinic 2839,547.0,Healthcare & Medical
Monthly streaming fee,Online Merchant 655,24968.0,Subscriptions (Streaming / Apps)
Electricity bill payment #9644,Electric Company 9644,11618.0,Utilities & Services
ICT/576aeed0-d34a-483f- 8fb6-76da3a94 PK,External Transfer,90.0,Transfers
Bus fare #5980,Transit 5980,160.0,Transportation
Bus fare,Service Provider 466,6186.0,Public Transport
Gym membership #5773,Gym 5773,12857.0,Entertainment & Recreation
Event booking,Generic Store 904,5207.0,Entertainment (Movies / Games / Events)
Fuel purchase #6066,Petrol Pump 6066,14220.0,Transportation
Trip expenses,Marketplace 580,46930.0,Travel (Flights / Hotels)
Clothing purchase #2585,Clothing Store 2585,13275.0,Shopping & Retail
ICT/2afa52d9-4198-4548- b149-38df80cd PK,External Transfer,2000.0,Transfers
Pharmacy purchase #2472,Pharmacy 2472,1344.0,Healthcare & Medical
Vehicle maintenance #7963,Auto Service 7963,44185.0,Transportation
Coffee purchase #5572,Cafe 5572,300.0,Food & Dining
Tax payment #5231,Government 5231,169985.0,Government & Legal
Pharmacy purchase,Local Shop 184,46360.0,Medical / Pharmacy
Loan repayment #8765,Loan Provider 8765,23659.0,Financial Services
Hospital charges #1475,Hospital 1475,41782.0,Healthcare & Medical
Grocery shopping,Service Provider 842,21621.0,Groceries
Car service,Generic Store 574,41380.0,Car Maintenance
Health insurance,Generic Store 754,30876.0,Insurance
RAAST P2P MUHAMMAD KASHIF,Muhammad Kashif,160.0,Transfers
Clothing purchase #1346,Clothing Store 1346,15607.0,Shopping & Retail
Tax payment #6300,Government 6300,142001.0,Government & Legal
Weekly groceries,Marketplace 962,8552.0,Groceries
Anniversary gift,Service Provider 925,9692.0,Gifts & Celebrations
Home supplies #1965,Retail Store 1965,16497.0,Shopping & Retail
Restaurant bill #8266,Restaurant 8266,5271.0,Food & Dining
Court fee #3546,Legal Service 3546,43925.0,Government & Legal
Zakat contribution #9879,Charity 9879,109048.0,Charity & Donations
RAAST P2P YAHYA KHAN,Yahya Khan,930.0,Transfers
Lab test payment #4551,Diagnostic Lab 4551,16016.0,Healthcare & Medical
Movie tickets #3671,Cinema 3671,2497.0,Entertainment & Recreation
Online shopping #9339,E-commerce 9339,15348.0,Shopping & Retail
Refund received #3735,Merchant Refund 3735,15940.0,Income
Clinic visit,Marketplace 983,49052.0,Medical / Pharmacy
Coffee purchase #6498,Cafe 6498,1211.0,Food & Dining
Tax payment #7571,Government 7571,114702.0,Government & Legal
ICT/20fc7b65-b1fe-442d- 8e2b-00bfdb79 PK,External Transfer,3131.0,Transfers
Ride-share trip,Service Provider 874,26369.0,Ride Sharing / Taxi
Money Transfer - USMAN GHANI - 03467476318,Usman Ghani,250.0,Transfers
Doctor consultation #4960,Clinic 4960,7233.0,Healthcare & Medical
Electricity bill,Marketplace 387,18758.0,Electricity / Water / Gas
Loan repayment #5075,Loan Provider 5075,6310.0,Financial Services
Bank charges #9635,Bank 9635,1824.0,Financial Services
Event booking #9575,Ticketing 9575,16119.0,Entertainment & Recreation
Gym membership #8991,Gym 8991,7928.0,Entertainment & Recreation
Medicine bill,Local Shop 143,43982.0,Medical / Pharmacy
Medicine bill,Generic Store 130,33471.0,Medical / Pharmacy
Mobile top-up #7636,Telecom 7636,4994.0,Utilities & Services
Gym membership #9526,Gym 9526,10167.0,Entertainment & Recreation
Ride payment #5757,Ride-hailing 5757,2952.0,Transportation
Cab booking,Marketplace 301,20203.0,Ride Sharing / Taxi
Coffee purchase #5614,Cafe 5614,1449.0,Food & Dining
License fee #9542,Government 9542,11181.0,Government & Legal
Tax payment #6535,Government 6535,181978.0,Government & Legal
Zakat contribution #2713,Charity 2713,12966.0,Charity & Donations
Pharmacy purchase #3271,Pharmacy 3271,2025.0,Healthcare & Medical
Gaming purchase,Generic Store 391,36091.0,Entertainment (Movies / Games / Events)
Clinic visit,Online Merchant 499,47996.0,Medical / Pharmacy
Fuel purchase #1575,Petrol Pump 1575,7540.0,Transportation
Household supplies,Online Merchant 285,3929.0,Home Supplies / Household Items
Doctor consultation #3502,Clinic 3502,5485.0,Healthcare & Medical
Salary credited #3129,Employer Payroll 3129,89112.0,Income
Vehicle maintenance #1683,Auto Service 1683,37502.0,Transportation
Exam fee,Service Provider 578,1336.0,Education / Tuition
Investment deposit #5748,Broker 5748,195367.0,Financial Services
Clothing purchase #3889,Clothing Store 3889,16538.0,Shopping & Retail
Traffic fine #8518,Government 8518,7557.0,Government & Legal
Tax payment #7015,Government 7015,151992.0,Government & Legal
Event booking #9900,Ticketing 9900,17842.0,Entertainment & Recreation
RAAST P2P ABDUR RASHEED,Abdur Rasheed,220.0,Transfers
Car insurance payment,Online Merchant 287,6203.0,Insurance
Clothing purchase #9011,Clothing Store 9011,21076.0,Shopping & Retail
ICT/1463c62f-5511-4954- b967-2c9d5b09 PK,External Transfer,200.0,Transfers
Taxi ride,Online Merchant 402,11846.0,Ride Sharing / Taxi
Online shopping #3316,E-commerce 3316,21438.0,Shopping & Retail
Restaurant bill #7955,Restaurant 7955,10792.0,Food & Dining
Gas station payment,Generic Store 572,17932.0,Fuel / Gas
Data recharge,Generic Store 499,1511.0,Mobile & Internet
Bank charges #8032,Bank 8032,390.0,Financial Services
Diesel top-up,Generic Store 987,32711.0,Fuel / Gas
Refund received #3532,Merchant Refund 3532,17143.0,Income
ICT/98b7e83f-5c58-4bf4- b97b-e0af6da8 PK,External Transfer,300.0,Transfers
Doctor consultation #6101,Clinic 6101,11565.0,Healthcare & Medical
OGT/ee262286-2a70-426c- bc05-898a590d PK,External Transfer,320.0,Transfers
Train pass,Service Provider 912,21465.0,Public Transport
Savings transfer,Marketplace 552,24111.0,Savings / Investments
Ride payment #9741,Ride-hailing 9741,1149.0,Transportation
Food delivery #6356,Delivery Service 6356,4488.0,Food & Dining
Vehicle maintenance #5350,Auto Service 5350,9389.0,Transportation
Money Transfer - EMAN FATIMA - 03332968914,Eman Fatima,1000.0,Transfers
OGT/3aa654e9-3435-4b5e- 834d-2fb889a9 PK,External Transfer,10100.0,Transfers
Bus fare #5721,Transit 5721,200.0,Transportation
Restaurant bill #4490,Restaurant 4490,9111.0,Food & Dining
OGT/48da22cd-ac06-4b47- abd1-b6ef2aa6 PK,External Transfer,60.0,Transfers
Fundraiser contribution #6787,Fundraiser 6787,17789.0,Charity & Donations
Movie tickets #4833,Cinema 4833,4609.0,Entertainment & Recreation
Medicine bill,Local Shop 279,35746.0,Medical / Pharmacy
Traffic fine #2437,Government 2437,17764.0,Government & Legal
Lab test payment #6689,Diagnostic Lab 6689,11515.0,Healthcare & Medical
Restaurant bill #8427,Restaurant 8427,8754.0,Food & Dining
Salary credited #6083,Employer Payroll 6083,58454.0,Income
Fundraiser contribution #6493,Fundraiser 6493,10448.0,Charity & Donations
Event booking #4196,Ticketing 4196,10377.0,Entertainment & Recreation
Online shopping #5641,E-commerce 5641,15527.0,Shopping & Retail
Loan repayment #9770,Loan Provider 9770,72782.0,Financial Services
Food delivery #3628,Delivery Service 3628,1397.0,Food & Dining
ICT/69472941-c11e-4183- 8480-7cbcc6bf PK,External Transfer,280.0,Transfers
Online shopping #3057,E-commerce 3057,32378.0,Shopping & Retail
Online shopping #9375,E-commerce 9375,7987.0,Shopping & Retail
OGT/17d89ca3-4dd7-4b2e- 8d53-11eb825e PK,External Transfer,380.0,Transfers
Coffee purchase,Marketplace 352,14116.0,Coffee & Snacks
License fee #6039,Government 6039,15882.0,Government & Legal
Kitchen supplies,Local Shop 722,41012.0,Home Supplies / Household Items
Streaming subscription,Generic Store 811,15630.0,Subscriptions (Streaming / Apps)
Flight booking,Local Shop 750,36546.0,Travel (Flights / Hotels)
Monthly rent payment,Service Provider 494,21707.0,Housing / Rent
Refund received #7027,Merchant Refund 7027,11377.0,Income
Utility charges,Service Provider 361,32083.0,Electricity / Water / Gas
Birthday celebration expense,Generic Store 414,13719.0,Gifts & Celebrations
OGT/428bb98b-f625-4dfe- 984a-8b807c8d PK,External Transfer,700.0,Transfers
App subscription renewal,Marketplace 155,10374.0,Subscriptions (Streaming / Apps)
Online shopping #4577,E-commerce 4577,32270.0,Shopping & Retail
Raast Payment - PK91NAYA1234503176001939,Pk91Naya1234503176001939,48.0,Transfers
Water bill payment #4709,Water Utility 4709,3288.0,Utilities & Services
Kitchen supplies,Service Provider 379,2002.0,Home Supplies / Household Items
Investment deposit #6356,Broker 6356,61920.0,Financial Services
Hospital charges #2293,Hospital 2293,62561.0,Healthcare & Medical
Bonus credited #4255,Employer Bonus 4255,62684.0,Income
OGT/ecee311a-e0ed-4bdd- 801c-24a932f8 PK,External Transfer,200.0,Transfers
Streaming subscription #7067,Streaming Service 7067,2112.0,Entertainment & Recreation
ICT/a9303ea3-7d3f-46bd- a4dd-137d92fd PK,External Transfer,800.0,Transfers
Fundraiser contribution #6216,Fundraiser 6216,4269.0,Charity & Donations
Salary credited #7947,Employer Payroll 7947,34865.0,Income
OGT/4d25e5b5-8b54-4b41- bd58-8f04a37e PK,External Transfer,720.0,Transfers
Salary credited #6012,Employer Payroll 6012,57781.0,Income
Coffee purchase #1266,Cafe 1266,866.0,Food & Dining
Event booking #8851,Ticketing 8851,6632.0,Entertainment & Recreation
Fundraiser contribution #8521,Fundraiser 8521,27042.0,Charity & Donations
Bus fare #7245,Transit 7245,314.0,Transportation
Restaurant bill #9911,Restaurant 9911,9679.0,Food & Dining
Movie tickets #1795,Cinema 1795,2419.0,Entertainment & Recreation
House rent transfer,Marketplace 590,22226.0,Housing / Rent
Grocery shopping #6880,Grocery Store 6880,9374.0,Food & Dining
RAAST P2P MUHAMMAD BILAL,Muhammad Bilal,500.0,Transfers
Ride service fare,Online Merchant 265,13712.0,Ride Sharing / Taxi
Pharmacy purchase #3197,Pharmacy 3197,6512.0,Healthcare & Medical
License fee #1732,Government 1732,21833.0,Government & Legal
RAAST P2P BABU AKHLAQ TUCK,Babu Akhlaq Tuck,50.0,Transfers
Movie tickets,Online Merchant 649,27880.0,Entertainment (Movies / Games / Events)
Money Transfer - SHAHID AYYUB - 03115222090,Shahid Ayyub,60.0,Transfers
Restaurant bill,Generic Store 492,41375.0,Restaurants / Eating Out
Service subscription,Generic Store 322,37048.0,Subscriptions (Streaming / Apps)
Tea and pastry,Local Shop 505,26534.0,Coffee & Snacks
Medicine bill,Local Shop 419,20085.0,Medical / Pharmacy
Movie tickets,Local Shop 468,12863.0,Entertainment (Movies / Games / Events)
Freelance payment received #8717,Client Payment 8717,77524.0,Income
Food delivery #3172,Delivery Service 3172,5172.0,Food & Dining
OGT/c80b8845-3a42-4bf1- 817f-dc449a1e PK,External Transfer,300.0,Transfers
OGT/c78e17f1-31f5-4438- bd70-e5688557 PK,External Transfer,540.0,Transfers
Kitchen supplies,Generic Store 833,20987.0,Home Supplies / Household Items
Zakat contribution #3859,Charity 3859,43328.0,Charity & Donations
ICT/6a43824f-b3bb-4a7b- b9e2-6e4be1d2 PK,External Transfer,600.0,Transfers
ICT/45a34f09-e7ee-456b- a30b-37d3a539 PK,External Transfer,230.0,Transfers
Electronics purchase #4329,Electronics Store 4329,112259.0,Shopping & Retail
Food court meal,Generic Store 199,25457.0,Restaurants / Eating Out
Internet bill,Local Shop 353,38351.0,Mobile & Internet
Freelance payment received #4657,Client Payment 4657,35689.0,Income
License fee #7282,Government 7282,31105.0,Government & Legal
Restaurant bill #4765,Restaurant 4765,3794.0,Food & Dining
ICT/af883ea8-ab5f-4039- b80e-d76df817 PK,External Transfer,3000.0,Transfers
Vehicle maintenance #3580,Auto Service 3580,2143.0,Transportation
Electricity bill payment #8634,Electric Company 8634,6580.0,Utilities & Services
Water bill payment #2699,Water Utility 2699,2595.0,Utilities & Services
Internet bill payment #7884,ISP 7884,13283.0,Utilities & Services
Online shopping #2142,E-commerce 2142,25167.0,Shopping & Retail
NETFLIX.COM Singapore SGP,Netflix,360.33,Subscriptions
Grocery shopping #8402,Grocery Store 8402,6778.0,Food & Dining
Hospital charges #5777,Hospital 5777,43720.0,Healthcare & Medical
Ride payment #5600,Ride-hailing 5600,4412.0,Transportation
Flight booking,Marketplace 845,19255.0,Travel (Flights / Hotels)
House rent transfer,Generic Store 366,25365.0,Housing / Rent
Car insurance payment,Local Shop 669,44916.0,Insurance
Court fee #3743,Legal Service 3743,18219.0,Government & Legal
Diesel top-up,Generic Store 522,41518.0,Fuel / Gas
Mobile top-up #2388,Telecom 2388,4881.0,Utilities & Services
Home essentials,Generic Store 645,24904.0,Home Supplies / Household Items
Hospital charges #6939,Hospital 6939,60575.0,Healthcare & Medical
Zakat contribution #3245,Charity 3245,86935.0,Charity & Donations
Savings transfer,Marketplace 551,15859.0,Savings / Investments
Streaming subscription #2678,Streaming Service 2678,912.0,Entertainment & Recreation
Gas bill payment,Marketplace 809,12508.0,Electricity / Water / Gas
OGT/bcc6ae7a-538d-48f7- bd45-357fc7d8 PK,External Transfer,10000.0,Transfers
CWD/PAK AUSTRIA PAK AUSTRIA HARIPUR PK,Pak Austria Pak Austria Haripur Pk,5023.44,Cash Withdrawal
Movie tickets #3630,Cinema 3630,1593.0,Entertainment & Recreation
Internet bill payment #5740,ISP 5740,2085.0,Utilities & Services
ICT/3a13d5ad-e0f7-4e53- b22c-9a350bcb PK,External Transfer,500.0,Transfers
Traffic fine #6496,Government 6496,42293.0,Government & Legal
School fee,Service Provider 183,28807.0,Education / Tuition
Ride payment #1148,Ride-hailing 1148,7836.0,Transportation
License fee #1017,Government 1017,10500.0,Government & Legal
ICT/cdd46548-7dfd-453f- 9072-fcf9e5c3 PK,External Transfer,500.0,Transfers
ICT/bafd7bf5-9799-411e- 935e-e83b1831 PK,External Transfer,1150.0,Transfers
Tire replacement,Service Provider 993,540.0,Car Maintenance
Restaurant bill #1132,Restaurant 1132,10863.0,Food & Dining
Petrol purchase,Online Merchant 326,36762.0,Fuel / Gas
Lab test payment #5149,Diagnostic Lab 5149,18214.0,Healthcare & Medical
Fresh produce purchase,Online Merchant 981,29638.0,Groceries
Zakat contribution #5255,Charity 5255,10423.0,Charity & Donations
Electronics purchase #5683,Electronics Store 5683,112861.0,Shopping & Retail
Electricity bill payment #7495,Electric Company 7495,695.0,Utilities & Services
Vehicle maintenance #4492,Auto Service 4492,38117.0,Transportation
Investment deposit #1425,Broker 1425,23590.0,Financial Services
Food court meal,Local Shop 137,5881.0,Restaurants / Eating Out
Donation #2456,Charity 2456,6331.0,Charity & Donations
RAAST P2P TAUSEEF KHAN,Tauseef Khan,300.0,Transfers
Concert entry,Generic Store 545,39893.0,Entertainment (Movies / Games / Events)
Streaming subscription,Generic Store 728,25199.0,Subscriptions (Streaming / Apps)
ICT/2a32c0fd-bf5a-4351- 863a-1d9c8240 PK,External Transfer,4000.0,Transfers
Mobile top-up #6456,Telecom 6456,1253.0,Utilities & Services
Gym membership #3316,Gym 3316,7548.0,Entertainment & Recreation
Rent for Peshawar flat,Service Provider 642,14563.0,Housing / Rent
Data recharge,Online Merchant 976,20242.0,Mobile & Internet
Event booking,Online Merchant 420,3394.0,Entertainment (Movies / Games / Events)
Food court meal,Online Merchant 389,8951.0,Restaurants / Eating Out
Grocery shopping #4460,Grocery Store 4460,9606.0,Food & Dining
Lab test payment #5880,Diagnostic Lab 5880,10542.0,Healthcare & Medical
Lunch outing,Service Provider 520,42076.0,Restaurants / Eating Out
Streaming subscription #9694,Streaming Service 9694,1017.0,Entertainment & Recreation
Electricity bill payment #3048,Electric Company 3048,2275.0,Utilities & Services
Investment deposit #8744,Broker 8744,6917.0,Financial Services
Oil change,Generic Store 393,19824.0,Car Maintenance
Lunch outing,Generic Store 399,20565.0,Restaurants / Eating Out
Data recharge,Service Provider 683,27780.0,Mobile & Internet
Water bill payment #4724,Water Utility 4724,1875.0,Utilities & Services
Movie tickets,Service Provider 352,36886.0,Entertainment (Movies / Games / Events)
Monthly rent payment,Service Provider 749,34868.0,Housing / Rent
Grocery shopping #3717,Grocery Store 3717,378.0,Food & Dining
Monthly streaming fee,Online Merchant 942,10025.0,Subscriptions (Streaming / Apps)
Investment deposit,Online Merchant 773,6046.0,Savings / Investments
Vehicle maintenance,Marketplace 693,7134.0,Car Maintenance
Food delivery #3030,Delivery Service 3030,1143.0,Food & Dining
Broadband payment,Generic Store 609,44115.0,Mobile & Internet
App subscription renewal,Local Shop 809,17501.0,Subscriptions (Streaming / Apps)
ICT/35178e27-7b69-4597- bfad-789eb3b5 PK,External Transfer,2000.0,Transfers
Home essentials,Marketplace 329,39928.0,Home Supplies / Household Items
Rent for Rawalpindi flat,Local Shop 465,20956.0,Housing / Rent
Refund received #8025,Merchant Refund 8025,5687.0,Income
Bonus credited #1524,Employer Bonus 1524,83059.0,Income
OGT/582bb302-63fa-4625- 8ecd-194511d7 PK,External Transfer,400.0,Transfers
OGT/e8be248b-2893-4522- 8d29-6bfac4e5 PK,External Transfer,770.0,Transfers
Electronics purchase #9687,Electronics Store 9687,29644.0,Shopping & Retail
ICT/9d3cf072-f5cc-4f39- ba71-ed30a83b PK,External Transfer,500.0,Transfers
House rent transfer,Local Shop 554,39216.0,Housing / Rent
Coffee purchase #7043,Cafe 7043,974.0,Food & Dining
Mobile top-up #9493,Telecom 9493,215.0,Utilities & Services
Investment deposit #7274,Broker 7274,184421.0,Financial Services
Gas bill payment,Online Merchant 587,12727.0,Electricity / Water / Gas
Salary credited #6228,Employer Payroll 6228,247731.0,Income
Home supplies #9782,Retail Store 9782,2801.0,Shopping & Retail
OGT/7a6b9ff5-e1b4-4cc6- ba70-16622733 PK,External Transfer,200.0,Transfers
PUR/NETFLIX.COM 9 Straits View Marina Singapore 018937 SG SGP,Netflix.Com,307.08,Subscriptions
Gym membership #8440,Gym 8440,5376.0,Entertainment & Recreation
Bonus credited #2535,Employer Bonus 2535,80381.0,Income
Prescription refill,Marketplace 409,15804.0,Medical / Pharmacy
Ride payment #1865,Ride-hailing 1865,2007.0,Transportation
Home supplies #4130,Retail Store 4130,2813.0,Shopping & Retail
Transit card recharge,Marketplace 605,4254.0,Public Transport
Event booking #1293,Ticketing 1293,16932.0,Entertainment & Recreation
Movie tickets #7882,Cinema 7882,619.0,Entertainment & Recreation
Food delivery #5631,Delivery Service 5631,5725.0,Food & Dining
RAAST P2P SYED MUHAMMAD AM,Syed Muhammad Am,350.0,Transfers
Internet bill,Marketplace 781,34223.0,Mobile & Internet
Grocery shopping,Local Shop 563,34067.0,Groceries
Coffee purchase #1763,Cafe 1763,1027.0,Food & Dining
Bus fare #5553,Transit 5553,410.0,Transportation
Freelance payment received #3230,Client Payment 3230,44826.0,Income
Tuition fee payment,Generic Store 126,43042.0,Education / Tuition
Pharmacy purchase #1004,Pharmacy 1004,1968.0,Healthcare & Medical
Bonus credited #1160,Employer Bonus 1160,85463.0,Income
Vehicle maintenance #7226,Auto Service 7226,2339.0,Transportation
Gas station payment,Marketplace 357,9710.0,Fuel / Gas
Freelance payment received #1850,Client Payment 1850,71473.0,Income
Restaurant bill #1464,Restaurant 1464,2129.0,Food & Dining
License fee #9685,Government 9685,37736.0,Government & Legal
Freelance payment received #3983,Client Payment 3983,76533.0,Income
DARAZ.PK KARACHI PAK,Daraz,1228.0,Shopping
Movie tickets #3371,Cinema 3371,2052.0,Entertainment & Recreation
Bank charges #8376,Bank 8376,1612.0,Financial Services
Savings transfer,Online Merchant 710,34630.0,Savings / Investments
Event booking #1622,Ticketing 1622,14101.0,Entertainment & Recreation
Fashion store bill,Online Merchant 495,46783.0,Shopping (Clothes / Electronics)
Event booking #9947,Ticketing 9947,18578.0,Entertainment & Recreation
Card fee #9055,Bank 9055,617.0,Financial Services
Vehicle maintenance #5564,Auto Service 5564,2340.0,Transportation
Investment deposit #9037,Broker 9037,127815.0,Financial Services
Bank charges #2705,Bank 2705,823.0,Financial Services
Mobile top-up #5284,Telecom 5284,603.0,Utilities & Services
OGT/b992225e-a918-46e9- 89de-0255c39b PK,External Transfer,150.0,Transfers
Medicine bill,Service Provider 828,392.0,Medical / Pharmacy
Travel agency payment,Service Provider 898,21797.0,Travel (Flights / Hotels)
OGT/f5104298-21ba-410e- 8b92-8d9f2273 PK,External Transfer,1000.0,Transfers
Electricity bill payment #5988,Electric Company 5988,8811.0,Utilities & Services
Electricity bill,Local Shop 255,23358.0,Electricity / Water / Gas
Mobile top-up #9542,Telecom 9542,3184.0,Utilities & Services
Online shopping #9838,E-commerce 9838,25632.0,Shopping & Retail
RAAST P2P EMAN FATIMA,Eman Fatima,500.0,Transfers
Investment deposit,Online Merchant 312,36097.0,Savings / Investments
Mobile top-up #7600,Telecom 7600,2740.0,Utilities & Services
ICT/2c857217-6e3c-46e9- bbf3-dc8e2db1 PK,External Transfer,1100.0,Transfers
Doctor consultation #1020,Clinic 1020,11433.0,Healthcare & Medical
Home supplies #9969,Retail Store 9969,3121.0,Shopping & Retail
Restaurant bill #2114,Restaurant 2114,355.0,Food & Dining
Bonus credited #4930,Employer Bonus 4930,38012.0,Income
Birthday celebration expense,Marketplace 795,36456.0,Gifts & Celebrations
Data recharge,Marketplace 838,7096.0,Mobile & Internet
ICT/511da23c-3594-4a5a- a53b-9a018d69 PK,External Transfer,5000.0,Transfers
Gas bill payment,Marketplace 284,23279.0,Electricity / Water / Gas
OGT/194beaa3-131d-40b7- b17f-6c075af1 PK,External Transfer,150.0,Transfers
Clothes shopping,Generic Store 253,49532.0,Shopping (Clothes / Electronics)
OGT/0eb39ab0-f3f0-46ab- 97f1-6f089ca3 PK,External Transfer,400.0,Transfers
Investment deposit #8359,Broker 8359,157012.0,Financial Services
Oil change,Local Shop 214,21561.0,Car Maintenance
Clothing purchase #8456,Clothing Store 8456,9907.0,Shopping & Retail
Bus fare #4080,Transit 4080,275.0,Transportation
OGT/28c020ed-4f27-483b- b860-8af72653 PK,External Transfer,400.0,Transfers
Home supplies #2862,Retail Store 2862,8470.0,Shopping & Retail
Cafe snack,Service Provider 127,38640.0,Coffee & Snacks
Home supplies #9089,Retail Store 9089,19318.0,Shopping & Retail
Movie tickets #8735,Cinema 8735,4751.0,Entertainment & Recreation
Coffee purchase #9860,Cafe 9860,1378.0,Food & Dining
ICT/728f4de2-535a-4b08- b84b-ea31ae38 PK,External Transfer,1500.0,Transfers
Online shopping #9952,E-commerce 9952,11293.0,Shopping & Retail
OGT/2079f979-8f64-47d1- a5c8-04eaab0c PK,External Transfer,1000.0,Transfers
Internet bill payment #7695,ISP 7695,5888.0,Utilities & Services
Refund received #2382,Merchant Refund 2382,11633.0,Income
Food delivery #5471,Delivery Service 5471,1551.0,Food & Dining
Grocery shopping #3927,Grocery Store 3927,8495.0,Food & Dining
Bonus credited #7650,Employer Bonus 7650,13016.0,Income
Gadget order,Generic Store 335,2315.0,Shopping (Clothes / Electronics)
Tire replacement,Marketplace 971,6608.0,Car Maintenance
Oil change,Marketplace 301,36304.0,Car Maintenance
Train pass,Marketplace 293,48593.0,Public Transport
Streaming subscription #8518,Streaming Service 8518,2211.0,Entertainment & Recreation
Zakat contribution #2529,Charity 2529,32157.0,Charity & Donations
Vehicle maintenance,Local Shop 712,7586.0,Car Maintenance
Flight booking,Local Shop 124,42028.0,Travel (Flights / Hotels)
Card fee #8616,Bank 8616,296.0,Financial Services
Zakat contribution #3841,Charity 3841,117702.0,Charity & Donations
OGT/a357016a-e870-4793- 85ba-af41b8d9 PK,External Transfer,860.0,Transfers
Water bill payment #4690,Water Utility 4690,5774.0,Utilities & Services
Refund received #2258,Merchant Refund 2258,937.0,Income
Money Transfer - ABDUR RASHEED - 03345005977,Abdur Rasheed,300.0,Transfers
Refund received #2097,Merchant Refund 2097,2630.0,Income
OGT/1a04b2ea-f30d-4c53- bd84-b67b4063 PK,External Transfer,500.0,Transfers
Gift purchase,Generic Store 696,20894.0,Gifts & Celebrations
ICT/9d987ffc-851d-4871- 9598-cffcedab PK,External Transfer,7000.0,Transfers
Fuel purchase #6386,Petrol Pump 6386,2894.0,Transportation
Salary credited #9559,Employer Payroll 9559,216194.0,Income
Freelance payment received #3861,Client Payment 3861,67117.0,Income
Bus fare #1689,Transit 1689,293.0,Transportation
Gym membership #2026,Gym 2026,13576.0,Entertainment & Recreation
Lab test payment #5975,Diagnostic Lab 5975,6181.0,Healthcare & Medical
Weekly groceries,Service Provider 786,46013.0,Groceries
RAAST P2P MUHAMMAD ASLAM,Muhammad Aslam,320.0,Transfers
Investment deposit #3876,Broker 3876,123507.0,Financial Services
Refund received #3642,Merchant Refund 3642,18370.0,Income
Online shopping #2326,E-commerce 2326,32148.0,Shopping & Retail
Bank charges #7605,Bank 7605,79.0,Financial Services
Grocery shopping #8330,Grocery Store 8330,3984.0,Food & Dining
Money Transfer - EMAN FATIMA - 03332968914,Eman Fatima,2000.0,Transfers
Donation #5940,Charity 5940,45700.0,Charity & Donations
Court fee #8154,Legal Service 8154,76186.0,Government & Legal
Mutual fund contribution,Generic Store 596,14007.0,Savings / Investments
Coffee purchase #5977,Cafe 5977,1027.0,Food & Dining
ICT/186b9a54-eaa1-4a5f- 8f69-a8e974a2 PK,External Transfer,1000.0,Transfers
Mobile top-up #5781,Telecom 5781,2784.0,Utilities & Services
Internet bill payment #7713,ISP 7713,3737.0,Utilities & Services
Clothing purchase #6191,Clothing Store 6191,2616.0,Shopping & Retail
ICT/e6c5f5fe-88da-4867- bc43-207acc46 PK,External Transfer,100.0,Transfers
Internet bill,Service Provider 926,30700.0,Mobile & Internet
RAAST P2P MUHAMMAD BILAL,Muhammad Bilal,500.0,Transfers
Coffee purchase #5439,Cafe 5439,1127.0,Food & Dining
Gas station payment,Local Shop 763,29418.0,Fuel / Gas
Gaming purchase,Online Merchant 112,37374.0,Entertainment (Movies / Games / Events)
Donation #7786,Charity 7786,11046.0,Charity & Donations
ICT/b71d4afb-b99b-4e07- 9397-1aa510b9 PK,External Transfer,1000.0,Transfers
Gas station payment,Local Shop 332,6377.0,Fuel / Gas
Home supplies #5329,Retail Store 5329,8629.0,Shopping & Retail
Birthday celebration expense,Generic Store 502,31215.0,Gifts & Celebrations
Tax payment #5056,Government 5056,227363.0,Government & Legal
Restaurant bill,Online Merchant 819,19152.0,Restaurants / Eating Out
Bank Transfer - MUHAMMAD NAVEED - 5010317987400015,Muhammad Naveed,260.99,Transfers
Fundraiser contribution #2364,Fundraiser 2364,10049.0,Charity & Donations
Bus fare #2716,Transit 2716,122.0,Transportation
Water bill payment #4031,Water Utility 4031,2312.0,Utilities & Services
Trip expenses,Online Merchant 741,9444.0,Travel (Flights / Hotels)
Data recharge,Online Merchant 382,10910.0,Mobile & Internet
Fuel purchase #9993,Petrol Pump 9993,13123.0,Transportation
Zakat contribution #1325,Charity 1325,45280.0,Charity & Donations
ICT/39ab0b8e-f144-41e7- 8fb6-0b316d5a PK,External Transfer,1220.0,Transfers
Investment deposit #6269,Broker 6269,181941.0,Financial Services
Fundraiser contribution #1182,Fundraiser 1182,1038.0,Charity & Donations
Gift purchase,Service Provider 211,16137.0,Gifts & Celebrations
Water bill payment #2528,Water Utility 2528,2389.0,Utilities & Services
ICT/25057c62-8f96-42b8- 923b-bef35456 PK,External Transfer,300.0,Transfers
Investment deposit,Local Shop 223,6015.0,Savings / Investments
Tuition fee payment,Marketplace 836,27200.0,Education / Tuition
Money Transfer - MUHAMMAD TAHIR AZEEM - 03455908476,Muhammad Tahir Azeem,207.0,Transfers
Gadget order,Service Provider 517,13975.0,Shopping (Clothes / Electronics)
Internet bill payment #7657,ISP 7657,10109.0,Utilities & Services
Court fee #6957,Legal Service 6957,22618.0,Government & Legal
Salary credited #9176,Employer Payroll 9176,110578.0,Income
OGT/d08edc37-c15e-4bda- a93f-e6568d65 PK,External Transfer,200.0,Transfers
Gadget order,Marketplace 612,19314.0,Shopping (Clothes / Electronics)
ICT/1f0bee3d-38b9-4ee2- 8f34-bde2a0f7 PK,External Transfer,500.0,Transfers
ICT/3f76680e-b9e2-4add- 8223-76736ffa PK,External Transfer,226.0,Transfers
Vehicle maintenance #8211,Auto Service 8211,7518.0,Transportation
Grocery shopping #9624,Grocery Store 9624,7626.0,Food & Dining
Utility charges,Marketplace 708,23347.0,Electricity / Water / Gas
Food delivery #6277,Delivery Service 6277,5975.0,Food & Dining
Loan repayment #8565,Loan Provider 8565,25880.0,Financial Services
Streaming subscription #2570,Streaming Service 2570,1041.0,Entertainment & Recreation
RAAST P2P BABU AKHLAQ TUCK,Babu Akhlaq Tuck,410.0,Transfers
Tax payment #1399,Government 1399,78905.0,Government & Legal
Lab test payment #2909,Diagnostic Lab 2909,6699.0,Healthcare & Medical
Loan repayment #6578,Loan Provider 6578,13522.0,Financial Services
Online shopping #7628,E-commerce 7628,2111.0,Shopping & Retail
Clothing purchase #7344,Clothing Store 7344,20817.0,Shopping & Retail
APPLE.COM/BILL ITUNES.COM IRL,Apple,125.31,Bills
Grocery shopping #6201,Grocery Store 6201,6392.0,Food & Dining
Internet bill,Marketplace 684,24764.0,Mobile & Internet
OGT/3915e294-4945-4325- aa99-76b31040 PK,External Transfer,60.0,Transfers
Fuel purchase #2261,Petrol Pump 2261,5213.0,Transportation
ICT/ec0bb5b7-fc0a-4179- 8094-30db9875 PK,External Transfer,160.0,Transfers
Coffee purchase #5411,Cafe 5411,412.0,Food & Dining
Zakat contribution #4192,Charity 4192,120655.0,Charity & Donations
Gas bill payment,Service Provider 331,40775.0,Electricity / Water / Gas
Court fee #7590,Legal Service 7590,37721.0,Government & Legal
Bus fare,Service Provider 941,16602.0,Public Transport
Car service,Local Shop 260,29740.0,Car Maintenance
Train pass,Online Merchant 734,27301.0,Public Transport
Event booking,Online Merchant 584,1215.0,Entertainment (Movies / Games / Events)
Electricity bill payment #7098,Electric Company 7098,7836.0,Utilities & Services
Pharmacy purchase #2594,Pharmacy 2594,4535.0,Healthcare & Medical
Restaurant bill #9901,Restaurant 9901,11069.0,Food & Dining
Transit card recharge,Marketplace 156,8690.0,Public Transport
Apartment rent,Service Provider 503,36872.0,Housing / Rent
Mobile top-up #7131,Telecom 7131,115.0,Utilities & Services
Tire replacement,Online Merchant 860,41504.0,Car Maintenance
License fee #9457,Government 9457,32854.0,Government & Legal
Lab test payment #7477,Diagnostic Lab 7477,4418.0,Healthcare & Medical
Card fee #8933,Bank 8933,1252.0,Financial Services
OGT/76686328-2aac-4146- aff6-8715d26b PK,External Transfer,130.0,Transfers
Lab test payment #1996,Diagnostic Lab 1996,22184.0,Healthcare & Medical
Medicine bill,Generic Store 643,1357.0,Medical / Pharmacy
Traffic fine #8013,Government 8013,37346.0,Government & Legal
Raast Payment - PK38NBPA2330004257425902,Pk38Nbpa2330004257425902,240.0,Transfers
Cafe snack,Marketplace 759,32257.0,Coffee & Snacks
RAAST P2P MUHAMMAD ASLAM,Muhammad Aslam,15.0,Transfers
Court fee #7456,Legal Service 7456,36021.0,Government & Legal
Lab test payment #6872,Diagnostic Lab 6872,6723.0,Healthcare & Medical
Refund received #6032,Merchant Refund 6032,1993.0,Income
ICT/e951fb0e-04ce-436b- ab66-a5d6141f PK,External Transfer,650.0,Transfers
Zakat contribution #4401,Charity 4401,128290.0,Charity & Donations
Exam fee,Online Merchant 552,26344.0,Education / Tuition
Donation #1580,Charity 1580,18960.0,Charity & Donations
Fundraiser contribution #8985,Fundraiser 8985,11097.0,Charity & Donations
Zakat contribution #2890,Charity 2890,26989.0,Charity & Donations
Streaming subscription,Online Merchant 708,15348.0,Subscriptions (Streaming / Apps)
Court fee #5722,Legal Service 5722,35967.0,Government & Legal
Zakat contribution #3935,Charity 3935,116663.0,Charity & Donations
Water bill payment #6234,Water Utility 6234,9255.0,Utilities & Services
Card fee #7166,Bank 7166,1382.0,Financial Services
Cab booking,Generic Store 936,18311.0,Ride Sharing / Taxi
Clothing purchase #3026,Clothing Store 3026,17967.0,Shopping & Retail
Travel agency payment,Online Merchant 527,39048.0,Travel (Flights / Hotels)
Grocery shopping #4064,Grocery Store 4064,5886.0,Food & Dining
Gym membership #9996,Gym 9996,11102.0,Entertainment & Recreation
Broadband payment,Online Merchant 582,37926.0,Mobile & Internet
Mobile top-up #9154,Telecom 9154,4605.0,Utilities & Services
Loan repayment #2679,Loan Provider 2679,62180.0,Financial Services
Investment deposit #2468,Broker 2468,70944.0,Financial Services
Cleaning products purchase,Local Shop 335,14189.0,Home Supplies / Household Items
OGT/bf22cd23-87ae-4efe- b228-43e66731 PK,External Transfer,147000.0,Transfers
RAAST P2P YAHYA KHAN,Yahya Khan,3700.0,Transfers
Raast Payment - PK32JCMA0010103105452638,Pk32Jcma0010103105452638,140.0,Transfers
License fee #9977,Government 9977,48749.0,Government & Legal
Fuel refill,Generic Store 808,31650.0,Fuel / Gas
Fuel purchase #6928,Petrol Pump 6928,11940.0,Transportation
Ride service fare,Local Shop 153,41722.0,Ride Sharing / Taxi
Household supplies,Service Provider 193,48095.0,Home Supplies / Household Items
Fundraiser contribution #2413,Fundraiser 2413,34487.0,Charity & Donations
Event booking #5277,Ticketing 5277,8595.0,Entertainment & Recreation
License fee #3503,Government 3503,14261.0,Government & Legal
Electricity bill payment #1879,Electric Company 1879,24253.0,Utilities & Services
ICT/fc5894c7-fce7-434b- 8dac-f8dad99a PK,External Transfer,5000.0,Transfers
Internet bill payment #5252,ISP 5252,14434.0,Utilities & Services
Card fee #4692,Bank 4692,1018.0,Financial Services
Service subscription,Generic Store 665,6921.0,Subscriptions (Streaming / Apps)
Refund received #2104,Merchant Refund 2104,831.0,Income
Streaming subscription #2946,Streaming Service 2946,2214.0,Entertainment & Recreation
OGT/ee9e3828-7b76-4f19- 8dc6-e3e9f8e0 PK,External Transfer,1480.0,Transfers
Electricity bill payment #8577,Electric Company 8577,20089.0,Utilities & Services
Money Transfer - MUHAMMAD NOMAN NAVEED - 03052307865,Muhammad Noman Naveed,150.0,Transfers
Bank charges #4160,Bank 4160,150.0,Financial Services
Tax payment #4131,Government 4131,178588.0,Government & Legal
Coffee shop order,Service Provider 454,31370.0,Coffee & Snacks
ICT/8382c8d7-bde7-4ec2- 8f19-acbe03f2 PK,External Transfer,510.0,Transfers
RAAST P2P BABU AKHLAQ TUCK,Babu Akhlaq Tuck,110.0,Transfers
App subscription renewal,Generic Store 219,21725.0,Subscriptions (Streaming / Apps)
Electricity bill,Generic Store 821,30246.0,Electricity / Water / Gas
OGT/2c2329bf-a8b7-4a5e- 8e46-d8f73b3c PK,External Transfer,2500.0,Transfers
Clothing purchase #1323,Clothing Store 1323,9429.0,Shopping & Retail
Tire replacement,Marketplace 341,1983.0,Car Maintenance
Movie tickets,Generic Store 317,30649.0,Entertainment (Movies / Games / Events)
Freelance payment received #2113,Client Payment 2113,37538.0,Income
School fee,Online Merchant 904,30408.0,Education / Tuition
Hospital charges #3858,Hospital 3858,51586.0,Healthcare & Medical
Gas bill payment,Service Provider 104,22619.0,Electricity / Water / Gas
Clinic visit,Local Shop 471,24217.0,Medical / Pharmacy
Freelance payment received #4307,Client Payment 4307,30368.0,Income
Fuel purchase #3088,Petrol Pump 3088,9452.0,Transportation
Doctor consultation #2164,Clinic 2164,2996.0,Healthcare & Medical
Fresh produce purchase,Service Provider 446,34339.0,Groceries
Weekly groceries,Local Shop 441,9227.0,Groceries
Home supplies #6740,Retail Store 6740,9284.0,Shopping & Retail
Gas station payment,Service Provider 830,16772.0,Fuel / Gas
Water bill payment #8383,Water Utility 8383,749.0,Utilities & Services
OGT/7425423c-0b6a-4344- b778-c1b8702f PK,External Transfer,450.0,Transfers
Coffee purchase #5681,Cafe 5681,1140.0,Food & Dining
ICT/fa0773e7-a13c-491e- 9b0e-5ef2b32b PK,External Transfer,2600.0,Transfers
OGT/79caa43a-6991-4185- 9169-7d37e305 PK,External Transfer,60.0,Transfers
Restaurant bill #8591,Restaurant 8591,10135.0,Food & Dining
ICT/2c06e179-941e-441f- a251-22147ca8 PK,External Transfer,1790.0,Transfers
Bus fare #4658,Transit 4658,470.0,Transportation
Gym membership #5696,Gym 5696,8584.0,Entertainment & Recreation
License fee #1426,Government 1426,29712.0,Government & Legal
Gym membership #4534,Gym 4534,14597.0,Entertainment & Recreation
Movie tickets #4791,Cinema 4791,4315.0,Entertainment & Recreation
Medicine bill,Local Shop 284,29716.0,Medical / Pharmacy
Internet bill payment #4674,ISP 4674,6482.0,Utilities & Services
Household supplies,Generic Store 622,49952.0,Home Supplies / Household Items
Electronics purchase #4337,Electronics Store 4337,84884.0,Shopping & Retail
Electricity bill payment #7702,Electric Company 7702,24622.0,Utilities & Services
Cafe snack,Generic Store 860,30923.0,Coffee & Snacks
Grocery shopping,Generic Store 538,32927.0,Groceries
Ride payment #6056,Ride-hailing 6056,1378.0,Transportation
OGT/6f01b185-5af0-43af- b347-14a663c7 PK,External Transfer,950.0,Transfers
Money Transfer - EMAN FATIMA - 03332968914,Eman Fatima,550.0,Transfers
Raast Payment - PK32JCMA0010103105452638,Pk32Jcma0010103105452638,40.0,Transfers
Electronics purchase #6678,Electronics Store 6678,92691.0,Shopping & Retail
Weekly groceries,Service Provider 592,31537.0,Groceries
ICT/820bd7f4-dc25-4cc0- 9f4d-dd0363b5 PK,External Transfer,500.0,Transfers
Lab test payment #5506,Diagnostic Lab 5506,6696.0,Healthcare & Medical
Food court meal,Marketplace 784,32579.0,Restaurants / Eating Out
Freelance payment received #4002,Client Payment 4002,59790.0,Income
Policy renewal,Generic Store 438,15697.0,Insurance
Streaming subscription #2351,Streaming Service 2351,1383.0,Entertainment & Recreation
Weekly groceries,Online Merchant 321,39392.0,Groceries
Money Transfer - EMAN FATIMA - 03332968914,Eman Fatima,150.0,Transfers
Tuition fee payment,Local Shop 698,14337.0,Education / Tuition
Doctor consultation #8192,Clinic 8192,8449.0,Healthcare & Medical
Bank charges #2286,Bank 2286,1577.0,Financial Services
Mobile top-up #3590,Telecom 3590,3143.0,Utilities & Services
Transit card recharge,Generic Store 930,46073.0,Public Transport
Donation #5935,Charity 5935,23531.0,Charity & Donations
Household supplies,Service Provider 391,565.0,Home Supplies / Household Items
Hospital charges #4565,Hospital 4565,42970.0,Healthcare & Medical
Bus fare,Online Merchant 266,32694.0,Public Transport
Broadband payment,Local Shop 106,43694.0,Mobile & Internet
Water bill payment #5425,Water Utility 5425,9319.0,Utilities & Services
Home supplies #6262,Retail Store 6262,15958.0,Shopping & Retail
Refund received #7968,Merchant Refund 7968,18449.0,Income
RAAST P2P MUHAMMAD RAMZAN,Muhammad Ramzan,310.0,Transfers
Online shopping #7351,E-commerce 7351,8376.0,Shopping & Retail
ICT/788056e1-7e0b-4230- 9ff3-149e2f99 PK,External Transfer,18000.0,Transfers
School fee,Marketplace 338,14623.0,Education / Tuition
Fuel purchase #7364,Petrol Pump 7364,9239.0,Transportation
Mobile top-up #8619,Telecom 8619,2074.0,Utilities & Services
Bus fare #8972,Transit 8972,293.0,Transportation
Fundraiser contribution #1106,Fundraiser 1106,26315.0,Charity & Donations
OGT/0c4e2256-33db-469e- 8fe8-4c64e80e PK,External Transfer,1000.0,Transfers
Water bill payment #3728,Water Utility 3728,2481.0,Utilities & Services
Bank charges #7887,Bank 7887,1515.0,Financial Services
Exam fee,Generic Store 224,46316.0,Education / Tuition
Flight booking,Local Shop 975,30273.0,Travel (Flights / Hotels)
Loan repayment #4546,Loan Provider 4546,73086.0,Financial Services
OGT/849bf54d-82ed-45a6- aab5-2dd520d8 PK,External Transfer,120.0,Transfers
OGT/17ba242e-6ccf-405c- 85bb-6630aadd PK,External Transfer,510.0,Transfers
Salary credited #5818,Employer Payroll 5818,131309.0,Income
Hospital charges #2247,Hospital 2247,61740.0,Healthcare & Medical
Zakat contribution #3919,Charity 3919,25508.0,Charity & Donations
Event booking #4050,Ticketing 4050,17992.0,Entertainment & Recreation
Metro ticket,Online Merchant 351,18143.0,Public Transport
Fuel purchase #9636,Petrol Pump 9636,14106.0,Transportation
Refund received #3168,Merchant Refund 3168,18966.0,Income
Home supplies #5301,Retail Store 5301,10398.0,Shopping & Retail
Health insurance,Service Provider 335,37891.0,Insurance
OGT/88f0f3d5-5800-42b4- b782-32dfcf47 PK,External Transfer,250.0,Transfers
Investment deposit #2905,Broker 2905,128844.0,Financial Services
Diesel top-up,Generic Store 239,21232.0,Fuel / Gas
Court fee #8731,Legal Service 8731,43305.0,Government & Legal
Bank charges #8952,Bank 8952,1867.0,Financial Services
Netflix.com Los Gatos SGP,Netflix,268.47,Subscriptions
Vehicle maintenance #2289,Auto Service 2289,7638.0,Transportation
Coffee purchase #1983,Cafe 1983,648.0,Food & Dining
ICT/0e861212-5737-49e0- 8166-614f4da4 PK,External Transfer,500.0,Transfers
Card fee #7651,Bank 7651,1187.0,Financial Services
Food delivery #7852,Delivery Service 7852,5914.0,Food & Dining
Supermarket groceries,Local Shop 903,5173.0,Groceries
Exam fee,Online Merchant 859,26724.0,Education / Tuition
Clothing purchase #9671,Clothing Store 9671,2379.0,Shopping & Retail
ICT/abc14572-c4bf-4d4f- bd0b-faa5d909 PK,External Transfer,540.0,Transfers
Online shopping #8308,E-commerce 8308,25275.0,Shopping & Retail
Water bill payment #7401,Water Utility 7401,4976.0,Utilities & Services
Bank charges #8309,Bank 8309,1475.0,Financial Services
Loan repayment #6042,Loan Provider 6042,57416.0,Financial Services
OGT/1aae07df-8600-4411- ba6e-af1bff33 PK,External Transfer,160.0,Transfers
Pharmacy purchase #8211,Pharmacy 8211,5773.0,Healthcare & Medical
Birthday celebration expense,Online Merchant 895,45474.0,Gifts & Celebrations
License fee #9420,Government 9420,30919.0,Government & Legal
Electronics purchase #9793,Electronics Store 9793,104664.0,Shopping & Retail
Streaming subscription #6382,Streaming Service 6382,1090.0,Entertainment & Recreation
ICT/7e0fcb45-0674-45ba- 9c11-b6123e43 PK,External Transfer,400.0,Transfers
Fuel purchase #5557,Petrol Pump 5557,13368.0,Transportation
DARAZ.PK KARACHI PAK,Daraz,380.0,Shopping
RAAST P2P BABU AKHLAQ TUCK,Babu Akhlaq Tuck,200.0,Transfers
OGT/a50555ef-1ca1-408b- a4d5-e5454eb0 PK,External Transfer,1000.0,Transfers
Card fee #7244,Bank 7244,705.0,Financial Services
CWD/MINGORA ROAD PUL SOKAIE MINGORA ROAD PUL SOKAIE,Mingora Road Pul Sokaie Mingora Road Pul Sokaie,2023.44,Cash Withdrawal
Traffic fine #7824,Government 7824,9353.0,Government & Legal
Freelance payment received #4577,Client Payment 4577,11065.0,Income
Freelance payment received #4915,Client Payment 4915,27410.0,Income
Refund received #7736,Merchant Refund 7736,2000.0,Income
Event booking #5340,Ticketing 5340,5515.0,Entertainment & Recreation
APPLE.COM/BILL ITUNES.COM IRL,Apple,154.71,Bills
Clothing purchase #4531,Clothing Store 4531,21256.0,Shopping & Retail
Fuel purchase #1302,Petrol Pump 1302,7380.0,Transportation
Fuel purchase #3952,Petrol Pump 3952,4314.0,Transportation
Doctor consultation #8407,Clinic 8407,4392.0,Healthcare & Medical
Traffic fine #5180,Government 5180,31628.0,Government & Legal
ICT/0044c7db-beef-4c30- 854d-8081e2c7 PK,External Transfer,500.0,Transfers
ICT/8a5ce94c-e763-47e3- 8ad5-ae509a2b PK,External Transfer,2500.0,Transfers
Tax payment #3782,Government 3782,273267.0,Government & Legal
Electricity bill payment #8878,Electric Company 8878,15582.0,Utilities & Services
ICT/5166b2cd-7117-439b- ae93-132719a4 PK,External Transfer,1540.0,Transfers
Grocery shopping #9288,Grocery Store 9288,2098.0,Food & Dining
RAAST P2P USMAN GHANI,Usman Ghani,12000.0,Transfers
Electronics purchase,Online Merchant 931,39554.0,Shopping (Clothes / Electronics)
Movie tickets,Marketplace 329,34257.0,Entertainment (Movies / Games / Events)
Zakat contribution #9413,Charity 9413,115888.0,Charity & Donations
Transit card recharge,Marketplace 663,6434.0,Public Transport
Bank charges #3171,Bank 3171,1355.0,Financial Services
Water utility bill,Generic Store 923,8981.0,Electricity / Water / Gas
Cleaning products purchase,Marketplace 484,4030.0,Home Supplies / Household Items
Clothing purchase #9603,Clothing Store 9603,2943.0,Shopping & Retail
Insurance premium,Marketplace 937,44194.0,Insurance
Dinner at restaurant,Local Shop 897,43330.0,Restaurants / Eating Out
Bonus credited #6954,Employer Bonus 6954,36880.0,Income
Grocery shopping #1458,Grocery Store 1458,903.0,Food & Dining
Electronics purchase #2417,Electronics Store 2417,38511.0,Shopping & Retail
App subscription renewal,Local Shop 218,1421.0,Subscriptions (Streaming / Apps)
Water bill payment #5459,Water Utility 5459,6173.0,Utilities & Services
Health insurance,Local Shop 338,18474.0,Insurance
Donation #3893,Charity 3893,36916.0,Charity & Donations
Salary credited #9380,Employer Payroll 9380,60609.0,Income
Ride payment #9740,Ride-hailing 9740,2108.0,Transportation
Zakat contribution #3980,Charity 3980,160595.0,Charity & Donations
Internet bill payment #6902,ISP 6902,4201.0,Utilities & Services
Loan repayment #1899,Loan Provider 1899,58358.0,Financial Services
Salary credited #2315,Employer Payroll 2315,108729.0,Income
Electricity bill,Generic Store 611,46596.0,Electricity / Water / Gas
ICT/2b5e3aec-bf43-432c- 9a63-f54fdac5 PK,External Transfer,96.0,Transfers
Court fee #6580,Legal Service 6580,95005.0,Government & Legal
Cleaning products purchase,Local Shop 733,30955.0,Home Supplies / Household Items
Train pass,Marketplace 655,32629.0,Public Transport
Fuel purchase #7746,Petrol Pump 7746,3386.0,Transportation
Money Transfer - ABDUR RASHEED - 03345005977,Abdur Rasheed,1000.0,Transfers
Coffee shop order,Generic Store 815,17985.0,Coffee & Snacks
Event booking #8964,Ticketing 8964,7384.0,Entertainment & Recreation
Raast Payment - PK32JCMA0010103105452638,Pk32Jcma0010103105452638,550.0,Transfers
Pharmacy purchase,Service Provider 335,15431.0,Medical / Pharmacy
Tea and pastry,Online Merchant 350,23954.0,Coffee & Snacks
Movie tickets #5097,Cinema 5097,3891.0,Entertainment & Recreation
Zakat contribution #8688,Charity 8688,51420.0,Charity & Donations
Hospital charges #4535,Hospital 4535,40746.0,Healthcare & Medical
Event booking #7187,Ticketing 7187,4148.0,Entertainment & Recreation
Tax payment #9230,Government 9230,157147.0,Government & Legal
Gadget order,Generic Store 363,48670.0,Shopping (Clothes / Electronics)
Supermarket groceries,Generic Store 474,30248.0,Groceries
Mobile top-up #6569,Telecom 6569,585.0,Utilities & Services
Gym membership #8762,Gym 8762,14867.0,Entertainment & Recreation
Bonus credited #1855,Employer Bonus 1855,65441.0,Income
Food delivery #2473,Delivery Service 2473,2960.0,Food & Dining
Coffee purchase #8643,Cafe 8643,538.0,Food & Dining
Home supplies #6928,Retail Store 6928,6037.0,Shopping & Retail
RAAST P2P MUHAMMAD ALI KHA,Muhammad Ali Kha,680.0,Transfers
ICT/9a01c0b4-2567-486c- 97ea-b54bf433 PK,External Transfer,1920.0,Transfers
Oil change,Generic Store 778,12392.0,Car Maintenance
Coffee purchase #4881,Cafe 4881,704.0,Food & Dining
App subscription renewal,Local Shop 706,1961.0,Subscriptions (Streaming / Apps)
Bus fare #8775,Transit 8775,115.0,Transportation
Bonus credited #4940,Employer Bonus 4940,57726.0,Income
Fuel purchase #6365,Petrol Pump 6365,9124.0,Transportation
Mobile package,Service Provider 273,3411.0,Mobile & Internet
Event booking #8142,Ticketing 8142,18281.0,Entertainment & Recreation
Mobile package,Marketplace 505,27376.0,Mobile & Internet
Apartment rent,Service Provider 523,42768.0,Housing / Rent
Cafe snack,Marketplace 385,6296.0,Coffee & Snacks
Tuition fee payment,Local Shop 652,40208.0,Education / Tuition
OGT/88e7e69d-f602-4599- b4e3-40321995 PK,External Transfer,20.0,Transfers
Hospital charges #8343,Hospital 8343,53280.0,Healthcare & Medical
Movie tickets #5124,Cinema 5124,4063.0,Entertainment & Recreation
Fundraiser contribution #2979,Fundraiser 2979,12408.0,Charity & Donations
Freelance payment received #2370,Client Payment 2370,75354.0,Income
Traffic fine #8886,Government 8886,43083.0,Government & Legal
Card fee #2777,Bank 2777,484.0,Financial Services
Utility charges,Online Merchant 418,30583.0,Electricity / Water / Gas
Streaming subscription,Generic Store 657,19525.0,Subscriptions (Streaming / Apps)
Petrol purchase,Marketplace 139,4728.0,Fuel / Gas
Event booking #7550,Ticketing 7550,10581.0,Entertainment & Recreation
Weekly groceries,Online Merchant 812,47448.0,Groceries
Doctor consultation #7839,Clinic 7839,2109.0,Healthcare & Medical
Gym membership #1295,Gym 1295,12544.0,Entertainment & Recreation
Traffic fine #8930,Government 8930,23053.0,Government & Legal
OGT/fcd2f434-2f69-4085- 8291-b6641762 PK,External Transfer,18.0,Transfers
House rent transfer,Service Provider 943,38455.0,Housing / Rent
Court fee #5882,Legal Service 5882,78889.0,Government & Legal
Fuel purchase #8269,Petrol Pump 8269,11931.0,Transportation
Ride payment #4047,Ride-hailing 4047,6753.0,Transportation
Weekly groceries,Service Provider 165,14478.0,Groceries
Mobile top-up #1195,Telecom 1195,4046.0,Utilities & Services
License fee #4513,Government 4513,49615.0,Government & Legal
OGT/490d1c2e-f296-419b- bc26-fd94a07e PK,External Transfer,100.0,Transfers
Coffee purchase #4945,Cafe 4945,1007.0,Food & Dining
Grocery shopping #5406,Grocery Store 5406,14457.0,Food & Dining
Bank charges #7146,Bank 7146,1273.0,Financial Services
Water utility bill,Generic Store 123,2978.0,Electricity / Water / Gas
Restaurant bill,Service Provider 867,45136.0,Restaurants / Eating Out
Ride service fare,Online Merchant 763,41772.0,Ride Sharing / Taxi
Investment deposit #5447,Broker 5447,27906.0,Financial Services
Ride payment #7368,Ride-hailing 7368,6420.0,Transportation
Internet bill,Generic Store 687,34034.0,Mobile & Internet
Food delivery #7094,Delivery Service 7094,1799.0,Food & Dining
Taxi ride,Generic Store 607,20561.0,Ride Sharing / Taxi
Tire replacement,Local Shop 281,30468.0,Car Maintenance
Tax payment #6649,Government 6649,125478.0,Government & Legal
Tire replacement,Marketplace 587,7614.0,Car Maintenance
Cafe snack,Local Shop 120,10596.0,Coffee & Snacks
Trip expenses,Online Merchant 753,709.0,Travel (Flights / Hotels)
Gym membership #3234,Gym 3234,7331.0,Entertainment & Recreation
Ride payment #5973,Ride-hailing 5973,3125.0,Transportation
Donation #2342,Charity 2342,15433.0,Charity & Donations
Hospital charges #7950,Hospital 7950,4352.0,Healthcare & Medical
Restaurant bill,Generic Store 616,9415.0,Restaurants / Eating Out
Bus fare #6032,Transit 6032,416.0,Transportation
Loan repayment #5698,Loan Provider 5698,52253.0,Financial Services
Cleaning products purchase,Online Merchant 498,30232.0,Home Supplies / Household Items
Party supplies,Marketplace 469,36693.0,Gifts & Celebrations
Tax payment #6675,Government 6675,88146.0,Government & Legal
Refund received #3092,Merchant Refund 3092,12163.0,Income
Restaurant bill,Service Provider 502,21071.0,Restaurants / Eating Out
Rent for Karachi flat,Online Merchant 838,3009.0,Housing / Rent
OGT/1dec9bfd-1da0-4a2f- 80e1-a749dffd PK,External Transfer,130.0,Transfers
Ride payment #7452,Ride-hailing 7452,2002.0,Transportation
Service subscription,Local Shop 565,10213.0,Subscriptions (Streaming / Apps)
Card fee #5215,Bank 5215,81.0,Financial Services
Fuel purchase #1438,Petrol Pump 1438,7528.0,Transportation
Salary credited #2418,Employer Payroll 2418,98864.0,Income
Bonus credited #5043,Employer Bonus 5043,79956.0,Income
Event booking #1200,Ticketing 1200,6830.0,Entertainment & Recreation
Hospital charges #9036,Hospital 9036,19313.0,Healthcare & Medical
Donation #2649,Charity 2649,49627.0,Charity & Donations
Vehicle maintenance #7388,Auto Service 7388,34661.0,Transportation
Vehicle maintenance #2244,Auto Service 2244,44016.0,Transportation
Refund received #8404,Merchant Refund 8404,8168.0,Income
Freelance payment received #1952,Client Payment 1952,68060.0,Income
Vehicle maintenance,Generic Store 372,46255.0,Car Maintenance
Clothes shopping,Local Shop 313,37622.0,Shopping (Clothes / Electronics)
Court fee #2381,Legal Service 2381,82732.0,Government & Legal
Clothes shopping,Service Provider 967,25892.0,Shopping (Clothes / Electronics)
Card fee #8204,Bank 8204,999.0,Financial Services
Salary credited #7049,Employer Payroll 7049,176518.0,Income
Mobile top-up #3604,Telecom 3604,1266.0,Utilities & Services
ICT/07c6dba5-ea9b-4707- bb72-60ac3c06 PK,External Transfer,300.0,Transfers
Zakat contribution #4512,Charity 4512,64594.0,Charity & Donations
Fuel purchase #1846,Petrol Pump 1846,8894.0,Transportation
Gift purchase,Online Merchant 111,19929.0,Gifts & Celebrations
Vehicle maintenance #5994,Auto Service 5994,13212.0,Transportation
Hospital charges #7646,Hospital 7646,25517.0,Healthcare & Medical
ICT/b05f51de-ea58-4f74- ad0f-7e1876b4 PK,External Transfer,1000.0,Transfers
Coffee purchase,Local Shop 876,34194.0,Coffee & Snacks
OGT/adfdfab5-4b74-41c9- 8718-4f771cf8 PK,External Transfer,50.0,Transfers
Donation #2382,Charity 2382,46510.0,Charity & Donations
Hospital charges #5900,Hospital 5900,68816.0,Healthcare & Medical
RAAST P2P SADIQ,Sadiq,70000.0,Transfers
Fundraiser contribution #6421,Fundraiser 6421,427.0,Charity & Donations
Hospital charges #5227,Hospital 5227,28726.0,Healthcare & Medical
Home supplies #7394,Retail Store 7394,7609.0,Shopping & Retail
ICT/e2ac4ca5-2938-49c4- b9cc-8f62eed3 PK,External Transfer,30000.0,Transfers
Loan repayment #5994,Loan Provider 5994,16626.0,Financial Services
Loan repayment #4285,Loan Provider 4285,69326.0,Financial Services
Bank charges #8223,Bank 8223,1613.0,Financial Services
Service subscription,Local Shop 204,44739.0,Subscriptions (Streaming / Apps)
OGT/6d5d47de-acbc-406f- b499-a335aebf PK,External Transfer,2100.0,Transfers
Coffee purchase #9059,Cafe 9059,1095.0,Food & Dining
Cab booking,Marketplace 285,22467.0,Ride Sharing / Taxi
Grocery shopping #7148,Grocery Store 7148,12977.0,Food & Dining
Bonus credited #1574,Employer Bonus 1574,89350.0,Income
Metro ticket,Online Merchant 756,43729.0,Public Transport
License fee #8707,Government 8707,1550.0,Government & Legal
Data recharge,Local Shop 286,45670.0,Mobile & Internet
Event booking #8734,Ticketing 8734,14658.0,Entertainment & Recreation
Movie tickets #5244,Cinema 5244,1291.0,Entertainment & Recreation
NETFLIX.COM Singapore SGP,Netflix,285.15,Subscriptions
Salary credited #4712,Employer Payroll 4712,93768.0,Income
Train pass,Service Provider 467,22040.0,Public Transport
Investment deposit #5025,Broker 5025,113823.0,Financial Services
Tire replacement,Online Merchant 648,31616.0,Car Maintenance
Dinner at restaurant,Online Merchant 798,3120.0,Restaurants / Eating Out
Salary credited #7613,Employer Payroll 7613,68878.0,Income
Traffic fine #2865,Government 2865,3448.0,Government & Legal
Tax payment #6181,Government 6181,32661.0,Government & Legal
Ride payment #9353,Ride-hailing 9353,4295.0,Transportation
Loan repayment #7515,Loan Provider 7515,3771.0,Financial Services
Loan repayment #7198,Loan Provider 7198,68268.0,Financial Services
Event booking #1465,Ticketing 1465,4546.0,Entertainment & Recreation
Fundraiser contribution #5725,Fundraiser 5725,28441.0,Charity & Donations
Savings transfer,Generic Store 518,25690.0,Savings / Investments
Salary credited #7098,Employer Payroll 7098,33951.0,Income
Fashion store bill,Online Merchant 639,31214.0,Shopping (Clothes / Electronics)
ICT/0bb89169-0183-4ec5- 8819-efb64af2 PK,External Transfer,300.0,Transfers
Netflix.com Los Gatos SGP,Netflix,268.47,Subscriptions
Coffee purchase,Generic Store 118,45949.0,Coffee & Snacks
Fresh produce purchase,Generic Store 451,49852.0,Groceries
Water bill payment #5783,Water Utility 5783,9302.0,Utilities & Services
Lab test payment #7473,Diagnostic Lab 7473,20281.0,Healthcare & Medical
Bus fare #4725,Transit 4725,456.0,Transportation
Grocery shopping #6737,Grocery Store 6737,12841.0,Food & Dining
Ride payment #1977,Ride-hailing 1977,5497.0,Transportation
Bonus credited #3792,Employer Bonus 3792,31648.0,Income
Train pass,Service Provider 268,41125.0,Public Transport
Salary credited #2590,Employer Payroll 2590,150320.0,Income
Ride payment #5252,Ride-hailing 5252,2554.0,Transportation
Salary credited #2186,Employer Payroll 2186,91445.0,Income
OGT/dd353762-92c3-4d2f- 9d29-2135e08c PK,External Transfer,950.0,Transfers
Zakat contribution #6847,Charity 6847,190675.0,Charity & Donations
Mutual fund contribution,Marketplace 166,20186.0,Savings / Investments
Donation #6136,Charity 6136,5724.0,Charity & Donations
Lab test payment #3192,Diagnostic Lab 3192,18400.0,Healthcare & Medical
Fundraiser contribution #9317,Fundraiser 9317,11947.0,Charity & Donations
ICT/ce374c75-0569-402d- bb60-d5544310 PK,External Transfer,10000.0,Transfers
Salary credited #7530,Employer Payroll 7530,166812.0,Income
ICT/b82ffbcb-2b91-499f- bc4c-953971e9 PK,External Transfer,20.0,Transfers
Event booking #1127,Ticketing 1127,7280.0,Entertainment & Recreation
Gym membership #5922,Gym 5922,14438.0,Entertainment & Recreation
Internet bill payment #8081,ISP 8081,12566.0,Utilities & Services
Oil change,Marketplace 401,24725.0,Car Maintenance
Streaming subscription,Local Shop 386,22358.0,Subscriptions (Streaming / Apps)
Trip expenses,Local Shop 926,23805.0,Travel (Flights / Hotels)
ICT/0141111b-0bfb-40de- b155-dbcd70b0 PK,External Transfer,60.0,Transfers
Refund received #4121,Merchant Refund 4121,9051.0,Income
Monthly streaming fee,Generic Store 601,45077.0,Subscriptions (Streaming / Apps)
Insurance premium,Marketplace 709,24980.0,Insurance
ICT/412234e6-30b5-4f3f- 8a81-8063ca3b PK,External Transfer,450.0,Transfers
Utility charges,Service Provider 574,14002.0,Electricity / Water / Gas
Refund received #4367,Merchant Refund 4367,2554.0,Income
Coffee shop order,Generic Store 835,40863.0,Coffee & Snacks
Health insurance,Online Merchant 645,15026.0,Insurance
Refund received #1125,Merchant Refund 1125,18701.0,Income
Water bill payment #5026,Water Utility 5026,4321.0,Utilities & Services
Court fee #3251,Legal Service 3251,20747.0,Government & Legal
Cab booking,Service Provider 797,30454.0,Ride Sharing / Taxi
Traffic fine #2249,Government 2249,5133.0,Government & Legal
Electricity bill payment #1289,Electric Company 1289,17882.0,Utilities & Services
OGT/4bf0a21d-e7ca-400e- 8259-e852db1b PK,External Transfer,310.0,Transfers
CWD/PAK AUSTRIA PAK AUSTRIA HARIPUR PK,Pak Austria Pak Austria Haripur Pk,1023.44,Cash Withdrawal
Electronics purchase,Marketplace 114,1401.0,Shopping (Clothes / Electronics)
Investment deposit #2995,Broker 2995,37256.0,Financial Services
Electronics purchase,Marketplace 462,33455.0,Shopping (Clothes / Electronics)
House rent transfer,Online Merchant 119,38623.0,Housing / Rent
Tax payment #8161,Government 8161,287715.0,Government & Legal
Zakat contribution #1254,Charity 1254,89106.0,Charity & Donations
Salary credited #9424,Employer Payroll 9424,238795.0,Income
Lab test payment #7549,Diagnostic Lab 7549,17338.0,Healthcare & Medical
Service subscription,Online Merchant 911,26086.0,Subscriptions (Streaming / Apps)
Donation #9380,Charity 9380,21930.0,Charity & Donations
Streaming subscription #8291,Streaming Service 8291,2365.0,Entertainment & Recreation
Health insurance,Marketplace 876,1888.0,Insurance
Home supplies #2778,Retail Store 2778,5869.0,Shopping & Retail
Streaming subscription #5737,Streaming Service 5737,2802.0,Entertainment & Recreation
Court fee #8533,Legal Service 8533,56768.0,Government & Legal
Movie tickets #4759,Cinema 4759,544.0,Entertainment & Recreation
Internet bill payment #8163,ISP 8163,3287.0,Utilities & Services
Electronics purchase #9988,Electronics Store 9988,75209.0,Shopping & Retail
Water bill payment #6939,Water Utility 6939,8141.0,Utilities & Services
OGT/cfd99b83-4cf1-481d- b6a3-76e3a599 PK,External Transfer,65.0,Transfers
Vehicle maintenance,Local Shop 406,31987.0,Car Maintenance
Coffee purchase #3146,Cafe 3146,1451.0,Food & Dining
Fuel purchase #2823,Petrol Pump 2823,8003.0,Transportation
Tax payment #5057,Government 5057,218638.0,Government & Legal
Freelance payment received #7174,Client Payment 7174,7428.0,Income
Clothing purchase #1397,Clothing Store 1397,11344.0,Shopping & Retail
License fee #5590,Government 5590,11925.0,Government & Legal
Restaurant bill #3824,Restaurant 3824,8850.0,Food & Dining
Clothing purchase #3460,Clothing Store 3460,10032.0,Shopping & Retail
Savings transfer,Service Provider 804,45457.0,Savings / Investments
Refund received #7713,Merchant Refund 7713,19893.0,Income
Donation #1439,Charity 1439,7794.0,Charity & Donations
Home essentials,Generic Store 592,36174.0,Home Supplies / Household Items
Gym membership #6494,Gym 6494,9215.0,Entertainment & Recreation
Traffic fine #3237,Government 3237,15820.0,Government & Legal
OGT/715bb242-e6f7-4936- b29e-cb28a8d4 PK,External Transfer,200.0,Transfers
Coffee purchase #1589,Cafe 1589,922.0,Food & Dining
Water bill payment #8168,Water Utility 8168,4381.0,Utilities & Services
Oil change,Generic Store 783,48050.0,Car Maintenance
Restaurant bill #5644,Restaurant 5644,3387.0,Food & Dining
Bus fare #3898,Transit 3898,373.0,Transportation
Freelance payment received #4990,Client Payment 4990,45907.0,Income
Lab test payment #7968,Diagnostic Lab 7968,17738.0,Healthcare & Medical
Movie tickets #3950,Cinema 3950,1906.0,Entertainment & Recreation
Dinner at restaurant,Service Provider 386,47771.0,Restaurants / Eating Out
Bus fare,Online Merchant 829,25316.0,Public Transport
Coffee purchase,Local Shop 962,10465.0,Coffee & Snacks
Tire replacement,Marketplace 965,25704.0,Car Maintenance
Coffee purchase #7948,Cafe 7948,757.0,Food & Dining
Food delivery #8867,Delivery Service 8867,2278.0,Food & Dining
Rent for Lahore flat,Online Merchant 931,49485.0,Housing / Rent
Restaurant bill #7962,Restaurant 7962,7987.0,Food & Dining
Fundraiser contribution #8725,Fundraiser 8725,7566.0,Charity & Donations
ICT/448baf43-97ae-4f92- 8e14-50ea10a2 PK,External Transfer,170.0,Transfers
Freelance payment received #8874,Client Payment 8874,60201.0,Income
Fashion store bill,Generic Store 319,21140.0,Shopping (Clothes / Electronics)
OGT/b97ebe03-a029-4fbc- 9307-ed50c45c PK,External Transfer,120.0,Transfers
Money Transfer - EMAN FATIMA - 03332968914,Eman Fatima,200.0,Transfers
OGT/caf28bb5-215d-4ee3- b85b-54ddd59e PK,External Transfer,1150.0,Transfers
App subscription renewal,Local Shop 275,2244.0,Subscriptions (Streaming / Apps)
Movie tickets #1226,Cinema 1226,3140.0,Entertainment & Recreation
ICT/bf1b7e28-4856-42f0- 97cd-9e4fddcc PK,External Transfer,631.0,Transfers
Clothes shopping,Service Provider 970,35936.0,Shopping (Clothes / Electronics)
Pharmacy purchase,Generic Store 160,25490.0,Medical / Pharmacy
ICT/f177b906-5c44-4e1a- bac1-a7d9314b PK,External Transfer,2000.0,Transfers
Restaurant bill #4349,Restaurant 4349,5158.0,Food & Dining
ICT/d54a2ac7-2e9c-43ad- 8018-edfeb270 PK,External Transfer,860.0,Transfers
Home supplies #5910,Retail Store 5910,6214.0,Shopping & Retail
Home supplies #1142,Retail Store 1142,14297.0,Shopping & Retail
Home supplies #8438,Retail Store 8438,2345.0,Shopping & Retail
Movie tickets #1722,Cinema 1722,3806.0,Entertainment & Recreation
Internet bill payment #8991,ISP 8991,750.0,Utilities & Services
OGT/bf50ea9f-ba8a-4a95- 9312-30001409 PK,External Transfer,400.0,Transfers
Traffic fine #4874,Government 4874,38698.0,Government & Legal
Pharmacy purchase #2972,Pharmacy 2972,3410.0,Healthcare & Medical
Gadget order,Local Shop 412,18577.0,Shopping (Clothes / Electronics)
Clinic visit,Generic Store 402,29933.0,Medical / Pharmacy
Prescription refill,Generic Store 334,16230.0,Medical / Pharmacy
Bus fare #8909,Transit 8909,95.0,Transportation
Court fee #1811,Legal Service 1811,1942.0,Government & Legal
Gift purchase,Local Shop 630,3859.0,Gifts & Celebrations
Gas station payment,Service Provider 773,13959.0,Fuel / Gas
Freelance payment received #2481,Client Payment 2481,18552.0,Income
OGT/aebcd5f3-9a11-4454- acb7-1dbe4944 PK,External Transfer,600.0,Transfers
Fundraiser contribution #1938,Fundraiser 1938,26272.0,Charity & Donations
Bank charges #8187,Bank 8187,1849.0,Financial Services
Internet bill payment #7685,ISP 7685,12572.0,Utilities & Services
Coffee purchase,Local Shop 209,49589.0,Coffee & Snacks
Event booking,Marketplace 273,20864.0,Entertainment (Movies / Games / Events)
Gym membership #1816,Gym 1816,1642.0,Entertainment & Recreation
House rent transfer,Online Merchant 650,29586.0,Housing / Rent
Clinic visit,Generic Store 789,17661.0,Medical / Pharmacy
Loan repayment #4449,Loan Provider 4449,68578.0,Financial Services
Supermarket groceries,Generic Store 841,16004.0,Groceries
Restaurant bill #9513,Restaurant 9513,3205.0,Food & Dining
Weekly groceries,Marketplace 526,6553.0,Groceries
Concert entry,Online Merchant 421,47258.0,Entertainment (Movies / Games / Events)
OGT/62413ff7-f89f-4931- 8540-4ca7d0a8 PK,External Transfer,120.0,Transfers
Raast Payment - PK30NBPA2239004139737101,Pk30Nbpa2239004139737101,180.0,Transfers
Tax payment #6422,Government 6422,274971.0,Government & Legal
House rent transfer,Service Provider 476,424.0,Housing / Rent
Event booking #2320,Ticketing 2320,10955.0,Entertainment & Recreation
License fee #2960,Government 2960,24565.0,Government & Legal
Money Transfer - MUHAMMAD BILAL - 03149023047,Muhammad Bilal,6.0,Transfers
Bonus credited #4449,Employer Bonus 4449,75062.0,Income
OGT/fa81675c-e7e4-46b6- 9982-5915f5b3 PK,External Transfer,440.0,Transfers
Salary credited #3932,Employer Payroll 3932,120387.0,Income
Court fee #2201,Legal Service 2201,87236.0,Government & Legal
ICT/b0253e61-7f8d-4f5f- b776-ba0e693d PK,External Transfer,750.0,Transfers
OGT/80287dbb-50c9-4102- 8df0-06e9d983 PK,External Transfer,200.0,Transfers
Cafe snack,Generic Store 611,11612.0,Coffee & Snacks
OGT/5634c8c7-d1c0-4906- 9f05-fb18e894 PK,External Transfer,130.0,Transfers
Electricity bill payment #3015,Electric Company 3015,20272.0,Utilities & Services
Donation #4421,Charity 4421,31187.0,Charity & Donations
ICT/2f644551-25bb-4956- a8f4-6133d81d PK,External Transfer,2000.0,Transfers
Streaming subscription #8414,Streaming Service 8414,1605.0,Entertainment & Recreation
Lunch outing,Local Shop 609,464.0,Restaurants / Eating Out
Dinner at restaurant,Generic Store 475,41831.0,Restaurants / Eating Out
Bus fare #7093,Transit 7093,492.0,Transportation
Doctor consultation #3652,Clinic 3652,2463.0,Healthcare & Medical
OGT/44ea96f4-fdea-4c57- 9e02-2c6171b8 PK,External Transfer,320.0,Transfers
Donation #7000,Charity 7000,46243.0,Charity & Donations
Clothing purchase #5220,Clothing Store 5220,924.0,Shopping & Retail
Donation #2996,Charity 2996,16615.0,Charity & Donations
CWD/UBL-AMIN BRANCH GUL ABA UBL-AMIN BRANCH GUL ABAD,Ubl-Amin Branch Gul Aba Ubl-Amin Branch Gul Abad,4023.44,Cash Withdrawal
Event booking #7809,Ticketing 7809,6184.0,Entertainment & Recreation
OGT/78d1ae1e-d44c-4434- 9b8e-8ae3412b PK,External Transfer,250.0,Transfers
Car insurance payment,Online Merchant 877,18315.0,Insurance
Pharmacy purchase #9575,Pharmacy 9575,6199.0,Healthcare & Medical
Mobile top-up #2260,Telecom 2260,3870.0,Utilities & Services
Hotel reservation,Online Merchant 499,8808.0,Travel (Flights / Hotels)
Tuition fee payment,Generic Store 524,39220.0,Education / Tuition
Weekly groceries,Generic Store 114,13610.0,Groceries
Card fee #9208,Bank 9208,473.0,Financial Services
Insurance premium,Service Provider 775,1587.0,Insurance
Vehicle maintenance #5312,Auto Service 5312,43161.0,Transportation
Clothing purchase #5058,Clothing Store 5058,7138.0,Shopping & Retail
Tax payment #9419,Government 9419,241057.0,Government & Legal
Movie tickets,Local Shop 750,49728.0,Entertainment (Movies / Games / Events)
Gaming purchase,Generic Store 363,15602.0,Entertainment (Movies / Games / Events)
Savings transfer,Marketplace 601,37924.0,Savings / Investments
OGT/2fb2dc4f-c990-4dc4- 81d4-f4208cfb PK,External Transfer,300.0,Transfers
Refund received #9064,Merchant Refund 9064,396.0,Income
Refund received #2039,Merchant Refund 2039,9222.0,Income
Mobile top-up #7981,Telecom 7981,3901.0,Utilities & Services
Refund received #3066,Merchant Refund 3066,3650.0,Income
Movie tickets #1123,Cinema 1123,2243.0,Entertainment & Recreation
Bank charges #6434,Bank 6434,1370.0,Financial Services
Cafe snack,Service Provider 201,30076.0,Coffee & Snacks
Restaurant bill,Generic Store 362,9799.0,Restaurants / Eating Out
OGT/fa9c4295-cd50-40c0- 83ad-61d8205d PK,External Transfer,2380.0,Transfers
CWD/G-8 MARKAZ ISL G-8 MARKAZ ISL ISLAMABAD PK,G,5023.44,Cash Withdrawal
Ride service fare,Generic Store 856,19882.0,Ride Sharing / Taxi
ICT/d16025ff-6aaa-481c- bec7-5c8e02f0 PK,External Transfer,300.0,Transfers
Clothes shopping,Local Shop 828,38292.0,Shopping (Clothes / Electronics)
Court fee #7158,Legal Service 7158,98712.0,Government & Legal
OGT/3463df72-4cb7-4077- 8747-7c84851c PK,External Transfer,950.0,Transfers
Weekly groceries,Marketplace 501,2103.0,Groceries
Movie tickets #3386,Cinema 3386,2474.0,Entertainment & Recreation
ICT/8c877ef9-39ee-4014- bef1-c9dca686 PK,External Transfer,600.0,Transfers
Refund received #7266,Merchant Refund 7266,10047.0,Income
OGT/4c67f4c3-3f4d-4b83- a7d1-b2ba7726 PK,External Transfer,5100.0,Transfers
Fashion store bill,Online Merchant 349,36444.0,Shopping (Clothes / Electronics)
Gadget order,Generic Store 494,2685.0,Shopping (Clothes / Electronics)
Gas bill payment,Generic Store 562,8296.0,Electricity / Water / Gas
Tax payment #4083,Government 4083,134836.0,Government & Legal
Gym membership #3832,Gym 3832,5821.0,Entertainment & Recreation
Money Transfer - ABDUR RASHEED - 03345005977,Abdur Rasheed,500.0,Transfers
Donation #7114,Charity 7114,26746.0,Charity & Donations
Mobile top-up #6532,Telecom 6532,4698.0,Utilities & Services
Clothing purchase #1473,Clothing Store 1473,24813.0,Shopping & Retail
Loan repayment #3494,Loan Provider 3494,57587.0,Financial Services
Hospital charges #6822,Hospital 6822,16780.0,Healthcare & Medical
Online shopping #8902,E-commerce 8902,38498.0,Shopping & Retail
Insurance premium,Generic Store 959,36501.0,Insurance
Investment deposit #5139,Broker 5139,119085.0,Financial Services
Food court meal,Service Provider 481,15616.0,Restaurants / Eating Out
Hospital charges #4006,Hospital 4006,65413.0,Healthcare & Medical
Exam fee,Local Shop 945,32982.0,Education / Tuition
Money Transfer - SYED MOHAMMAD NAUMAN SHAH - 03185706534,Syed Mohammad Nauman Shah,1200.0,Transfers
Gym membership #2247,Gym 2247,5298.0,Entertainment & Recreation
Fuel purchase #4685,Petrol Pump 4685,7288.0,Transportation
Pharmacy purchase #6396,Pharmacy 6396,5334.0,Healthcare & Medical
Bonus credited #7125,Employer Bonus 7125,54020.0,Income
Bus fare #3792,Transit 3792,267.0,Transportation
Streaming subscription #9934,Streaming Service 9934,2150.0,Entertainment & Recreation
OGT/167069e4-0d07-4aae- 81d4-46e3a0f9 PK,External Transfer,210.0,Transfers
Lab test payment #7391,Diagnostic Lab 7391,22072.0,Healthcare & Medical
Ride service fare,Marketplace 553,39593.0,Ride Sharing / Taxi
Hospital charges #4510,Hospital 4510,10997.0,Healthcare & Medical
Clothing purchase #2968,Clothing Store 2968,20548.0,Shopping & Retail
Rent for Islamabad flat,Generic Store 848,31525.0,Housing / Rent
ICT/39cf2f93-3763-41cf- a09d-e3055f87 PK,External Transfer,299.0,Transfers
Insurance premium,Marketplace 843,19061.0,Insurance
Loan repayment #5747,Loan Provider 5747,11888.0,Financial Services
Electricity bill payment #3485,Electric Company 3485,24029.0,Utilities & Services
Prescription refill,Service Provider 270,5883.0,Medical / Pharmacy
Train pass,Marketplace 839,36010.0,Public Transport
Electricity bill payment #4001,Electric Company 4001,20290.0,Utilities & Services
License fee #3218,Government 3218,12501.0,Government & Legal
Donation #8876,Charity 8876,32515.0,Charity & Donations
Tax payment #2587,Government 2587,197633.0,Government & Legal
Fundraiser contribution #4881,Fundraiser 4881,14007.0,Charity & Donations
Internet bill payment #4101,ISP 4101,6762.0,Utilities & Services
Doctor consultation #2489,Clinic 2489,10681.0,Healthcare & Medical
Money Transfer - EMAN FATIMA - 03332968914,Eman Fatima,100.0,Transfers
Raast Payment - YAHYA KHAN - SBP Raast,Yahya Khan,150.0,Transfers
OGT/f5d37bba-bee2-4d6f- b4d0-806fb42c PK,External Transfer,200.0,Transfers
Savings transfer,Marketplace 260,48686.0,Savings / Investments
Tax payment #6274,Government 6274,237379.0,Government & Legal
Gym membership #6421,Gym 6421,12240.0,Entertainment & Recreation
Ride payment #2698,Ride-hailing 2698,4095.0,Transportation
Doctor consultation #3161,Clinic 3161,10648.0,Healthcare & Medical
Petrol purchase,Service Provider 204,5855.0,Fuel / Gas
Zakat contribution #6362,Charity 6362,90507.0,Charity & Donations
Prescription refill,Marketplace 382,1763.0,Medical / Pharmacy
Fuel purchase #4905,Petrol Pump 4905,14603.0,Transportation
Grocery shopping #7326,Grocery Store 7326,2720.0,Food & Dining
Traffic fine #4950,Government 4950,40806.0,Government & Legal
Online shopping #2755,E-commerce 2755,6191.0,Shopping & Retail
Clothing purchase #2586,Clothing Store 2586,8762.0,Shopping & Retail
Brokerage deposit,Online Merchant 535,31588.0,Savings / Investments
Internet bill,Marketplace 881,25482.0,Mobile & Internet
Food delivery #9667,Delivery Service 9667,1923.0,Food & Dining
ICT/7d6cc210-347f-4cd9- a713-4e977f4d PK,External Transfer,600.0,Transfers
Bus fare #9839,Transit 9839,400.0,Transportation
OGT/b685f041-9d4e-41e8- 8655-2c4e0960 PK,External Transfer,7400.0,Transfers
OGT/be2ad421-56dd-4444- b85b-b9377a40 PK,External Transfer,4500.0,Transfers
Rent for Lahore flat,Generic Store 539,25467.0,Housing / Rent
OGT/51af4fd2-5549-49c5- 861c-ef5837cd PK,External Transfer,340.0,Transfers
Concert entry,Marketplace 910,14061.0,Entertainment (Movies / Games / Events)
ICT/33baa46d-adb5-4ad7- a789-0d76147e PK,External Transfer,10000.0,Transfers
Card fee #7481,Bank 7481,951.0,Financial Services
ICT/f66c7567-06c1-47b0- b274-4845cfaf PK,External Transfer,200.0,Transfers
Bus fare #7336,Transit 7336,306.0,Transportation
Flight booking,Local Shop 623,40598.0,Travel (Flights / Hotels)
OGT/a5e6615a-a1cd-4f9f- bc99-d47acf90 PK,External Transfer,140.0,Transfers
Hotel reservation,Marketplace 671,43448.0,Travel (Flights / Hotels)
Anniversary gift,Generic Store 100,900.0,Gifts & Celebrations
OGT/48e894d2-f4a3-48ea- 9676-8f767cc6 PK,External Transfer,950.0,Transfers
Savings transfer,Generic Store 433,1093.0,Savings / Investments
RAAST P2P EMAN FATIMA,Eman Fatima,1000.0,Transfers
Bank charges #6527,Bank 6527,951.0,Financial Services
Vehicle maintenance #1672,Auto Service 1672,42633.0,Transportation
Restaurant bill #2355,Restaurant 2355,11052.0,Food & Dining
Salary credited #4336,Employer Payroll 4336,140077.0,Income
Zakat contribution #7847,Charity 7847,163949.0,Charity & Donations
Savings transfer,Online Merchant 147,12332.0,Savings / Investments
Raast Payment - PK38NBPA2330004257425902,Pk38Nbpa2330004257425902,140.0,Transfers
Donation #1760,Charity 1760,3583.0,Charity & Donations
Movie tickets #8261,Cinema 8261,1694.0,Entertainment & Recreation
Fundraiser contribution #5939,Fundraiser 5939,48183.0,Charity & Donations
Event booking,Online Merchant 270,34061.0,Entertainment (Movies / Games / Events)
Ride service fare,Marketplace 963,35274.0,Ride Sharing / Taxi
Water bill payment #3702,Water Utility 3702,5728.0,Utilities & Services
Electronics purchase,Marketplace 301,15408.0,Shopping (Clothes / Electronics)
ICT/889b4458-609d-477a- 8d8b-e4a5d55b PK,External Transfer,435.0,Transfers
Streaming subscription #3515,Streaming Service 3515,648.0,Entertainment & Recreation
Mobile package,Online Merchant 714,20646.0,Mobile & Internet
Vehicle maintenance #2008,Auto Service 2008,12279.0,Transportation
Medicine bill,Online Merchant 881,26904.0,Medical / Pharmacy
Restaurant bill #4703,Restaurant 4703,3130.0,Food & Dining
Streaming subscription #3483,Streaming Service 3483,2331.0,Entertainment & Recreation
Bonus credited #1443,Employer Bonus 1443,31816.0,Income
Service subscription,Online Merchant 772,3889.0,Subscriptions (Streaming / Apps)
Mobile package,Marketplace 815,25942.0,Mobile & Internet
Gym membership #1602,Gym 1602,14342.0,Entertainment & Recreation
Restaurant bill #7485,Restaurant 7485,6326.0,Food & Dining
Doctor consultation #5123,Clinic 5123,6264.0,Healthcare & Medical
ICT/98ef113c-9fec-4059- 99d8-8e4a3f82 PK,External Transfer,2500.0,Transfers
CWD/PAK AUSTRIA PAK AUSTRIA HARIPUR PK,Pak Austria Pak Austria Haripur Pk,3023.44,Cash Withdrawal
Mutual fund contribution,Marketplace 666,33133.0,Savings / Investments
Court fee #4482,Legal Service 4482,60013.0,Government & Legal
Party supplies,Local Shop 892,5633.0,Gifts & Celebrations
Online shopping #5107,E-commerce 5107,18429.0,Shopping & Retail
Hotel reservation,Marketplace 788,22767.0,Travel (Flights / Hotels)
OGT/d626718a-7e0c-4d80- 9bc0-b4f81a36 PK,External Transfer,20.0,Transfers
Lunch outing,Marketplace 707,38158.0,Restaurants / Eating Out
Bus fare,Marketplace 127,29507.0,Public Transport
Concert entry,Service Provider 663,2598.0,Entertainment (Movies / Games / Events)
ICT/533c770a-db9c-4bbf- 92c8-c154ac76 PK,External Transfer,3800.0,Transfers
Pharmacy purchase #4773,Pharmacy 4773,1368.0,Healthcare & Medical
Mutual fund contribution,Online Merchant 593,35499.0,Savings / Investments
OGT/f6b7ef7c-388b-4f9f- bd71-a3749d75 PK,External Transfer,3000.0,Transfers
Gift purchase,Local Shop 372,3767.0,Gifts & Celebrations
Cab booking,Local Shop 210,22531.0,Ride Sharing / Taxi
Hospital charges #7006,Hospital 7006,27340.0,Healthcare & Medical
OGT/2039592a-238a-42e3- 85a6-b17f0905 PK,External Transfer,30.0,Transfers
Medicine bill,Generic Store 501,40067.0,Medical / Pharmacy
Food delivery #2124,Delivery Service 2124,948.0,Food & Dining
Card fee #1453,Bank 1453,529.0,Financial Services
Lab test payment #8045,Diagnostic Lab 8045,13721.0,Healthcare & Medical
Refund received #3954,Merchant Refund 3954,15452.0,Income
Water bill payment #8156,Water Utility 8156,3568.0,Utilities & Services
Fuel purchase #7131,Petrol Pump 7131,9365.0,Transportation
RAAST P2P AYAZ MUHAMMAD,Ayaz Muhammad,150.0,Transfers
Course enrollment,Generic Store 825,25535.0,Education / Tuition
Zakat contribution #3455,Charity 3455,199522.0,Charity & Donations
Car insurance payment,Service Provider 747,9543.0,Insurance
Freelance payment received #7437,Client Payment 7437,6882.0,Income
OGT/b32eac99-e592-431e- b1cc-e0454b7f PK,External Transfer,300.0,Transfers
Birthday celebration expense,Service Provider 470,43023.0,Gifts & Celebrations
Donation #5920,Charity 5920,37305.0,Charity & Donations
Mobile top-up #3581,Telecom 3581,3655.0,Utilities & Services
Coffee purchase #6905,Cafe 6905,540.0,Food & Dining
Zakat contribution #8936,Charity 8936,143754.0,Charity & Donations
Court fee #8376,Legal Service 8376,72370.0,Government & Legal
Loan repayment #4083,Loan Provider 4083,28292.0,Financial Services
Metro ticket,Local Shop 215,6008.0,Public Transport
Coffee purchase #6841,Cafe 6841,901.0,Food & Dining
Electronics purchase #2057,Electronics Store 2057,109482.0,Shopping & Retail
Home supplies #5863,Retail Store 5863,2736.0,Shopping & Retail
Bank charges #4781,Bank 4781,395.0,Financial Services
Hospital charges #5630,Hospital 5630,74090.0,Healthcare & Medical
OGT/e9f9aef2-c45f-4920- aea4-941ddc70 PK,External Transfer,200.0,Transfers
Internet bill,Local Shop 879,28194.0,Mobile & Internet
Water utility bill,Online Merchant 744,16171.0,Electricity / Water / Gas
Online shopping #8079,E-commerce 8079,22842.0,Shopping & Retail
Lab test payment #7531,Diagnostic Lab 7531,13690.0,Healthcare & Medical
Clothing purchase #7123,Clothing Store 7123,23425.0,Shopping & Retail
Tax payment #1556,Government 1556,91740.0,Government & Legal
Electricity bill payment #3935,Electric Company 3935,5283.0,Utilities & Services
Fuel purchase #7663,Petrol Pump 7663,4084.0,Transportation
Card fee #5331,Bank 5331,540.0,Financial Services
Anniversary gift,Generic Store 430,35216.0,Gifts & Celebrations
Fuel purchase #8125,Petrol Pump 8125,1644.0,Transportation
Restaurant bill #5446,Restaurant 5446,4792.0,Food & Dining
Zakat contribution #7155,Charity 7155,51442.0,Charity & Donations
Service subscription,Service Provider 431,6543.0,Subscriptions (Streaming / Apps)
Fuel refill,Local Shop 590,35099.0,Fuel / Gas
Loan repayment #6007,Loan Provider 6007,34398.0,Financial Services
Internet bill payment #2060,ISP 2060,6642.0,Utilities & Services
OGT/9e36a765-e835-4eb1- a1a6-6a9d02e3 PK,External Transfer,2000.0,Transfers
Investment deposit,Local Shop 473,31671.0,Savings / Investments
Event booking #4825,Ticketing 4825,17085.0,Entertainment & Recreation
Gadget order,Local Shop 749,41004.0,Shopping (Clothes / Electronics)
Trip expenses,Online Merchant 152,991.0,Travel (Flights / Hotels)
Medicine bill,Generic Store 740,5297.0,Medical / Pharmacy
Lab test payment #5804,Diagnostic Lab 5804,8250.0,Healthcare & Medical
Car service,Local Shop 563,33464.0,Car Maintenance
Bus fare #6395,Transit 6395,262.0,Transportation
Bonus credited #5379,Employer Bonus 5379,31205.0,Income
Transit card recharge,Marketplace 268,46561.0,Public Transport
Electricity bill,Local Shop 957,12159.0,Electricity / Water / Gas
Course enrollment,Online Merchant 264,24631.0,Education / Tuition
Event booking,Local Shop 777,34799.0,Entertainment (Movies / Games / Events)
ICT/cb83a583-071f-4cdc- acfa-732cb617 PK,External Transfer,8.0,Transfers
ICT/3a23263f-9654-4aab- 87d5-39a8a7f8 PK,External Transfer,2540.0,Transfers
Investment deposit,Service Provider 243,3306.0,Savings / Investments
ICT/0e90d739-5ab7-4080- 9bbb-0802fab1 PK,External Transfer,2000.0,Transfers
Concert entry,Local Shop 445,40364.0,Entertainment (Movies / Games / Events)
Oil change,Generic Store 109,2841.0,Car Maintenance
Bus fare #5553,Transit 5553,444.0,Transportation
ICT/3b888ca3-3489-4c90- a375-6235add0 PK,External Transfer,225.0,Transfers
RAAST P2P MUHAMMAD BILAL,Muhammad Bilal,4500.0,Transfers
Fundraiser contribution #2394,Fundraiser 2394,16646.0,Charity & Donations
Investment deposit #1870,Broker 1870,51570.0,Financial Services
Raast Payment - YAHYA KHAN - SBP Raast,Yahya Khan,3440.0,Transfers
Clothing purchase #2256,Clothing Store 2256,11460.0,Shopping & Retail
Mobile top-up #2607,Telecom 2607,2786.0,Utilities & Services
Cab booking,Generic Store 812,3527.0,Ride Sharing / Taxi
Clothing purchase #8122,Clothing Store 8122,12855.0,Shopping & Retail
Salary credited #3968,Employer Payroll 3968,71409.0,Income
Home essentials,Online Merchant 606,354.0,Home Supplies / Household Items
Course enrollment,Online Merchant 701,12141.0,Education / Tuition
Bonus credited #9024,Employer Bonus 9024,19396.0,Income
Refund received #5415,Merchant Refund 5415,13488.0,Income
Doctor consultation #9250,Clinic 9250,2777.0,Healthcare & Medical
Loan repayment #9496,Loan Provider 9496,73583.0,Financial Services
Investment deposit #7882,Broker 7882,43413.0,Financial Services
Food delivery #9349,Delivery Service 9349,5819.0,Food & Dining
Streaming subscription #4861,Streaming Service 4861,2220.0,Entertainment & Recreation
Loan repayment #1403,Loan Provider 1403,22294.0,Financial Services
Bus fare #6832,Transit 6832,183.0,Transportation
Electricity bill,Online Merchant 167,16596.0,Electricity / Water / Gas
Streaming subscription #6109,Streaming Service 6109,1800.0,Entertainment & Recreation
Event booking #4492,Ticketing 4492,6931.0,Entertainment & Recreation
Internet bill payment #1244,ISP 1244,6411.0,Utilities & Services
Money Transfer - MUHAMMAD MEHRAB - 03060112129,Muhammad Mehrab,80.0,Transfers
Pharmacy purchase #4773,Pharmacy 4773,2777.0,Healthcare & Medical
Event booking #5399,Ticketing 5399,17787.0,Entertainment & Recreation
OGT/ed48bc24-fd84-4ecf- b5cb-c0f86857 PK,External Transfer,230.0,Transfers
Doctor consultation #1702,Clinic 1702,12438.0,Healthcare & Medical
Court fee #5642,Legal Service 5642,48591.0,Government & Legal
Online shopping #8528,E-commerce 8528,25808.0,Shopping & Retail
Mobile top-up #5264,Telecom 5264,3331.0,Utilities & Services
OGT/6e4db14e-db81-4dde- a471-81aebff0 PK,External Transfer,320.0,Transfers
Gym membership #6834,Gym 6834,11508.0,Entertainment & Recreation
Monthly streaming fee,Marketplace 843,21511.0,Subscriptions (Streaming / Apps)
Train pass,Marketplace 621,18785.0,Public Transport
Donation #5105,Charity 5105,5995.0,Charity & Donations
Vehicle maintenance,Service Provider 188,10840.0,Car Maintenance
Donation #1044,Charity 1044,45582.0,Charity & Donations
Card fee #2203,Bank 2203,883.0,Financial Services
Fresh produce purchase,Generic Store 794,42321.0,Groceries
Food court meal,Local Shop 392,48898.0,Restaurants / Eating Out
Tire replacement,Generic Store 977,15886.0,Car Maintenance
Court fee #4503,Legal Service 4503,24063.0,Government & Legal
Home essentials,Local Shop 664,5438.0,Home Supplies / Household Items
Prescription refill,Service Provider 759,42229.0,Medical / Pharmacy
Home supplies #9510,Retail Store 9510,12532.0,Shopping & Retail
Ride service fare,Marketplace 801,15135.0,Ride Sharing / Taxi
App subscription renewal,Local Shop 750,5130.0,Subscriptions (Streaming / Apps)
Loan repayment #3257,Loan Provider 3257,61497.0,Financial Services
Donation #3231,Charity 3231,16322.0,Charity & Donations
ICT/642df38a-36de-4437- a070-a39e5bf9 PK,External Transfer,90.0,Transfers
Electronics purchase #4467,Electronics Store 4467,19773.0,Shopping & Retail
Mutual fund contribution,Local Shop 911,27664.0,Savings / Investments
OGT/7047e2e5-a1fe-47a2- b5d4-aeb7b167 PK,External Transfer,200.0,Transfers
License fee #5574,Government 5574,44483.0,Government & Legal
Raast Payment - YAHYA KHAN - SBP Raast,Yahya Khan,460.0,Transfers
ICT/f2234409-5888-4d1d- 9d05-075aa216 PK,External Transfer,600.0,Transfers
Movie tickets #9348,Cinema 9348,645.0,Entertainment & Recreation
Refund received #9779,Merchant Refund 9779,10624.0,Income
Electricity bill payment #2578,Electric Company 2578,18627.0,Utilities & Services
Home essentials,Online Merchant 937,17308.0,Home Supplies / Household Items
Ride-share trip,Online Merchant 316,17047.0,Ride Sharing / Taxi
Zakat contribution #6782,Charity 6782,63265.0,Charity & Donations
Restaurant bill,Marketplace 577,25898.0,Restaurants / Eating Out
Raast Payment - YAHYA KHAN - SBP Raast,Yahya Khan,40.0,Transfers
OGT/46dea2da-8bc9-4ca8- a6fa-ef384ce8 PK,External Transfer,300.0,Transfers
Birthday celebration expense,Marketplace 499,38198.0,Gifts & Celebrations
Oil change,Local Shop 174,31023.0,Car Maintenance
ICT/06763671-bf58-4933- 8a64-d8e02da1 PK,External Transfer,280.0,Transfers
OGT/3f39b124-026b-47f3- 8d9c-0c13380c PK,External Transfer,9000.0,Transfers
ICT/c70d56d1-57e8-4ca1- 853c-548e9a45 PK,External Transfer,1000.0,Transfers
OGT/459bc927-23f1-4fa2- a2dd-9945d8fb PK,External Transfer,150.0,Transfers
Grocery shopping #1368,Grocery Store 1368,4607.0,Food & Dining
Coffee shop order,Local Shop 160,9917.0,Coffee & Snacks
Coffee purchase #5126,Cafe 5126,949.0,Food & Dining
Coffee purchase #2353,Cafe 2353,408.0,Food & Dining
Mobile top-up #7838,Telecom 7838,2735.0,Utilities & Services
Transit card recharge,Marketplace 435,42559.0,Public Transport
Train pass,Marketplace 883,48861.0,Public Transport
Card fee #5969,Bank 5969,1488.0,Financial Services
Vehicle maintenance #8039,Auto Service 8039,31901.0,Transportation
Clinic visit,Local Shop 338,48562.0,Medical / Pharmacy
House rent transfer,Service Provider 563,45286.0,Housing / Rent
Home supplies #4912,Retail Store 4912,3493.0,Shopping & Retail
Hotel reservation,Online Merchant 382,7751.0,Travel (Flights / Hotels)
ICT/6429a2c2-f6f2-4be2- a4c0-a3abe39f PK,External Transfer,260.0,Transfers
Donation #3715,Charity 3715,14140.0,Charity & Donations
Petrol purchase,Generic Store 388,17256.0,Fuel / Gas
Metro ticket,Online Merchant 460,3210.0,Public Transport
ICT/53cdc185-f881-43b7- a8dc-adab4db8 PK,External Transfer,200.0,Transfers
Fundraiser contribution #2271,Fundraiser 2271,20862.0,Charity & Donations
Transit card recharge,Marketplace 160,36723.0,Public Transport
Internet bill payment #2917,ISP 2917,12696.0,Utilities & Services
Coffee purchase #8788,Cafe 8788,160.0,Food & Dining
Pharmacy purchase #1036,Pharmacy 1036,2267.0,Healthcare & Medical
Petrol purchase,Online Merchant 550,14824.0,Fuel / Gas
Brokerage deposit,Local Shop 487,23457.0,Savings / Investments
Investment deposit,Local Shop 482,32372.0,Savings / Investments
Doctor consultation #1450,Clinic 1450,8608.0,Healthcare & Medical
Tire replacement,Local Shop 360,38006.0,Car Maintenance
Weekly groceries,Online Merchant 763,44928.0,Groceries
Vehicle maintenance #6062,Auto Service 6062,36500.0,Transportation
Bank charges #6017,Bank 6017,1334.0,Financial Services
Fundraiser contribution #4884,Fundraiser 4884,47871.0,Charity & Donations
ICT/7881eac6-e32b-4b24- bab5-2229bf18 PK,External Transfer,400.0,Transfers
Hotel reservation,Online Merchant 234,7732.0,Travel (Flights / Hotels)
Donation #7240,Charity 7240,10473.0,Charity & Donations
RAAST P2P MUHAMMAD ZUBAIR,Muhammad Zubair,700.0,Transfers
Policy renewal,Generic Store 347,14686.0,Insurance
Lab test payment #5150,Diagnostic Lab 5150,7987.0,Healthcare & Medical
Online shopping #5038,E-commerce 5038,7429.0,Shopping & Retail
Freelance payment received #6310,Client Payment 6310,59139.0,Income
Restaurant bill,Service Provider 122,15039.0,Restaurants / Eating Out
Event booking,Online Merchant 735,15115.0,Entertainment (Movies / Games / Events)
Money Transfer - YASIR - 03488465618,Yasir,90.0,Transfers
Refund received #8447,Merchant Refund 8447,17195.0,Income
Ride payment #9431,Ride-hailing 9431,6486.0,Transportation
Hospital charges #8613,Hospital 8613,78923.0,Healthcare & Medical
Streaming subscription,Marketplace 395,22221.0,Subscriptions (Streaming / Apps)
Event booking,Local Shop 681,30149.0,Entertainment (Movies / Games / Events)
ICT/80c6f37a-f58c-4a84- 810c-2ff4644b PK,External Transfer,3000.0,Transfers
Tuition fee payment,Online Merchant 943,14768.0,Education / Tuition
Court fee #4600,Legal Service 4600,4292.0,Government & Legal
Grocery shopping,Generic Store 146,20264.0,Groceries
Lab test payment #8744,Diagnostic Lab 8744,23542.0,Healthcare & Medical
Streaming subscription #4083,Streaming Service 4083,1459.0,Entertainment & Recreation
License fee #5357,Government 5357,5882.0,Government & Legal
Salary credited #1404,Employer Payroll 1404,147295.0,Income
Insurance premium,Local Shop 403,24120.0,Insurance
Fresh produce purchase,Service Provider 185,31131.0,Groceries
Online shopping #4111,E-commerce 4111,38819.0,Shopping & Retail
Coffee purchase #9268,Cafe 9268,177.0,Food & Dining
Pharmacy purchase #4084,Pharmacy 4084,4299.0,Healthcare & Medical
Restaurant bill #4118,Restaurant 4118,7753.0,Food & Dining
WHT Intl. Debit Card Txn AC- PKR1570300010445 GOOGLE *TEMPORARY HOLD g.co/helpp,Google,0.1,Fees
Traffic fine #4300,Government 4300,46906.0,Government & Legal
Restaurant bill #5285,Restaurant 5285,10374.0,Food & Dining
Traffic fine #5345,Government 5345,996.0,Government & Legal
Transit card recharge,Marketplace 214,17460.0,Public Transport
Travel agency payment,Generic Store 783,13275.0,Travel (Flights / Hotels)
Apartment rent,Service Provider 541,22114.0,Housing / Rent
ICT/0ee8d703-549f-4572- 808d-6e9cb33e PK,External Transfer,6000.0,Transfers
Restaurant bill #7948,Restaurant 7948,1706.0,Food & Dining
Insurance premium,Online Merchant 925,47212.0,Insurance
ICT/42bf1394-5de0-47bf- 9e45-c6066ac9 PK,External Transfer,550.0,Transfers
Electricity bill,Local Shop 397,35552.0,Electricity / Water / Gas
Electronics purchase #1215,Electronics Store 1215,8861.0,Shopping & Retail
Pharmacy purchase,Generic Store 782,12088.0,Medical / Pharmacy
Lab test payment #2869,Diagnostic Lab 2869,24028.0,Healthcare & Medical
RAAST P2P YAHYA KHAN,Yahya Khan,460.0,Transfers
Gym membership #5108,Gym 5108,5701.0,Entertainment & Recreation
Bank charges #5794,Bank 5794,1363.0,Financial Services
Event booking #9099,Ticketing 9099,1318.0,Entertainment & Recreation
Insurance premium,Generic Store 451,27807.0,Insurance
Fundraiser contribution #8311,Fundraiser 8311,41565.0,Charity & Donations
Utility charges,Online Merchant 598,28985.0,Electricity / Water / Gas
OGT/f1463f7a-1079-40c6- 8b75-d8b2ee8d PK,External Transfer,800.0,Transfers
Mobile package,Service Provider 971,45584.0,Mobile & Internet
Salary credited #7720,Employer Payroll 7720,192056.0,Income
Card fee #2493,Bank 2493,346.0,Financial Services
Pharmacy purchase,Local Shop 689,22341.0,Medical / Pharmacy
License fee #4849,Government 4849,49553.0,Government & Legal
Clothes shopping,Service Provider 812,31357.0,Shopping (Clothes / Electronics)
Movie tickets #6898,Cinema 6898,3066.0,Entertainment & Recreation
Oil change,Generic Store 331,4841.0,Car Maintenance
Tax payment #9139,Government 9139,23214.0,Government & Legal
Trip expenses,Generic Store 212,34157.0,Travel (Flights / Hotels)
Ride-share trip,Service Provider 316,45503.0,Ride Sharing / Taxi
Dinner at restaurant,Local Shop 104,47590.0,Restaurants / Eating Out
Investment deposit #1304,Broker 1304,40375.0,Financial Services
Restaurant bill #8024,Restaurant 8024,6749.0,Food & Dining
NETFLIX.COM Singapore SGP,Netflix,288.63,Subscriptions
Restaurant bill,Marketplace 540,43762.0,Restaurants / Eating Out
Fuel refill,Local Shop 864,38753.0,Fuel / Gas
Loan repayment #1741,Loan Provider 1741,79478.0,Financial Services
Raast Payment - PK32JCMA0010103105452638,Pk32Jcma0010103105452638,320.0,Transfers
Online shopping #2180,E-commerce 2180,14182.0,Shopping & Retail
Vehicle maintenance #4196,Auto Service 4196,12511.0,Transportation
Food court meal,Online Merchant 906,19377.0,Restaurants / Eating Out
ICT/6a101882-6619-4d8a- 9edf-a732dfa5 PK,External Transfer,120.0,Transfers
Vehicle maintenance #3007,Auto Service 3007,29168.0,Transportation
Service subscription,Local Shop 620,11229.0,Subscriptions (Streaming / Apps)
Mobile top-up #7945,Telecom 7945,3081.0,Utilities & Services
Service subscription,Local Shop 850,22070.0,Subscriptions (Streaming / Apps)
Money Transfer - ABDUR RASHEED - 03345005977,Abdur Rasheed,150.0,Transfers
Coffee purchase #1325,Cafe 1325,1378.0,Food & Dining
CWD/IBD G_13 IBD G_13 ISLAMABAD PK ISLAMABAD PAK,Ibd G_,10035.0,Cash Withdrawal
Grocery shopping #8708,Grocery Store 8708,10651.0,Food & Dining
OGT/ff4a69bf-3892-494c- 8f59-59dc78a9 PK,External Transfer,300.0,Transfers
Gift purchase,Local Shop 505,7868.0,Gifts & Celebrations
Gadget order,Marketplace 314,21971.0,Shopping (Clothes / Electronics)
Raast Payment - PK30NBPA2239004139737101,Pk30Nbpa2239004139737101,20.0,Transfers
Gym membership #3145,Gym 3145,14336.0,Entertainment & Recreation
Bus fare #6747,Transit 6747,428.0,Transportation
Internet bill payment #6071,ISP 6071,5143.0,Utilities & Services
OGT/1a465af1-8b9a-44e8- 926d-0ce653fa PK,External Transfer,150.0,Transfers
OGT/41c93fe2-aa72-4d4a- a7cf-d5d3702d PK,External Transfer,350.0,Transfers
Electronics purchase,Generic Store 664,35285.0,Shopping (Clothes / Electronics)
Tax payment #3223,Government 3223,82058.0,Government & Legal
Restaurant bill #8698,Restaurant 8698,11944.0,Food & Dining
Lab test payment #5254,Diagnostic Lab 5254,2563.0,Healthcare & Medical
Streaming subscription #4526,Streaming Service 4526,1389.0,Entertainment & Recreation
Cab booking,Local Shop 871,19815.0,Ride Sharing / Taxi
Party supplies,Service Provider 796,49845.0,Gifts & Celebrations
Home essentials,Online Merchant 298,47467.0,Home Supplies / Household Items
Electricity bill payment #5944,Electric Company 5944,8760.0,Utilities & Services
Food delivery #2464,Delivery Service 2464,2910.0,Food & Dining
RAAST P2P ABDUR RASHEED,Abdur Rasheed,280.0,Transfers
Food court meal,Service Provider 599,32492.0,Restaurants / Eating Out
Water bill payment #8012,Water Utility 8012,4272.0,Utilities & Services
Bus fare #8621,Transit 8621,140.0,Transportation
License fee #4518,Government 4518,42339.0,Government & Legal
Pharmacy purchase #5658,Pharmacy 5658,2761.0,Healthcare & Medical
PUR/APPLE.COM/BILL Hollyhill Estate CORK UNKNOWN IR IRL,Apple.Com/Bill Hollyhill Estate Cork Unknown Ir Irl,154.71,Bills
Coffee purchase #8212,Cafe 8212,1474.0,Food & Dining
Card fee #6684,Bank 6684,1277.0,Financial Services
Refund received #7247,Merchant Refund 7247,18565.0,Income
Service subscription,Generic Store 427,25411.0,Subscriptions (Streaming / Apps)
Coffee purchase #3115,Cafe 3115,671.0,Food & Dining
Investment deposit #6275,Broker 6275,175974.0,Financial Services
Investment deposit #9549,Broker 9549,151906.0,Financial Services
Loan repayment #2119,Loan Provider 2119,69183.0,Financial Services
Ride payment #3808,Ride-hailing 3808,3833.0,Transportation
Fuel refill,Generic Store 382,22577.0,Fuel / Gas
Water utility bill,Local Shop 818,45962.0,Electricity / Water / Gas
Clothing purchase #8384,Clothing Store 8384,11265.0,Shopping & Retail
Online shopping #5480,E-commerce 5480,14789.0,Shopping & Retail
Netflix.com Los Gatos SGP,Netflix,268.47,Subscriptions
Mobile top-up #9187,Telecom 9187,3288.0,Utilities & Services
ICT/bd559668-f3a2-4960- b2d1-9b9074c7 PK,External Transfer,16555.0,Transfers
Internet bill payment #9468,ISP 9468,2030.0,Utilities & Services
Loan repayment #7234,Loan Provider 7234,44356.0,Financial Services
ICT/5de41d32-0c93-44fc- 924e-7ce5f6c3 PK,External Transfer,3500.0,Transfers
Fundraiser contribution #6369,Fundraiser 6369,38375.0,Charity & Donations
Tea and pastry,Local Shop 854,7728.0,Coffee & Snacks
Monthly streaming fee,Generic Store 534,20878.0,Subscriptions (Streaming / Apps)
Electricity bill payment #2759,Electric Company 2759,4733.0,Utilities & Services
Data recharge,Marketplace 234,25885.0,Mobile & Internet
Electricity bill payment #9735,Electric Company 9735,6199.0,Utilities & Services
Tax payment #6073,Government 6073,83775.0,Government & Legal
Movie tickets #8192,Cinema 8192,3775.0,Entertainment & Recreation
Event booking #6861,Ticketing 6861,6909.0,Entertainment & Recreation
Mobile top-up #6639,Telecom 6639,2068.0,Utilities & Services
Hospital charges #2142,Hospital 2142,32278.0,Healthcare & Medical
Grocery shopping #6091,Grocery Store 6091,5393.0,Food & Dining
Event booking #3392,Ticketing 3392,19715.0,Entertainment & Recreation
Zakat contribution #6607,Charity 6607,173764.0,Charity & Donations
Loan repayment #2737,Loan Provider 2737,30688.0,Financial Services
Hospital charges #6971,Hospital 6971,28793.0,Healthcare & Medical
OGT/3531562d-31af-460c- 865e-e317db9e PK,External Transfer,20.0,Transfers
Gym membership #4983,Gym 4983,7874.0,Entertainment & Recreation
Event booking #4728,Ticketing 4728,13956.0,Entertainment & Recreation
Pharmacy purchase #2684,Pharmacy 2684,5352.0,Healthcare & Medical
Gym membership #3586,Gym 3586,3070.0,Entertainment & Recreation
ICT/d232e88a-19b5-4565- 8fdf-2865b9df PK,External Transfer,50.0,Transfers
Electricity bill payment #3975,Electric Company 3975,10890.0,Utilities & Services
Salary credited #8591,Employer Payroll 8591,214169.0,Income
Bonus credited #6705,Employer Bonus 6705,19079.0,Income
App subscription renewal,Marketplace 102,47848.0,Subscriptions (Streaming / Apps)
Donation #1359,Charity 1359,20983.0,Charity & Donations
License fee #2949,Government 2949,3846.0,Government & Legal
ICT/1d9991c2-d72e-487a- 996f-2369ebee PK,External Transfer,250.0,Transfers
Gym membership #6567,Gym 6567,9258.0,Entertainment & Recreation
Electronics purchase,Service Provider 597,14147.0,Shopping (Clothes / Electronics)
Monthly rent payment,Generic Store 257,29423.0,Housing / Rent
Coffee purchase,Service Provider 994,42789.0,Coffee & Snacks
Doctor consultation #6970,Clinic 6970,3742.0,Healthcare & Medical
Mutual fund contribution,Local Shop 736,26013.0,Savings / Investments
Ride-share trip,Generic Store 449,13744.0,Ride Sharing / Taxi
Court fee #3950,Legal Service 3950,13384.0,Government & Legal
Hospital charges #2556,Hospital 2556,6697.0,Healthcare & Medical
Raast Payment - YAHYA KHAN - SBP Raast,Yahya Khan,650.0,Transfers
Fuel purchase #7298,Petrol Pump 7298,7555.0,Transportation
Mobile top-up #7866,Telecom 7866,4378.0,Utilities & Services
Investment deposit #8776,Broker 8776,167624.0,Financial Services
Investment deposit #7448,Broker 7448,142922.0,Financial Services
Gas bill payment,Service Provider 795,13438.0,Electricity / Water / Gas
Bus fare,Online Merchant 920,13114.0,Public Transport
Electronics purchase #6116,Electronics Store 6116,18682.0,Shopping & Retail
Coffee shop order,Online Merchant 781,35908.0,Coffee & Snacks
Mobile top-up #6139,Telecom 6139,2903.0,Utilities & Services
Electricity bill,Service Provider 169,30080.0,Electricity / Water / Gas
Car service,Local Shop 100,32344.0,Car Maintenance
Mobile top-up #8136,Telecom 8136,1064.0,Utilities & Services
Money Transfer - ALI JAN - 03334852549,Ali Jan,400.0,Transfers
Weekly groceries,Service Provider 973,20649.0,Groceries
Lunch outing,Service Provider 785,30730.0,Restaurants / Eating Out
Coffee shop order,Generic Store 518,48550.0,Coffee & Snacks
Streaming subscription #3279,Streaming Service 3279,2620.0,Entertainment & Recreation
